(つわもの)のエネミー追加出現率アップ
(つわもの)出現率アップ
(偽)エネミー出現度アップ
(真)エネミー出現度アップ
---
0
0100000010
0100000011
0100000110
0100000111
0100000210
0100000211
0100000310
0100000311
0100000320
0100000330
0100000331
0100000410
0100000421
0100000510
0100000520
0100000521
0100000610
0100000611
0100000620
0100000621
0100000630
0100000631
0100000810
0100000840
0100000841
0100000850
0100000930
0100000931
0100001030
0100001110
0100001111
0100010010
0100010110
0100010111
0100010210
0100010220
0100010221
0100010310
0100010320
0100010321
0100010410
0100010411
0100010420
0100010421
0100010510
0100010511
0100010520
0100010521
0100010530
0100010531
0100010540
0100010541
0100010610
0100010611
0100010620
0100010621
0100010630
0100010640
0100010650
0100010651
0100010710
0100010711
0100010720
0100010730
0100010740
0100010750
0100010751
0100010810
0100010820
0100010830
0100010831
0100010840
0100010841
0100010910
0100010911
0100010920
0100010921
0100011010
0100011020
0100011030
0100011040
0100011041
0100011050
0100011051
0100011110
0100011111
0100011120
0100011121
0100011130
0100011131
0100011141
0100011210
0100011220
0100011230
0100011231
0100011310
0100011311
0100011320
0100011321
0100011330
0100011331
0100011340
0100011341
0100011410
0100011420
0100011430
0100011440
0100011441
0100011510
0100011520
0100011521
0100011530
0100011531
0100020010
0100020110
0100020111
0100020210
0100020220
0100020221
0100020310
0100020320
0100020330
0100020340
0100020341
0100020410
0100020411
0100020420
0100020421
0100020510
0100020520
0100020521
0100020610
0100020620
0100020621
0100020710
0100020711
0100020720
0100020730
0100020740
0100020741
0100020810
0100020820
0100020821
0100020910
0100020911
0100020920
0100020930
0100020940
0100020941
0100020950
0100020951
0100021010
0100021020
0100021021
0100021030
0100021031
0100021040
0100021041
0100021110
0100021120
0100021130
0100021131
0100021140
0100021141
0100021150
0100021151
0100021210
0100021220
0100021221
0100021310
0100021320
0100021321
0100021410
0100021420
0100021421
0100021430
0100021431
0100021510
0100021520
0100021521
0100021530
0100021531
0100030010
0100030110
0100030111
0100030210
0100030211
0100030220
0100030221
0100030230
0100030231
0100030310
0100030311
0100030320
0100030321
0100030330
0100030331
0100030410
0100030411
0100030420
0100030421
0100030430
0100030431
0100030440
0100030441
0100030450
0100030451
0100030510
0100030511
0100030520
0100030530
0100030531
0100030540
0100030541
0100030610
0100030620
0100030621
0100030630
0100030631
0100030640
0100030650
0100030651
0100030710
0100030711
0100030720
0100030721
0100030730
0100030810
0100030811
0100030820
0100030821
0100030830
0100030831
0100030910
0100030911
0100030920
0100030921
0100030930
0100030940
0100030941
0100031010
0100031011
0100031020
0100031030
0100031040
0100031041
0100031050
0100031051
0100031110
0100031111
0100031121
0100031131
0100031140
0100031141
0100031210
0100031220
0100031221
0100031231
0100031310
0100031311
0100031320
0100031330
0100031340
0100031341
0100031410
0100031411
0100031420
0100031421
0100031430
0100031431
0100040010
0100040110
0100040111
0100040210
0100040220
0100040221
0100040230
0100040240
0100040250
0100040251
0100040310
0100040320
0100040330
0100040340
0100040341
0100040410
0100040420
0100040421
0100040431
0100040440
0100040450
0100040451
0100040510
0100040521
0100040531
0100040540
0100040541
0100040610
0100040621
0100040631
0100040640
0100040641
0100040710
0100040720
0100040730
0100040731
0100040810
0100040820
0100040821
0100040830
0100040840
0100040850
0100040851
0100040910
0100040911
0100040920
0100041010
0100041011
0100041020
0100041031
0100041041
0100041050
0100041051
0100041110
0100041120
0100041130
0100041140
0100041141
0100041210
0100041220
0100041230
0100041240
0100041241
0100041310
0100041321
0100041330
0100041331
0100041340
0100041341
0100041350
0100041351
0100050010
0100050110
0100050120
0100050121
0100050210
0100050220
0100050230
0100050240
0100050241
0100050310
0100050321
0100050410
0100050420
0100050421
0100050510
0100050511
0100050520
0100050521
0100050610
0100050611
0100050710
0100050711
0100050720
0100050730
0100050731
0100050810
0100050820
0100050821
0100050830
0100050831
0100050910
0100050911
0100051010
0100051020
0100051021
0100051030
0100051031
0100051110
0100051111
0100051120
0100051121
0100051130
0100051140
0100051141
0100051210
0100051220
0100051230
0100051240
0100051250
0100051251
0100051310
0100051320
0100051330
0100051340
0100051350
0100051351
0100051410
0100051420
0100051510
0100051520
0100051521
0100051530
0100051531
0100051610
0100051620
0100051630
0100051631
0100051710
0100051720
0100051810
0100051820
0100051830
0100051831
0100051840
0100051910
0100051920
0100051921
0100052010
0100052020
0100052021
0100052110
0100052120
0100052121
0100052130
0100052131
0100052210
0100052220
0100052221
0100052230
0100052231
0100052240
0100052241
0100060010
0100060110
0100060120
0100060121
0100060210
0100060220
0100060230
0100060231
0100060310
0100060320
0100060321
0100060410
0100060411
0100060420
0100060510
0100060610
0100060611
0100060620
0100060621
0100060631
0100060710
0100060711
0100060720
0100060730
0100060731
0100060740
0100060750
0100060751
0100060810
0100060811
0100060820
0100060830
0100060831
0100060910
0100060911
0100061010
0100061011
0100061020
0100061031
0100061040
0100061041
0100061110
0100061120
0100061130
0100061140
0100061141
0100061210
0100061310
0100061320
0100061330
0100061331
0100061410
0100061420
0100061421
0100061430
0100061440
0100061441
0100061510
0100061511
0100061610
0100061611
0100061620
0100061621
0100061710
0100061720
0100061721
0100061810
0100061811
0100061820
0100061821
0100061910
0100061920
0100061921
0100061930
0100061940
0100061950
0100061951
0100062010
0100062110
0100062111
0100062210
0100062211
0100062220
0100062221
0100062310
0100062311
0100062320
0100062321
0100062330
0100062331
0100062340
0100062341
0100062410
0100062411
0100062510
0100062511
0100062520
0100062521
0100062610
0100062611
0100062620
0100062630
0100062640
0100062641
0100062710
0100062711
0100062810
0100062811
0100062820
0100062821
0100062910
0100062920
0100063010
0100063011
0100063020
0100063021
0100063110
0100063111
0100063120
0100063121
0100063130
0100063131
0100063210
0100063211
0100070010
0100070110
0100070120
0100070130
0100070131
0100070140
0100070141
0100070211
0100070220
0100070230
0100070231
0100070240
0100070250
0100070310
0100070320
0100070321
0100070410
0100070420
0100070421
0100070430
0100070431
0100070440
0100070441
0100070450
0100070460
0100070461
0100070510
0100070511
0100070521
0100070530
0100070531
0100070540
0100070541
0100070610
0100070611
0100070620
0100070621
0100070710
0100070720
0100070730
0100070740
0100070741
0100070810
0100070820
0100070821
0100070830
0100070910
0100070920
0100070921
0100070930
0100070931
0100071010
0100071020
0100071021
0100071030
0100071031
0100071040
0100071041
0100071110
0100071120
0100071130
0100071140
0100071210
0100071220
0100071221
0100071230
0100071240
0100071250
0100071310
0100071320
0100071321
0100071331
0100071410
0100071420
0100071430
0100071440
0100071450
0100071460
0100071470
0100071510
0100071511
0100071520
0100071521
0100071530
0100071531
0100071541
0100071550
0100071551
0100071560
0100071561
0100071610
0100071611
0100071710
0100071711
0100071720
0100071721
0100071730
0100071740
0100071741
0100071810
0100071820
0100071821
0100071830
0100071840
0100071850
0100071851
0100071860
0100071910
0100071920
0100072010
0100072020
0100072030
0100072040
0100072050
0100072051
0100072060
0100072070
0100072071
0100072110
0100072120
0100072130
0100072140
0100072150
0100072151
0100072160
0100072161
0100072210
0100080010
0100080110
0100080111
0100080210
0100080240
0100080310
0100080410
0100080510
0100080610
0100080710
0100080810
0100080910
0100081010
0100081110
0100081210
0100081310
0100081410
0100081510
0100081610
0100081710
0100081810
0100081820
0100081821
0100081910
0100081911
0100081913
0100081920
0100081922
0100082010
0100082110
0100082111
0100082211
01：「サイタマから始めよう」
0200010010
0200010110
0200010111
0200010210
0200010211
0200010310
0200010311
0200010410
0200010420
0200010421
0200010510
0200010511
0200010610
0200010620
0200010621
0200010710
0200010711
0200010810
0200010820
0200010821
0200010910
0200010920
0200010921
0200011010
0200011020
0200011021
0200011110
0200011111
0200011210
0200011220
0200011230
0200011231
0200011310
0200011311
0200011410
0200011411
0200011510
0200011511
0200011610
0200011620
0200011630
0200011640
0200011641
0200011710
0200011720
0200011721
0200011810
0200011811
0200020010
0200020110
0200020120
0200020121
0200020210
0200020211
0200020310
0200020320
0200020330
0200020331
0200020410
0200020420
0200020430
0200020431
0200020510
0200020511
0200020610
0200020611
0200020620
0200020630
0200020640
0200020641
0200020710
0200020711
0200020810
0200020811
0200020820
0200020830
0200020831
0200020840
0200020850
0200020860
0200020861
0200020870
0200020910
0200020911
0200021010
0200021020
0200021030
0200021031
0200021110
0200021120
0200021130
0200021140
0200021141
0200021150
0200021160
0200021170
0200021171
0200021210
0200021220
0200021221
0200021230
0200021310
0200021320
0200021321
0200021410
0200021420
0200021421
0200021510
0200021610
0200021620
0200021621
0200021630
0200021640
0200021650
0200021660
0200030010
0200030110
0200030111
0200030120
0200030121
0200030210
0200030211
0200030220
0200030310
0200030311
0200030320
0200030321
0200030330
0200030340
0200030341
0200030410
0200030420
0200030421
0200030510
0200030511
0200030520
0200030530
0200030540
0200030541
0200030610
0200030620
0200030621
0200030630
0200030640
0200030641
0200030710
0200030711
0200030810
0200030811
0200030820
0200030830
0200030831
0200030910
0200030920
0200030921
0200030930
0200030940
0200030941
0200031010
0200031020
0200031030
0200031031
0200031110
0200031120
0200031121
0200031130
0200031131
0200031210
0200031220
0200031230
0200031231
0200031240
0200031310
0200031320
0200031321
0200031410
0200031411
0200031420
0200031421
0200031430
0200031431
0200031440
0200031441
0200031450
0200031460
0200031461
0200031510
0200031520
0200031521
0200031530
0200031531
0200031540
0200031541
0200031550
0200031610
0200031620
0200040010
0200040110
0200040111
0200040120
0200040130
0200040140
0200040150
0200040151
0200040160
0200040210
0200040220
0200040230
0200040240
0200040241
0200040250
0200040260
0200040270
0200040271
0200040310
0200040320
0200040330
0200040340
0200040341
0200040410
0200040420
0200040430
0200040440
0200040450
0200040451
0200040460
0200040461
0200040510
0200040520
0200040521
0200040530
0200040531
0200040540
0200040550
0200040560
0200040561
0200040610
0200040710
0200040711
0200040810
0200040820
0200040830
0200040840
0200040841
0200040910
0200041010
0200041110
0200041111
0200041120
0200041130
0200041140
0200041141
02：「アットホームな職場です」
0300000110
0300000210
0300000310
0300000410
0300000411
0300000510
0300000610
0300000611
0300000710
0300000711
0300000810
0300010010
0300010110
0300010210
0300010220
0300010230
0300010231
0300010310
0300010320
0300010321
0300010410
0300010420
0300010421
0300010510
0300010520
0300010521
0300010610
0300010710
0300010711
0300010720
0300010721
0300010730
0300010810
0300010910
0300010911
0300011010
0300011011
0300011020
0300011030
0300011031
0300011040
0300011110
0300011120
0300011121
0300011210
0300011211
0300011310
0300011320
0300011330
0300011331
0300011410
0300011420
0300011421
0300011430
0300011431
0300011510
0300011520
0300011521
0300011610
0300011611
0300011710
0300011711
0300011720
0300011721
0300011810
0300011840
0300011841
0300011910
0300011911
0300011920
0300011921
0300012010
0300012011
0300012020
0300012110
0300012120
0300012130
0300012131
0300012210
0300012220
0300012230
0300012310
0300012311
0300012320
0300012330
0300012331
0300012340
0300012341
0300020010
0300020110
0300020210
0300020220
0300020230
0300020231
0300020310
0300020311
0300020320
0300020321
0300020330
0300020410
0300020420
0300020430
0300020440
0300020441
0300020450
0300020460
0300020461
0300020471
0300020510
0300020520
0300020530
0300020540
0300020541
0300020550
0300020551
0300020610
0300020611
0300020621
0300020710
0300020711
0300020720
0300020730
0300020740
0300020741
0300020810
0300020820
0300020821
0300020831
0300020840
0300020841
0300020910
0300020920
0300020930
0300020931
0300021010
0300021020
0300021021
0300021030
0300021031
0300021041
0300021110
0300021120
0300021130
0300021131
0300021210
0300021211
0300021221
0300021240
0300021250
0300021251
0300021310
0300021320
0300021321
0300021330
0300021340
0300021341
0300021350
0300021351
0300021410
0300021420
0300021421
0300021510
0300021520
0300021530
0300021531
0300021540
0300021541
0300021610
0300021620
0300021630
0300021640
0300021650
0300021710
0300021711
0300021720
0300021730
0300021810
0300021821
0300021830
0300030010
0300030110
0300030210
0300030310
0300030410
0300030510
0300030511
0300030520
0300030521
0300030610
0300030611
0300030620
0300030621
0300030710
0300030711
0300030810
0300030811
0300030820
0300030821
0300030830
0300030840
0300030841
0300030850
0300030851
0300030910
0300031010
0300031011
0300031020
0300031021
0300031110
0300031111
0300031210
0300031310
0300031320
0300031330
0300031331
0300031410
0300031411
0300031420
0300031430
0300031431
0300031510
0300031520
0300031521
0300031530
0300031531
0300031611
0300031620
0300031710
0300031720
0300031721
0300031730
0300031731
0300031740
0300031741
0300031810
0300031820
0300031830
0300031840
0300031841
0300031910
0300031920
0300031930
0300031931
0300032010
0300032020
0300032030
0300032040
0300032041
0300040110
0300040210
0300040310
0300040320
0300040321
0300040330
0300040340
0300040341
0300040350
0300040360
0300040410
0300040411
0300040420
0300040421
0300040430
0300040431
0300040440
0300040441
0300040510
0300040520
0300040530
0300040540
0300040541
0300040610
0300040620
0300040621
0300040630
0300040710
0300040810
0300040820
0300040830
0300040840
0300040910
0300040920
0300040921
0300040930
0300041010
0300041011
0300041110
0300041120
0300041121
0300041130
0300041210
0300041220
0300041230
0300041231
0300041240
0300041241
0300041250
0300041251
0300041310
0300041320
0300041321
0300041330
0300041340
0300041350
0300041360
0300041410
0300041411
0300041420
0300041421
0300041430
0300041431
0300041440
0300041441
0300041450
0300041451
0300041510
0300041520
0300041610
0300041620
0300041630
0300041710
0300041720
0300041721
0300041810
0300041820
0300041830
0300041840
0300041841
0300041850
0300041860
0300041910
0300041920
0300041930
0300041931
0300042010
0300042011
0300042020
0300042030
0300042040
0300042041
0300042050
0300042060
0300042110
0300042120
0300050010
0300050110
0300050210
0300050310
0300050410
0300050420
0300050510
0300050520
0300050530
0300050531
0300050540
0300050610
0300050611
0300050620
0300050621
0300050630
0300050631
0300050640
0300050710
0300050720
0300050730
0300050731
0300050811
0300050820
0300050821
0300050910
0300050911
0300050920
0300050921
0300050930
0300050931
0300051010
0300051020
0300051021
0300051110
0300051111
0300051210
0300051220
0300051221
0300051310
0300051320
0300051321
0300051410
0300051420
0300051421
0300051430
0300051431
0300051440
0300051510
0300051520
0300051521
0300051530
0300051531
0300051540
0300051550
0300051610
0300051611
0300051620
0300051630
0300051640
0300051641
0300051710
0300051720
0300051721
0300051730
0300051731
0300051740
0300051810
0300051811
0300051820
0300051910
0300051911
0300051920
0300051921
0300051930
0300052030
0300052031
0300052040
0300052050
0300052051
0300052110
0300052111
0300052210
0300052211
0300052220
0300052221
0300052230
0300052310
0300052320
0300052410
0300052420
0300052510
0300052520
0300052521
0300052610
0300052611
0300052620
0300052630
0300052640
0300052641
0300052650
0300052651
0300052710
0300052720
0300052721
0300052730
0300052731
0300052810
0300052911
0300052920
0300052930
0300053010
0300053020
0300053021
0300053030
0300053040
0300053041
0300053050
0300053110
0300053111
0300053120
0300053121
0300053130
0300060110
0300060120
0300060130
0300060210
0300060211
0300060221
0300060231
0300060310
0300060320
0300060330
0300060331
0300060340
0300060410
0300060420
0300060510
0300060520
0300060530
0300060540
0300060550
0300060551
0300060610
0300060620
0300060630
0300060640
0300060650
0300060651
0300060710
0300060720
0300060721
0300060730
0300060740
0300060810
0300060910
0300060920
0300060930
0300061010
0300061020
0300061110
0300061111
0300061121
0300061210
0300061221
0300061230
0300061240
0300061310
0300061320
0300061321
0300061410
0300061420
0300061421
0300061430
0300061510
0300061511
0300061520
0300061530
0300061610
0300061620
0300061631
0300061710
0300061720
0300061810
0300061820
0300061821
0300061830
0300061831
0300061910
0300061920
0300061921
0300061930
0300061940
0300061941
0300062010
0300062021
0300062110
0300062111
0300062131
0300062140
0300062210
0300062220
0300062230
0300062231
0300062310
0300062320
0300062330
0300062410
0300062420
0300062430
0300062431
0300062510
0300062520
0300062610
0300062710
0300062720
0300062721
0300062810
0300062820
0300062830
0300070010
0300070110
0300070120
0300070130
0300070131
0300070140
0300070141
0300070210
0300070220
0300070230
0300070231
0300070310
0300070320
0300070330
0300070341
0300070410
0300070421
0300070430
0300070440
0300070450
0300070451
0300070510
0300070520
0300070530
0300070531
0300070540
0300070541
0300070550
0300070610
0300070620
0300070630
0300070631
0300070640
0300070650
0300070710
0300070720
0300070721
0300070730
0300070731
0300070810
0300070820
0300070830
0300070910
0300070920
0300070930
0300070931
0300070941
0300071010
0300071020
0300071030
0300071110
0300071120
0300071121
0300071130
0300071140
0300071210
0300071220
0300071230
0300071240
0300071310
0300071320
0300071330
0300071331
0300071340
0300071410
0300071420
0300071431
0300071440
0300071510
0300071520
0300071610
0300071620
0300080010
0300080110
0300080120
0300080121
0300080130
0300080140
0300080141
0300080150
0300080151
0300080160
0300080161
0300080170
0300080210
0300080310
0300080320
0300080321
0300080330
0300080340
0300080410
0300080411
0300080420
0300080430
0300080431
0300080440
0300080450
0300080460
0300080461
0300080470
0300080471
0300080510
0300080610
0300080611
0300080620
0300080621
0300080630
0300080640
0300080650
0300080660
0300080710
0300080720
0300080721
0300080730
0300080810
0300080811
0300080820
0300080821
0300080830
0300080841
0300080910
0300080920
0300080930
0300080940
0300080941
0300080950
0300080960
0300080970
0300081010
0300081021
0300081031
0300081040
0300081041
0300081051
0300081110
0300081120
0300081130
0300081141
0300081150
0300081160
0300081170
0300081180
0300081190
0300090010
0300090110
0300090120
0300090121
0300090131
0300090140
0300090150
0300090160
0300090170
0300090210
0300090211
0300090220
0300090221
0300090231
0300090240
0300090241
0300090250
0300090260
0300090270
0300090310
0300090320
0300090330
0300090340
0300090341
0300090350
0300090410
0300090510
0300090511
0300090521
0300090540
0300090541
0300090550
0300090551
0300090560
0300090570
0300090571
0300090580
0300090590
0300090610
0300090710
0300090720
0300090721
0300090731
0300090740
0300090750
0300090810
0300090820
0300090821
0300090831
0300090840
0300090850
0300090851
0300090860
0300090861
0300090870
0300090880
0300090910
0300091010
0300091021
0300091030
0300091040
0300091041
0300091050
0300091060
0300091110
0300091111
0300091120
0300091130
0300091140
0300091150
0300091210
0300091310
0300091311
0300091321
0300091330
0300091331
0300091340
0300091341
0300091350
0300091351
0300091360
0300091370
0300091410
0300091510
0300091520
0300091521
0300091530
0300091550
0300091560
0300091561
0300091570
0300091580
0300091610
0300091611
0300091620
0300091630
0300091640
0300091650
0300091651
0300091660
0300091670
0300091671
0300091710
0300091720
0300091730
0300091731
0300091740
0300091741
0300091750
0300091751
0300091760
0300091761
0300091770
0300091810
0300091820
0300091821
0300091830
0300091831
0300091840
0300091910
0300091920
0300091930
0300091940
0300091950
0300091960
0300092010
0300092020
0300092021
0300092030
0300092031
0300092040
0300092041
0300092050
0300092060
0300092061
0300092070
0300100010
0300100110
0300100210
0300100220
0300100230
0300100240
0300100310
0300100311
0300100320
0300100321
0300100330
0300100340
0300100341
0300100350
0300100360
0300100410
0300100420
0300100421
0300100510
0300100520
0300100521
0300100530
0300100541
0300100551
0300100560
0300100570
0300100610
0300100710
0300100720
0300100721
0300100730
0300100740
0300100750
0300100760
0300100761
0300100770
0300100780
0300100790
0300100810
0300100820
0300100830
0300100840
0300100910
0300110010
0300110110
0300120010
0300120110
0300120120
0300120210
0300120211
0300120310
0300120410
0300120420
0300120421
0300120510
0300120511
0300120610
0300120621
0300120710
0300120720
0300120721
0300120730
0300120740
0300120750
0300120751
0300120760
0300120761
0300120770
0300120771
0300120780
0300120781
0300120790
0300120810
0300120820
0300120910
0300120911
0300120920
0300120930
0300120931
0300120940
0300120941
0300121010
0300121020
0300121021
0300121030
0300121031
0300121110
0300121120
0300121121
0300121210
0300121220
0300121221
0300121231
0300121240
0300121241
0300121310
0300121320
0300121321
0300121330
0300121340
0300121410
0300121420
0300121430
0300121440
0300121450
0300121460
0300121470
0300121471
0300121510
0300121511
0300121520
0300121521
0300121610
0300121620
0300121621
0300121630
0300121710
0300121720
0300121730
0300121740
0300121741
0300121750
0300121751
0300121760
0300121810
0300121811
0300121820
0300121910
0300121920
0300121930
0300121931
0300121940
0300121941
0300121950
0300122010
0300122011
0300122020
0300122021
0300122031
0300122040
0300122050
0300122060
0300122061
0300122070
0300122080
0300122110
0300122120
0300122130
0300122131
0300122210
0300122220
0300129741
0300129841
0300129921
0300130010
0300130110
0300130120
0300130130
0300130210
0300130220
0300130230
0300130231
0300130240
0300130250
0300130260
0300130261
0300130270
0300130310
0300130320
0300130321
0300130330
0300130331
0300130340
0300130350
0300130351
0300130360
0300130361
0300130410
0300130411
0300130420
0300130421
0300130430
0300130440
0300130441
0300130510
0300130520
0300130521
0300130530
0300130540
0300130541
0300130550
0300130611
0300130620
0300130630
0300130640
0300130650
0300130710
0300130711
0300130810
0300130811
0300130820
0300130821
0300130830
0300130840
0300130850
0300130910
0300130920
0300130921
0300130930
0300130931
0300130940
0300130950
0300130951
0300131011
0300131020
0300131030
0300131040
0300131041
0300131110
0300131120
0300131130
0300131140
0300131141
0300131150
0300131151
0300131160
0300131210
0300131220
0300131230
0300131231
0300131240
0300131241
0300131250
0300131251
0300131261
0300131270
0300131310
0300131410
0300131420
0300131421
0300131430
0300131431
0300131440
0300131441
0300131450
0300131460
0300131510
0300131511
0300131520
0300131530
0300131531
0300131540
0300131550
0300131551
0300131560
0300131561
0300131570
0300131580
0300131581
0300131610
0300131611
0300131620
0300131631
0300131640
0300131650
0300131710
0300131720
0300131810
0300131820
0300131821
0300131830
0300131840
0300131841
0300131850
0300131851
0300131860
0300131861
0300131870
0300131880
0300131910
0300131920
0300131930
0300131940
0300132010
0300132020
0300132030
0300132040
0300132041
0300132050
0300132060
0300132061
0300132110
0300132120
0300132130
0300132131
0300132210
0300132220
0300132221
0300132230
0300132231
0300132240
0300132241
0300132250
0300132310
0300132320
0300132330
0300132410
0300132411
0300132420
0300132430
0300132440
0300132450
0300132460
0300132470
0300132510
0300132520
0300132530
0300132540
0300132550
0300132560
0300132570
0300132571
0300132580
0300132581
0300132610
0300132611
0300132710
0300139821
03：「諸行無常のM&A」
0400000110
0400010110
0400019910
0400020010
0400020110
0400020111
0400020120
0400020121
0400020130
0400020131
0400020210
0400020220
0400020230
0400020240
0400020310
0400020320
0400020330
0400020331
0400020410
0400020420
0400020421
0400020430
0400020440
0400020450
0400020460
0400020470
0400020471
0400020510
0400020520
0400020521
0400020530
0400020531
0400020541
0400020610
0400020620
0400020630
0400020640
0400020641
0400020650
0400020651
0400020660
0400020710
0400020720
0400020730
0400020731
0400020740
0400020741
0400020750
0400020751
0400020760
0400020810
0400020820
0400020821
0400020830
0400020840
0400020850
0400020910
0400020920
0400021010
0400021020
0400021030
0400021110
0400021111
0400021121
0400021131
0400021140
0400021141
0400021210
0400021220
0400021230
0400021310
0400021320
0400021410
0400021420
0400021430
0400021440
0400021510
0400021520
0400021530
0400021540
0400021550
0400021560
0400021570
0400021610
0400021611
0400021620
0400021630
0400021631
0400021640
0400021650
0400021710
0400021720
0400021730
0400030110
0400030210
0400030220
0400030310
0400030311
0400030320
0400030410
0400030420
0400030430
0400030440
0400030441
0400030510
0400030520
0400030531
0400030611
0400030621
0400030640
0400030650
0400030651
0400030710
0400030720
0400030730
0400030810
0400030820
0400030821
0400030831
0400030910
0400030920
0400030930
0400031010
0400031020
0400031110
0400031120
0400031130
0400031141
0400031150
0400031210
0400031220
0400031221
0400031231
0400031240
0400031250
0400031260
0400031270
0400031310
0400031320
0400031330
0400031340
0400031350
0400031410
0400031420
0400031430
0400031510
0400031520
0400031530
0400031610
0400031611
0400031620
0400031621
0400031630
0400031640
0400031641
0400031650
0400031651
0400031660
0400031670
0400031710
0400031720
0400031730
0400031740
0400031741
0400031750
0400031810
0400031820
0400031910
0400031920
0400031921
0400031931
0400031940
0400031950
0400031961
0400031970
0400031980
0400031981
0400032010
0400032020
0400032030
0400032040
0400032110
0400032120
0400032121
0400032130
0400032140
0400032210
0400032250
0400032251
0400032260
0400032270
0400032271
0400032310
0400032320
0400032330
0400032340
0400032410
0400032411
0400032421
0400032430
0400032440
0400032510
0400032520
0400032530
0400032531
0400032540
0400032610
0400032710
0400040110
0400040120
0400040121
0400040130
0400040140
0400040150
0400040210
0400040211
0400040220
0400040221
0400040230
0400040240
0400040241
0400040310
0400040320
0400040330
0400040331
0400040340
0400040410
0400040510
0400040511
0400040520
0400040530
0400040540
0400040550
0400040551
0400040610
0400040620
0400040630
0400040631
0400040640
0400040650
0400040710
0400040720
0400040721
0400040730
0400040740
0400040750
0400040751
0400040760
0400040761
0400040810
0400040820
0400040821
0400040830
0400040831
0400040841
0400040910
0400040920
0400040921
0400040931
0400040940
0400041011
0400041020
0400041030
0400041031
0400041040
0400041110
0400041120
0400041210
0400041220
0400041230
0400041240
0400041310
0400041321
0400041330
0400041340
0400041341
0400041350
0400041360
0400041370
0400041410
0400041420
0400041421
0400041430
0400041440
0400041441
0400041450
0400041451
0400041510
0400041610
0400041620
0400041630
0400041640
0400041650
0400041660
0400041661
0400041670
0400041710
0400041720
0400041721
0400041730
0400041740
0400041750
0400041751
0400041810
0400041910
0400041920
0400041930
0400041940
0400041941
0400041950
0400042010
0400042020
0400042030
0400042040
0400042050
0400042060
0400042061
0400042070
0400042110
0400042210
0400042220
0400042230
0400042240
0400042310
0400042320
0400042330
0400042340
0400042341
0400042350
0400042360
0400042361
0400042410
0400042420
0400042430
0400042440
0400042450
0400042510
0400042520
0400042530
0400042610
0400042620
0400050010
0400050110
0400050120
0400050130
0400050140
0400050141
0400050210
0400050211
0400050220
0400050230
0400050310
0400050320
0400050321
0400050410
0400050510
0400050521
0400050530
0400050610
0400050710
0400050720
0400050721
0400050810
0400050811
0400050910
0400050911
0400051010
0400051020
0400051030
0400051031
0400051040
0400051041
0400051110
0400051111
0400051120
0400051130
0400051131
0400051210
0400051220
0400051221
0400051310
0400051320
0400051321
0400051410
0400051420
0400051430
0400051431
0400051440
0400051510
0400051520
0400051530
0400051540
0400051541
0400051610
0400051611
0400051620
0400051621
0400051710
0400051720
0400051721
0400051730
0400051740
0400051741
0400051750
0400051751
0400051760
0400051810
0400051821
0400051831
0400051910
0400051911
0400051920
0400051930
0400051931
0400051940
0400051941
0400052010
0400052020
0400052030
0400052031
0400052110
0400052120
0400052130
0400052131
0400052210
0400052220
0400052230
0400052231
0400052310
0400052320
0400052321
0400052330
0400052331
0400052340
0400052341
0400052350
0400052360
0400052410
0400052420
0400052421
0400052510
0400052520
0400052530
0400052540
0400052610
0400052710
0400052711
0400052720
0400052721
0400052730
0400052740
0400052750
0400052760
0400052761
0400052810
0400052811
0400052910
0400052920
0400055110
0400055111
0400055210
0400055211
0400057631
0400057731
0400060010
0400060020
0400069110
0400069120
0400069130
0400069140
0400069210
0400069211
0400070110
0400070120
0400070210
0400070211
0400070220
0400070221
0400070230
0400070231
0400070240
0400070241
0400070250
0400070251
0400070261
0400070270
0400070271
0400070280
0400070281
0400070310
0400070320
0400070330
0400070340
0400070350
0400070410
0400070420
0400070510
0400070521
0400070530
0400070531
0400070540
0400070550
0400070610
0400070620
0400070630
0400070640
0400070650
0400070660
0400070670
0400070710
0400070720
0400070730
0400070740
0400070810
0400070820
0400070910
0400074110
0400074210
0400074310
0400074410
0400074510
0400074610
0400074710
0400074810
0400074910
0400075111
0400075211
0400075311
0400075411
0400075511
0400075611
0400075711
0400075811
04：「さよなら社長」
0500000010
0500010010
0500010111
0500010120
0500010130
0500010211
0500010220
0500010310
0500010311
0500010320
0500010330
0500010340
0500010350
0500010410
0500010420
0500010430
0500010440
0500010510
0500010520
0500010521
0500010530
0500010531
0500010610
0500010620
0500010630
0500010631
0500010640
0500010710
0500010720
0500010730
0500010740
0500010741
0500010750
0500010751
0500010760
0500010761
0500010810
0500010820
0500010821
0500010910
0500011010
0500011020
0500015121
0500015321
0500015421
05：「黒船サイタマに現る」
06：「開国してください」
07：「立ち上がれ奇神」
0e3839fe
0x3839fe
1
1.5／Epic of Remnant
10
10/28 00:00に開放
100
100+
100++
100+++
1000,10009
10002,10003,10004
1000万DL記念チケット
100★
100★★
100★★★
100写目 三姉妹の撮影だ
100写目 全てのポートレイトクエスト＆99写目クリアで開放
100階 AKIBAを極めてしまいそうな予感がする
100階 手強いお客様だ
101号室
102号室
103号室
104号室
108人のハロウィン・リベリオン！
～小竜娘水滸演義～
10<=
10件目 何かが起きそうな予感がする
10個消費する
10写目 シャッターチャンスの予感がする……
10写目「修羅場な者たちの足元」
10壁目 何かが起きそうな予感がする
10壁目「森の泉に涼む蛇」
10層目 何かが起きそうな予感がする
10層目「巨大樹10F」
10店目 何かが起きそうな予感がする
10店目「命ある像」
10月交換券(2017)
10月交換券(2018)
10月交換券(2019)
10月交換券(2020)
10月交換券(2021)
10月交換券(2022)
10月交換券(2023)
10月交換券(2024)
10月交換券(2025)
10階 強敵の予感がする・・・
10階 手強いお客様だ
10階「ザ・夢を追う漢」
10．魔法編集　ヌンノス☆クロエ
11
11/01 00:00に開放
1100万記念 土曜 殺の修練場 上級
1100万記念 土曜 殺の修練場 中級
1100万記念 土曜 殺の修練場 初級
1100万記念 土曜 殺の修練場 超級
1100万記念 土曜 種火集め<弓・術編> 上級
1100万記念 土曜 種火集め<弓・術編> 中級
1100万記念 土曜 種火集め<弓・術編> 初級
1100万記念 土曜 種火集め<弓・術編> 超級
1100万記念 日曜 剣の修練場 上級
1100万記念 日曜 剣の修練場 中級
1100万記念 日曜 剣の修練場 初級
1100万記念 日曜 剣の修練場 超級
1100万記念 日曜 種火集め<ﾗﾝﾀﾞﾑ編> 上級
1100万記念 日曜 種火集め<ﾗﾝﾀﾞﾑ編> 中級
1100万記念 日曜 種火集め<ﾗﾝﾀﾞﾑ編> 初級
1100万記念 日曜 種火集め<ﾗﾝﾀﾞﾑ編> 超級
1100万記念 月曜 弓の修練場 上級
1100万記念 月曜 弓の修練場 中級
1100万記念 月曜 弓の修練場 初級
1100万記念 月曜 弓の修練場 超級
1100万記念 月曜 種火集め<槍・殺編> 上級
1100万記念 月曜 種火集め<槍・殺編> 中級
1100万記念 月曜 種火集め<槍・殺編> 初級
1100万記念 月曜 種火集め<槍・殺編> 超級
1100万記念 木曜 種火集め<槍・殺編> 上級
1100万記念 木曜 種火集め<槍・殺編> 中級
1100万記念 木曜 種火集め<槍・殺編> 初級
1100万記念 木曜 種火集め<槍・殺編> 超級
1100万記念 木曜 騎の修練場 上級
1100万記念 木曜 騎の修練場 中級
1100万記念 木曜 騎の修練場 初級
1100万記念 木曜 騎の修練場 超級
1100万記念 水曜 狂の修練場 上級
1100万記念 水曜 狂の修練場 中級
1100万記念 水曜 狂の修練場 初級
1100万記念 水曜 狂の修練場 超級
1100万記念 水曜 種火集め<弓・術編> 上級
1100万記念 水曜 種火集め<弓・術編> 中級
1100万記念 水曜 種火集め<弓・術編> 初級
1100万記念 水曜 種火集め<弓・術編> 超級
1100万記念 火曜 槍の修練場 上級
1100万記念 火曜 槍の修練場 中級
1100万記念 火曜 槍の修練場 初級
1100万記念 火曜 槍の修練場 超級
1100万記念 火曜 種火集め<剣・騎編> 上級
1100万記念 火曜 種火集め<剣・騎編> 中級
1100万記念 火曜 種火集め<剣・騎編> 初級
1100万記念 火曜 種火集め<剣・騎編> 超級
1100万記念 金曜 種火集め<剣・騎編> 上級
1100万記念 金曜 種火集め<剣・騎編> 中級
1100万記念 金曜 種火集め<剣・騎編> 初級
1100万記念 金曜 種火集め<剣・騎編> 超級
1100万記念 金曜 術の修練場 上級
1100万記念 金曜 術の修練場 中級
1100万記念 金曜 術の修練場 初級
1100万記念 金曜 術の修練場 超級
110★★★
11件目 道中にコソ泥がいるらしい
11写目 偉大な黒いブーツだ
11写目 女王様の違う一面が撮れそうだ
11壁目 不規則に羽ばたく音が聞こえる
11層目 獣に噛みつかれそうだ……
11店目 景品フィギュア専門店だ
11月交換券(2017)
11月交換券(2018)
11月交換券(2019)
11月交換券(2020)
11月交換券(2021)
11月交換券(2022)
11月交換券(2023)
11月交換券(2024)
11月交換券(2025)
11階 ハロウィンに備えているようだ
11階 儀式をしているお客様だ
11階 身体作りをしたいお客のようだ
11．死の企業ブース
12
120★★★
123ダイス
12件目 近くに盗賊団のアジトがあるらしい
12写目 可愛らしい少女たちの靴だ
12写目 茶の湯の香りがする……
12壁目 厄介なヒトデがいるようだ
12層目 馬のいななきが迫ってくる
12店目 ヒーローショーのようだ
12月17日 AM 5:00 に第二夜開放
12月18日 AM 5:00 に第三夜開放
12月19日 AM 5:00 に第四夜開放
12月1日 AM 0:00 開放
12月20日 AM 5:00 に第五夜開放
12月21日 AM 5:00 に第六夜開放
12月22日 AM 5:00 に第七夜開放
12月26日18時00分に開放
12月31日18時00分に開放されます。
12月3日 AM 0:00 開放
12月交換券(2017)
12月交換券(2018)
12月交換券(2019)
12月交換券(2020)
12月交換券(2021)
12月交換券(2022)
12月交換券(2023)
12月交換券(2024)
12月交換券(2025)
12種の職業レベルを最大まで上げると開放
12階 ソリをご注文だ
12階 マンガが売られているようだ
12階 肉を貪るお客のようだ
12．夏のはじまり　1/3
12．夏のはじまり　2/3
12．夏のはじまり　3/3
13
13件目 新鮮なカニをお届けだ
13写目 何人の撮影になるんだろう？
13写目 和食の香りがする……
13壁目 管理システムが侵食されている
13層目 偉そうな精霊がいる……
13店目 いたずらグッズを販売中だ
13階 しゃぶしゃぶを嗜んでいるようだ
13階 人が沢山並んでいるようだ
13階 金色の可愛らしいお客様だ
13．サーヴァント・サマー・フェスティバル！
14
14件目 注文品は家庭用のロボットだ
14写目 アメリカンな撮影になりそうだ
14写目 豪勢な料理の香りがする……
14壁目 獰猛な獣の気配がする
14層目 機械が暴走しているようだ
14店目 中古の週刊誌だ
14階 RPGを体験できるようだ
14階 こだわりの強いお客のようだ
14階 自然を好むお客様だ
15
15+
1500万DL記念チケット
155ばんめのそねっと
155バンメノソネット
155番目のソネット
15人の理知的なメガネたち
15件目 軍の偉い方からのご注文だ
15写目 要望の多い撮影になりそうだ……
15写目「食堂の休息風景」
15壁目「泉の休息風景」
15層目「花畑の休息風景」
15店目 ぬいぐるみを販売中だ
15階 ホビー売り場のようだ
15階 執筆中で忙しいお客様だ
15階 大食いのお客のようだ
15階 竜殺しのお客様だ
16
16件目 道中に鬼のような海賊が出るらしい
16写目 ユニヴァースの面々が集まっている
16写目 毒料理の香りがする……
16壁目 獣人が問答無用で襲ってくる
16層目 ワニが歩き回っている
16店目 ポイント増量中の店だ
16階 呻き声が聞こえる宅配先だ
16階 品薄ゲーム機を販売しているようだ
16階 食べ放題のメニューのようだ
17
17件目 道中に危険な蜂がいるようだ
17写目 いがみあっているようだ……
17写目 ヤケ食いをしているようだ
17壁目 水生生物の縄張りのようだ
17層目 警戒して目を光らせているようだ
17店目 最新の小説が売っているようだ
17階 古の同人誌が売られているようだ
17階 寡黙なお客様だ
17階 秘伝のレシピのようだ
18
18件目 とてもセレブなお客様だ
18写目 円卓の食事のようだ
18写目 真っ黒な素足だ
18壁目 森に侵入した魚人たちだ
18層目 道に岩が転がっている
18店目 サイリウムホルダーを販売中だ
18階 まとめ買いをしているようだ
18階 人馬一体のお客様だ
18階 食い逃げだ
19
1999ねんのざんし
1999ネンノザンシ
1999年の残滓
19件目 未開の地への配達だ
19写目 チャーミングな厚底の靴だ
19写目 麦粥の香りがする……？
19壁目 動物たちが暴れまわっている
19層目 お茶に溺れそうだ……
19店目 ネットカフェだ
19階 ドカ盛りの店のようだ
19階 巨人向けのゲーセンのようだ
19階 門番が多い宅配先だ
1<=
1ゾロダイス
1ターン後にスタンする
1ターン後に敵全体に中確率[{0}]でスタン状態を付与する(1ターン)
1ターン後に敵全体に中確率でスタン状態を付与する(1ターン)
1ターン後に最大HPがアップする
1ターン後スタン
1ターン経過後に宝具威力がアップする
1ターン経過後に自身の攻撃力をアップ + 自身を除く味方全体にカード選出不能状態を付与する
1ターン経過後に自身の攻撃力をアップする
1件目 危険な海賊が出没する宙域だ
1写目 仲良しの気配がする……
1写目 時計塔関係者の足元だ
1壁目 動物が暴走しているようだ
1層目 にゅるにゅると激しく動いている
1店目 観光客がたくさんいる店だ
1月16日18時00分に開放
1月17日18時00分に開放
1月18日18時00分に開放
1月19日18時00分に開放
1月20日18時00分に開放
1月21日18時00分に開放
1月22日18時00分に開放
1月交換券(2018)
1月交換券(2019)
1月交換券(2020)
1月交換券(2021)
1月交換券(2022)
1月交換券(2023)
1月交換券(2024)
1月交換券(2025)
1月交換券(2026)
1節「カルデアへの道」
1階 グッズを探しているようだ
1階 トンカツサンドが食べられるようだ
1階 兵隊のお客様のようだ
2
2,3
20
2000万DL記念チケット
2004年の
断片
2004年の断片
2005,-10000
2015メモリアルクエスト（第一特異点）
2015メモリアルクエスト（第四特異点）
2015年 メモリアルクエスト
2016ねんのへいおん
2016ネンノヘイオン
2016メモリアルクエスト（第六特異点）
2016メモリアルクエスト（終局特異点）
2016年 メモリアルクエスト
2016年の平穏
2016年イベント メモリアルクエスト
2016年イベント メモリアルクエストクリアで開放可能
2017メモリアルクエスト（亜種特異点Ⅰ）
2017メモリアルクエスト（亜種特異点Ⅲ）
2017年 メモリアルクエスト
2017年イベント メモリアルクエスト
2018ネンノグロスター
2018メモリアルクエスト（Lostbelt No.1）
2018メモリアルクエスト（Lostbelt No.2）
2018年 メモリアルクエスト
2018年のグロスター
2018年イベント メモリアルクエスト
2018年イベント メモリアルクエストクリアで開放可能
2019メモリアルクエスト（Lostbelt No.4）
2019メモリアルクエスト（Lostbelt No.5）
2019年 メモリアルクエスト
2019年イベント メモリアルクエスト
201号室
202,203,2654
2020年 メモリアルクエスト
2020年イベント メモリアルクエスト
2020年イベント メモリアルクエストクリアで開放可能
2021年 メモリアルクエスト
2021年イベント メモリアルクエスト
2021年イベント メモリアルクエストクリアで開放可能
2022年 メモリアルクエスト
2022年イベント メモリアルクエスト
2023年 メモリアルクエスト
2023年の―――
2023年のホーリーラン
2024年 メモリアルクエスト
2024年お正月限定素材交換券
2025年お正月限定素材交換券
202号室
2030ねんのかけら
2030ネンノカケラ
2030年の欠片
2039,2878
203号室
204号室
20件目 何かが起きそうな予感がする
20写目 シャッターチャンスの予感がする……
20写目「憩う者たちの足元」
20壁目 何かが起きそうな予感がする
20壁目「そして巨大樹へ」
20層目 何かが起きそうな予感がする
20層目「巨大樹20F」
20店目 何かが起きそうな予感がする
20店目「電脳遊戯決闘録」
20階 強敵の予感がする・・・
20階 手強いお客様だ
20階「世界の芸術大合作展」
21
21件目 骨のような海賊が出没するらしい
21写目 アシンメトリーなデザインだ
21写目 読み聞かせ中のようだ……？
21層目 獣が森を荒らしているようだ
21店目 格ゲーの専門店だ
21階 サラダバーのようだ
21階 武器をご注文だ
21階 着ぐるみが休憩しているようだ
22
221B探偵事務所
22件目 配達先はアルトン星だ
22写目 悪徳商法に気を付けよう
22写目 積み重ねを感じる写真が撮れそうだ
22層目 鋭利な物を振り回している
22店目 怪しい占い店のようだ
22階 マスコットが暴れているようだ
22階 ロブスターの店のようだ
22階 魔性を身に宿すお客様だ
23
23件目 注文品は難しそうな本だ
23写目 マスター思いな一枚が撮れそうだ
23写目 母性溢れる写真が撮れそうだ
23層目 蛇たちが混乱しているようだ
23店目 コラボカフェのようだ
23階 サバゲフィールドのようだ
23階 サバゲ同好会の打ち上げのようだ
23階 ハロウィングッズをご注文だ
24
24,26,155
24件目 道中でスモッグ警報が出ている
24写目 応援している姿が撮れそうだ
24写目 破壊神の気配がする……？
24層目 大蛇たちが酔っている
24店目 抱き枕を販売中だ
24階 アイドルのファンツアーのようだ
24階 アイドル活動をしているようだ
24階 日本酒をお届けだ
25
25+
2500万DL記念チケット〔サーヴァント〕
2500万DL記念チケット〔概念礼装〕
251
252
25件目 歌姫のマネージャーからのご注文だ
25写目 完成度の高い写真を求められそうだ……
25写目「自室の休息風景」
25層目「ツリーハウスの休息風景」
25店目 コスプレ店でイベント中だ
25階 デートプランを練っているようだ
25階 ローマのお客様だ
25階 本屋で物色中のようだ
25階 鋭い切れ味の剣をご注文だ
26
2632,-10000
2667,308,2838
26件目 注文品が重そうだ
26写目 元気はつらつな撮影ができそうだ
26写目 風紀の乱れを感じる……
26層目 魂が吸われそうな気配がする……
26店目 ロボゲーで遊べるようだ
26階 体がなくても買い物がしたいようだ
26階 美味しそうな匂いがする
26階 銃がお好きなお客様だ
27
27件目 配達先から牛の鳴き声が聞こえる
27写目 歌と踊りの撮影ができそうだ
27写目 自室付近に不審な人影が……？
27層目 理性のない鬼だ
27店目 VRアバターを作れるようだ
27階 お手伝いロボを売っているようだ
27階 厚い本のお届けだ
27階 最新の調理器具が置いてある
28
2821,-10000
28件目 配達ドローンで楽が出来そうだ
28写目 天使な写真が撮れそうだ
28写目 強靭な脚を持つ君主の撮影だ
28層目 寒気が止まらない……
28店目 着ぐるみ店のようだ
28階 イベント帰りのようだ
28階 呻き声が聞こえる・・・
28階 虫にお困りのようだ
29件目 凶暴な生物が出没するらしい
29写目 一触即発な状況のようだ
29写目 武芸者の脚の撮影だ
29層目 異常な魔力を感じる……
29店目 サバゲー用品店だ
29階 ロックに蛇と遊んでいるようだ
29階 止まれないお客様だ
29階 蛇料理を出してくれるようだ
2つの決勝リーグクリアで開放
2ゾロダイス
2件目 犬好きのお客様だ
2写目 先輩？たちの写真が撮れそうだ
2写目 守りが固そうなグリーヴだ
2周目_天守閣_外側
2壁目 弓の狙撃に注意を
2層目 けたたましい蹄の音が聞こえる
2店目 携帯電話の店だ
2月13日18時00分以降に開放
2月14日18時00分以降に開放
2月15日18時00分以降に開放
2月16日18時00分以降に開放
2月17日18時00分以降に開放
2月18日18時00分以降に開放
2月交換券(2018)
2月交換券(2019)
2月交換券(2020)
2月交換券(2021)
2月交換券(2022)
2月交換券(2023)
2月交換券(2024)
2月交換券(2025)
2月交換券(2026)
2節「お母さん度数作戦」
2階 PCパーツを販売しているようだ
2階 レビューの評価はそれなりのようだ
2階 無気力になっているお客様だ
2階廊下
3
30
3000万DL記念チケット
301号室
302号室
3030
303号室
304号室
30と19の死
30件目 何かが起きそうな予感がする
30写目 シャッターチャンスの予感がする……
30写目「補給する者たちの足元」
30層目 全ての枝葉クエスト＆29層目クリアで開放
30層目「巨大樹最上階」
30店目 何かが起きそうな予感がする
30店目「ご奉仕の多い喫茶店」
30階 強敵の予感がする・・・
30階 手強いお客様だ
30階「元祖カルデアモデラーの逆襲」
31件目 ノブノブ星へのお届けだ
31写目 海でも使えそうなゴテゴテブーツだ
31写目 補給で性格が分かるようだ
31店目 トナカイカフェだ
31階 牛肉好きのお客のようだ
31階 甘いお菓子のご注文だ
31階 馬が靴を探しているようだ
32
32件目 ヒーローにもお届けだ
32写目 ファラオたちの脚の撮影だ
32写目 補給の仕方で揉めているようだ
32店目 スパイグッズの店だ
32階 おっかな可愛いお客様だ
32階 後ろが透けて見えるようだ
32階 異様な店のようだ
33件目 道中に珍しい魔物がいるらしい
33写目 ジェットの音がする……
33写目 悪そうなシャープな革靴だ
33店目 前衛的なアイス屋だ
33階 ドール関連のご注文だ
33階 様々な国の料理を提供してくれるようだ
33階 武具マニアが集まる店だ
34
34件目 動物園へのお届けだ
34写目 スーツに合う黒い革靴だ
34写目 彼らの補給は可能なのだろうか……？
34店目 新選組グッズ店だ
34階 見たことがない食材だ
34階 野性味あふれるお届け先だ
34階 長い行列が出来ているようだ
35
35+
35件目 配達先は好戦的な傭兵団だ
35写目 難儀な夫婦の撮影になりそうだ
35写目「機関室の休息風景」
35店目 童話の研究書があるようだ
35階 お米が自慢の和風なお店だ
35階 すごい買い物をするようだ
35階 清らかな笑顔のお客様だ
35階 自然を愛するお客様だ
36
36件目 極寒惑星からのご注文だ
36写目 王妃と騎士の撮影だ
36写目 貴重な記録が撮れそうだ
36店目 VRチャンバラの体験施設だ
36階 珍しい虫好きが集まるようだ
36階 縁起の良いお客様だ
36階 防犯用具があるようだ
37
37件目 重そうな鎧を着たお客様だ
37写目 アルジュナたちの撮影だ
37写目 取り締まり現場が撮れそうだ
37店目 VRダンジョンの体験施設だ
37階 危険な爬虫類好きが集まるようだ
37階 暖房器具のご注文だ
37階 鰐肉が食べられるようだ
38
38件目 アルトン星からの再注文だ
38写目 スカサハたちの撮影だ
38写目 夢のある写真が撮れそうだ
38店目 交流がウリのメイドカフェだ
38階 お腹を空かせて彷徨っているようだ
38階 監視が厳しいお届け先だ
38階 透明な広告が浮いているようだ
39件目 巨大兵器の演習場へのお届けだ
39写目 巨大ロボの整備中のようだ
39写目 赤と青の綺麗なヒールだ
39店目 大繁盛中のメイドカフェだ
39階 カッコいいアクセサリーがあるようだ
39階 大食い大会のようだ
39階 見た目より優しいお客様だ
3ゾロダイス
3ターン後にスタンする
3ターン後に自身にスタン状態(1ターン)を付与する
3件目 道中にワイバーンが出るらしい
3写目 サイバーなニーハイソックスブーツだ
3写目 女王様たちと記念撮影のチャンスだ
3周年記念最大ダメージトライアルクエスト
3壁目 迫りくる棍棒に注意を
3層目 鬼が見張りをしているようだ
3店目 ヒトデクッションの店だ
3月交換券(2018)
3月交換券(2019)
3月交換券(2020)
3月交換券(2021)
3月交換券(2022)
3月交換券(2023)
3月交換券(2024)
3月交換券(2025)
3月交換券(2026)
3節「対決！　キノコｖｓパン！」
3階 プラモデルが展示されているようだ
3階 機械音がする宅配先だ
3階 自動で料理が提供されるようだ
3階廊下
4
40
401号室
402号室
403号室
404号室
40件目 何かが起きそうな予感がする
40写目 シャッターチャンスの予感がする……
40写目「空を駆ける者たちの足元」
40店目 何かが起きそうな予感がする
40店目「たとえ薄くとも」
40階 強敵の予感がする・・・
40階 手強いお客様だ
40階「秋葉原のアイドル」
41
41件目 農業コロニーへのお届けだ
41写目 浜辺に合うヒールサンダルだ
41写目 配達している姿が撮れそうだ
41店目 賑やかな同人系ショップだ
41階 ノブノブうるさい客だ
41階 健康器具のご注文だ
41階 戦車で来たようだ
42
42件目 仮装衣装のお届けだ
42写目 ウサギと猛獣の撮影ができそうだ
42写目 速すぎて撮りづらい……
42店目 絵画を販売しているようだ
42階 撃つのが得意なお客様だ
42階 獣の匂いがする
42階 箱庭シミュレーションゲームだ
43
43件目 ノブノブ星からの再注文だ
43写目 つま先が露出している履物だ
43写目 三者三様な写真が撮れそうだ
43店目 ロボット専門店だ
43階 ペットロボットの体験コーナーだ
43階 マナーの悪い客だ
43階 翼をお持ちのお客様だ
44
44件目 狩猟民族のお客様だ
44写目 三者三様のハイヒールだ
44写目 魔法少女の写真が撮れそうだ
44店目 握手会開催中の書店だ
44階 バックヤードに入ってしまったようだ
44階 和風な印象のお客様だ
44階 回転寿司のレールが動き出した
45
45+
456ダイス
45件目 某有名歌姫からのご注文だ
45写目 迷信を吹き込まれている……？
45写目「甲板の休息風景」
45店目 大迷宮のアトラクションのようだ
45階 奇声が聞こえるお届け先だ
45階 弾丸不足のお客様だ
45階 注文を受けてから狩りに行くそうだ
45階 男性を虜にするネイル店だ
46
46件目 配達先はかなり寒そうだ
46写目 右手が疼きそうだ……
46写目 血の匂いがする……？
46店目 グッズ専門店だ
46階 キラキラな石のご注文だ
46階 ドリンクバーが大盛況だ
46階 海洋生物のフィギュア店だ
47件目 美味しいロブスターのお届けだ
47写目 ある意味危険な写真が撮れそうだ
47写目 子供サイズの靴だ
47店目 ハンティングのゲームだ
47階 噛まずに飲み込んでいるようだ
47階 機械音が可愛いお客様だ
47階 長蛇の列だ
48
48件目 配達先に人気がない…
48写目 カリスマ性を感じるブーツだ
48写目 新忍術開発中のようだ
48店目 チーズ専門店のようだ
48階 三位一体のお客様だ
48階 買い物の途中だけどワイバーンだ！
48階 食事中だけどワイバーンだ！
49件目 刑務所へのお届けだ
49写目 インドの女神たちの撮影だ
49写目 ロックな写真が撮れそうだ
49店目 マニアックな店のようだ
49階 人形好きが集まっているようだ
49階 割引狙いの客だ
49階 起業されたお得意先だ
4<=
4つのとどめ戦クリアで開放
4件目 海辺への配達だ
4写目 弓兵たちの写真が撮れそうだ
4写目 爪先が尖ったブーツだ
4周年記念最大エネミー撃破数トライアルクエスト
4壁目 化かされたり悪戯されそうだ
4層目 強い風が吹いている
4店目 スタンプラリー設置店だ
4月交換券(2018)
4月交換券(2019)
4月交換券(2020)
4月交換券(2021)
4月交換券(2022)
4月交換券(2023)
4月交換券(2024)
4月交換券(2025)
4月交換券(2026)
4節「お母さんチョコ現る！」
4階 グルメ気取りのお客のようだ
4階 ペットフードをお届けだ
4階 鬼のメイド喫茶のようだ
5
50
501号室
502号室
503号室
504号室
50件目 何かが起きそうな予感がする
50写目 シャッターチャンスの予感がする……
50写目 全てのポートレイトクエスト＆49写目クリアで開放
50写目「大事な者たちの足元、そして些細なエピローグ」
50店目 何かが起きそうな予感がする
50店目「ジャンク≒宝物」
50階 強敵の予感がする・・・
50階 手強いお客様だ
51
51写目 可憐なミュールサンダルだ
51階 大きな焼肉店のようだ
51階 警備が強そうな配達先だ
52
52写目 合戦の装いのようだ
52階 かなり空腹のお客様のようだ
52階 満員御礼のようだ
53
53写目 エレガントなハイヒールだ
53階 ただいま清掃中のようだ
53階 とても大きなお客様だ
54
54写目 円卓の騎士の真面目な撮影だ
54階 活きのいいチキンのお届けだ
54階 逃げ出した食材のようだ
55
55+
55写目 原稿作業中のようだ
55階 戦利品分配中のようだ
55階 戦術が好きなお客様のようだ
56
56写目 足が見えない……
56階 とてもロックなお客様だ
56階 ノブ印のお弁当屋のようだ
57
57写目 殺傷力の高そうなブーツだ
57階 その翼で受け取りに来て欲しい…
57階 サバイバル料理店のようだ
58
58写目 同じ顔が出会ってしまったようだ
58階 地鶏が自慢の焼き鳥屋のようだ
58階 活きのいいおつまみをご注文だ
59
59写目 スマートなレースアップだ
59階 珍しい古本をご注文だ
59階 食べ放題のようだ
5ターン経過後に戦闘不能となる
5件目 銀河警備隊のお客様だ
5写目 双神の撮影だ
5写目 色彩にこだわった写真が撮れそうだ
5周年記念メモリアルクエスト
5壁目 厄介な竜の番人がいるようだ
5層目「エントランス広場の休息風景」
5店目 土産物屋のようだ
5月3日 AM 0:00開放
5月6日 AM 0:00開放
5月交換券(2018)
5月交換券(2019)
5月交換券(2020)
5月交換券(2021)
5月交換券(2022)
5月交換券(2023)
5月交換券(2024)
5月交換券(2025)
5月交換券(2026)
5種類の素材アイテムの中から一つと交換ができます。
5節「愛のしるし」
5階 セレブが来店するようだ
5階 人の荷物に興味があるお客様だ
5階 推しの議論をしているようだ
5階 謎の薬を注文したお客様だ
5階廊下
6
60
601号室
602号室
603号室
604号室
60写目 シャッターチャンスの予感がする……
60階 強敵の予感がする・・・
60階 手強いお客様だ
61
61写目 快活な撮影になりそうだ
61階 きらきらと光るお客様だ
61階 豚骨を推しているラーメン屋のようだ
62
62写目 鼻緒付きの厚底サンダルだ
62階 とてもお洒落なお客様だ
62階 健康志向の店のようだ
63
63写目 和式のブーツだ
63階 メタルでカッコいいお客様だ
63階 豪華なレストランのようだ
64
64写目 開放感のあるサンダルだ
64階 冷蔵倉庫のようだ
64階 配達先の番犬が怖そうだ
65
65+
65写目 説得に骨が折れそうだ……
65階 仮面武者が居るようだ
65階 実験で使う薬をご注文だ
66
66写目 サンタさんたちの撮影だ
66階 仮装用の衣装をご注文だ
66階 壺焼き料理店のようだ
67
67写目 タイツとサンダルの組み合わせだ
67階 かぼちゃ料理専門のお店のようだ
67階 クリスマス用品のお届けだ
68
68写目 ワイルドな足元だ
68階 完食でタダになるようだ
68階 注文品は車用燃料のようだ
69
69写目 続・王妃と騎士の撮影だ
69階 メカ好きのお客様のようだ
69階 手入れ中のようだ
6件目 採掘場へのお届けだ
6写目 カオスな写真が撮れそうだ
6写目 独特なデザインのハイヒールだ
6壁目 ベルの音が聞こえる
6層目 呪われそうだ……
6店目 キャッチが激しい店だ
6月22日17時00分に開放
6月交換券(2018)
6月交換券(2019)
6月交換券(2020)
6月交換券(2021)
6月交換券(2022)
6月交換券(2023)
6月交換券(2024)
6月交換券(2025)
6月交換券(2026)
6種の職業レベルを最大まで上げると開放
6階 クリスマスの売れ残りのようだ
6階 クリスマスグッズをご注文だ
6階 完全肉食主義者のお客のようだ
7
70
701号室
702号室
703号室
704号室
70写目 シャッターチャンスの予感がする……
70階 強敵の予感がする・・・
70階 手強いお客様だ
71
71写目 品格のあるヒール付きグリーヴだ
71階 財宝が好きそうなお客様だ
71階 遊べるフルーツパーラーのようだ
72
72写目 道術の撮影もできそうだ
72階 アイスを売っているようだ
72階 品質の良いかぼちゃをお届けだ
73
73写目 円卓の騎士のグリーヴだ
73階 カレー専門店のようだ
73階 変わったヒポぐるみのご注文だ
74
74写目 水着のサーヴァントが集まっている
74階 危険そうな魔導書をご注文だ
74階 猪肉を売っているようだ
75
75+
75写目 難題を押し付けられそうだ……
75階 タワーの警備員からのご注文だ
75階 誰かが休んでいるようだ
76
76写目 ファーボンボン付きの靴だ
76階 勇士を求めているお客様だ
76階 栄養補助サプリのお店のようだ
77
77写目 ハイカラなヒールブーツだ
77階 とても固そうなお客様だ
77階 射撃カフェのようだ
78
78写目 魔女の気配がする……？
78階 コンセプトカフェのようだ
78階 注文があったが人の気配がない…
79
79写目 戦乙女たちのブーツだ
79階 "ドラゴンステーキ"分店のようだ
79階 昔話に出てきそうなお客様だ
7<=
7ターン後に味方全体のNPをものすごく増やす
7ターン後に味方全体のチャージを2増やす
7件目 配達先の視界が悪いようだ
7写目 ワクワクするような写真が撮れそうだ
7写目 和式で可愛らしい一揃いだ
7壁目 不気味な骸骨だ
7層目 誘惑されている
7店目 シューティングゲームの筐体だ
7月24日18時00分に開放
7月交換券(2018)
7月交換券(2019)
7月交換券(2020)
7月交換券(2021)
7月交換券(2022)
7月交換券(2023)
7月交換券(2024)
7月交換券(2025)
7月交換券(2026)
7階 ゲームをプレイしているようだ
7階 偏食気味なお客のようだ
7階 騎士の格好をしたお客様だ
8
80
800100,800101,800102,800190
801号室
802号室
803号室
804号室
80写目 シャッターチャンスの予感がする……
80階 強敵の予感がする・・・
80階 手強いお客様だ
81
81写目 裁定者たちのロングブーツだ
81階 ゲーム好きなお客様だ
81階 揉めているようだ
82
82写目 鉄の足音が聞こえる
82階 CEOの部下にお届け物だ
82階 配達員が受け取りに来たようだ
83
83写目 カルデア医療班の撮影だ
83階 物足りないようだ
83階 着ぐるみをご注文だ
84
84写目 美しいレースアップのサンダルだ
84階 冷気が漂う宅配先だ
84階 古代エジプト料理店のようだ
85
85+
85写目 ハサンたちの撮影だ
85階 血のように赤いワインをご注文だ
85階 高級レストランのようだ
86
86写目 お茶目なお姫様の撮影だ
86階 宝石のようなお菓子の店だ
86階 本好きのお客様に違いない
87
87写目 拳闘の模擬試合をしているようだ
87階 イタズラ好きなお客様だ
87階 忍者喫茶のようだ
88
88写目 つま先の守りは万全のようだ
88階 お腹を空かせたお客様だ
88階 ミルクスタンドのようだ
89
89写目 可愛らしい厚底サンダルだ
89階 "ドラゴンステーキ"本店のようだ
89階 ペットが多いお宅へ配達だ
8years Snow Carol
8件目 お届け物の本が暴れている
8写目 あったかい写真が撮れそうだ
8写目 靴底が尖ったグリーヴだ
8壁目 ブーンと音が聞こえる
8層目 獣たちの強い敵意を感じる
8店目 カラオケ屋のようだ
8月16日18時00分に開放
8月交換券(2017)
8月交換券(2018)
8月交換券(2019)
8月交換券(2020)
8月交換券(2021)
8月交換券(2022)
8月交換券(2023)
8月交換券(2024)
8月交換券(2025)
8月交換券(2026)
8階 着ぐるみを着たお客のようだ
8階 等身大フィギュアが飾られているようだ
8階 鉱物を身にまとうお客様だ
9
90
90+
90++
90+++
90★
90★★
90★★★
90写目 シャッターチャンスの予感がする……
90階 強敵の予感がする・・・
90階 手強いお客様だ
9110010110
9110010120
9110010121
9110010210
9110010220
9110010230
9110010231
9110020110
9110020120
9110020130
9110020131
9110020210
9110020220
9110020230
9110020231
9110030110
9110030111
9110050110
9110050120
9110050121
9110050210
9110050211
9110050310
9110050311
9110060110
9110060121
9110060210
9110060220
9110060221
9110070110
9110070111
9110070121
9110070131
9110070151
9110080110
9110080120
9110080130
9110080131
9110080210
9110080220
9110080230
9110080231
9110090110
9110090120
9110090121
9110090210
9110090211
9110090220
9110090230
9110090231
9110120110
9110120111
9110130110
9110130120
9110130130
9110130131
9110140110
9110140120
9110140130
9110140131
9110180110
9110180120
9110180121
9110180210
9110180211
9110180310
9110180320
9110180321
9110190110
9110190120
9110190130
9110190131
9110200110
9110200120
9110200121
9110220110
9110220120
9110220130
9110220131
9110260110
9110260120
9110260130
9110260131
9110270110
9110270120
9110290110
9110290120
9110290121
9110290130
9110300110
9110300111
9110300120
9110300130
9110300131
9110300210
9110300220
9110300230
9110300231
9110320110
9110320120
9110320130
9110320131
9110330110
9110330111
9110330120
9110330121
9110330130
9110330131
9110350110
9110350120
9110350121
9110350130
9110350141
9110360110
9110360111
9110360120
9110360121
9110360130
9110360131
9110370110
9110370120
9110370130
9110370131
9110380110
9110380111
9110390110
9110390111
9110390120
9110390130
9110390131
9110390140
9110390141
9110410110
9110410111
9110410120
9110410121
9110410130
9110410131
9110420110
9110420121
9110420131
9110460110
9110460120
9110460121
9110460130
9110460140
9110530110
9110530120
9110530121
9110530130
9110530131
9110530140
9110910110
9110910120
9110910121
9110910130
9110910140
9110910141
9110970110
9110970111
9111010110
9111010111
9111020110
9111020111
9111020120
9111020121
9111020210
9111020220
9111020230
9111020240
9111030110
9111030111
9111030120
9111030130
9111030131
9111030210
9111030220
9111030230
9111030231
9111040110
9111040111
9111040120
9111040121
9111050110
9111050111
9111050120
9111050121
9111050130
9111050131
9111060110
9111060120
9111060130
9111060131
9120010110
9120010120
9120010130
9120010131
9120010210
9120010220
9120010221
9120020110
9120020141
9120020210
9120020240
9120020241
9120020310
9120020320
9120020330
9120020331
9120030110
9120030120
9120030121
9120050110
9120050120
9120050130
9120050131
9120050210
9120050220
9120050230
9120050231
9120060110
9120060120
9120060130
9120060131
9120080110
9120080120
9120080121
9120080130
9120080140
9120080141
9120090110
9120090120
9120090130
9120090131
9120090210
9120090220
9120090230
9120090231
9120090310
9120090311
9120090320
9120090321
9120100110
9120100120
9120100121
9120100130
9120100140
9120100141
9120100150
9120100160
9120100161
9120110110
9120110120
9120110121
9120110210
9120110211
9120120110
9120120120
9120120121
9120130110
9120130120
9120130121
9120140110
9120140120
9120140121
9120150110
9120150120
9120150130
9120150140
9120150141
9120150210
9120150220
9120150230
9120150240
9120150250
9120150251
9120160110
9120160111
9120160120
9120160121
9120160130
9120160131
9120180110
9120180120
9120180121
9120200110
9120200111
9120200120
9120200130
9120200131
9120200210
9120200211
9120200220
9120200221
9120200230
9120200231
9120210110
9120210111
9120230110
9120230111
9120230120
9120230130
9120230131
9120230210
9120230220
9120230221
9120270110
9120270111
9120270120
9120270121
9120270130
9120270131
9120300110
9120300111
9120310110
9120310120
9120310130
9120310131
9120330110
9120330111
9120330120
9120330121
9120340110
9120340120
9120340121
9120340130
9120340131
9120340140
9120340141
9120350110
9120350120
9120350121
9120380110
9120380111
9120400110
9120400111
9120400210
9120400220
9120400221
9120450110
9120450120
9120450121
9120450130
9120450131
9120450140
9120450141
9120480110
9120480120
9120480130
9120480131
9120480140
9120480141
9120480150
9120510110
9120510111
9120510120
9120510121
9120510130
9123030110
9123030120
9123030121
9123030130
9123030131
9125010110
9125010120
9125010130
9125010140
9125010141
9125010150
9125020110
9125020120
9125020121
9125040110
9125040120
9125040121
9125040130
9125040140
9125040150
9125060110
9125060111
9125060120
9125060130
9125060131
9125060210
9125060211
9125060220
9125060221
9125060230
9125060231
9125060240
9125060250
9125060251
9130010110
9130010120
9130010121
9130020110
9130020111
9130020120
9130020121
9130020130
9130020131
9130030110
9130030111
9130040110
9130040111
9130050110
9130050120
9130050121
9130060110
9130060120
9130060130
9130060131
9130070110
9130070120
9130070130
9130070131
9130080110
9130080111
9130080120
9130080121
9130080130
9130080131
9130080210
9130080220
9130080230
9130080231
9130090110
9130090120
9130090130
9130090131
9130100110
9130100111
9130110110
9130110120
9130110121
9130120110
9130120111
9130120210
9130120211
9130120220
9130120221
9130120230
9130120231
9130130110
9130130120
9130130130
9130130131
9130130210
9130130220
9130130230
9130130240
9130130241
9130140110
9130140120
9130140130
9130140131
9130160110
9130160120
9130160130
9130160131
9130170110
9130170120
9130170130
9130170131
9130190110
9130190120
9130190121
9130200110
9130200120
9130200130
9130200131
9130270110
9130270120
9130270121
9130280110
9130280120
9130280121
9130280130
9130280140
9130280141
9130300110
9130300120
9130300121
9130300130
9130300131
9130300140
9130300141
9130310110
9130310120
9130310121
9130330110
9130330111
9130350110
9130350130
9130350140
9130350141
9130360110
9130360111
9130390110
9130390120
9130390130
9130390131
9130410110
9130410121
9130420110
9130420121
9130420140
9130420141
9130460110
9130460111
9130460120
9130460121
9130460130
9130460131
9130470110
9130470120
9130470121
9130510110
9130510111
9130510120
9130510121
9140010110
9140010120
9140010121
9140020110
9140020111
9140020210
9140020211
9140030110
9140030120
9140030130
9140030131
9140030210
9140030211
9140030220
9140030221
9140040110
9140040120
9140040130
9140040131
9140060110
9140060120
9140060121
9140080110
9140080120
9140080121
9140090110
9140090120
9140090130
9140090131
9140090210
9140090220
9140090230
9140090231
9140110110
9140110111
9140120110
9140120111
9140120120
9140120121
9140120210
9140120211
9140120220
9140120221
9140120230
9140120231
9140130110
9140130111
9140130210
9140130211
9140130220
9140130221
9140130230
9140130231
9140140110
9140140120
9140140130
9140140131
9140150110
9140150120
9140150121
9140170110
9140170111
9140170210
9140170220
9140170221
9140180110
9140180111
9140180120
9140180121
9140180130
9140180131
9140190110
9140190120
9140190121
9140190210
9140190220
9140190221
9140250110
9140250111
9140250120
9140250121
9140250130
9140250131
9140280110
9140280111
9140310110
9140310120
9140320110
9140320111
9140320120
9140320121
9140320130
9140320140
9140320141
9140340110
9140340111
9140340120
9140340121
9140380110
9140380120
9140380121
9140390110
9140390111
9140390112
9140390120
9140390121
9140430110
9140430120
9140430121
9140430130
9140430140
9140430141
9140440111
9140440120
9140440121
9140440140
9140440141
9140470110
9140470120
9140470130
9140470131
9150010110
9150010120
9150010130
9150010131
9150020110
9150020111
9150030110
9150030120
9150030121
9150030210
9150030211
9150030220
9150030221
9150040110
9150040120
9150040130
9150040131
9150050110
9150050120
9150050130
9150050131
9150070110
9150070120
9150070130
9150070131
9150090110
9150090120
9150090121
9150090210
9150090220
9150090221
9150100110
9150100120
9150100121
9150110110
9150110120
9150110121
9150120110
9150120111
9150140110
9150140120
9150140130
9150140140
9150140150
9150140151
9150150110
9150150120
9150150121
9150160110
9150160120
9150160130
9150160131
9150170110
9150170120
9150170130
9150170131
9150170210
9150170220
9150170221
9150180110
9150180120
9150180130
9150180131
9150190110
9150190120
9150190121
9150190210
9150190211
9150190310
9150190320
9150190330
9150190331
9150210110
9150210120
9150210121
9150220110
9150220111
9150230110
9150230111
9150250110
9150250111
9150280111
9150280120
9150280121
9150280130
9150280131
9150300110
9150300111
9150300120
9150300121
9150300130
9150300131
9150300140
9150300141
9150300150
9150300151
9150300160
9150300161
9150300170
9150300171
9150300180
9150300181
9150300210
9150300211
9150300220
9150300230
9150330110
9150330120
9150330130
9150330140
9150330141
9150340110
9150340120
9150340121
9150340210
9150340211
9150350110
9150350120
9150350130
9150350131
9150350210
9150350220
9150350221
9150350230
9150350231
9150360110
9150360111
9150360120
9150360121
9150360130
9150360131
9150390110
9150390120
9150390130
9150430110
9150430120
9150430121
9150430130
9150430131
9150430140
9150430141
9160010110
9160010120
9160010121
9160020110
9160020120
9160020121
9160030110
9160030111
9160030120
9160030121
9160030130
9160030131
9160050110
9160050120
9160050130
9160050131
9160050210
9160050220
9160050230
9160050231
9160070110
9160070111
9160080110
9160080111
9160080120
9160080121
9160080210
9160080211
9160080220
9160080221
9160080231
9160080240
9160080241
9160090110
9160090111
9160100110
9160100120
9160100121
9160100210
9160100220
9160100230
9160100231
9160110110
9160110120
9160110130
9160110131
9160120110
9160120120
9160120130
9160120131
9160130110
9160130111
9160140110
9160140120
9160140130
9160140131
9160150110
9160150111
9160170110
9160170120
9160170130
9160170131
9160180110
9160180120
9160180121
9160180210
9160180220
9160180221
9160180310
9160180320
9160180321
9160180410
9160180411
9160190110
9160190120
9160190121
9160210110
9160210120
9160210121
9160210210
9160210220
9160210230
9160210231
9160260110
9160260111
9160260120
9160260121
9160260130
9160260131
9160270110
9160270111
9160270120
9160270121
9160270130
9160270140
9160270141
9160270150
9160270151
9160270210
9160270211
9160270220
9160270221
9160290110
9160290120
9160290130
9160290131
9160300110
9160300120
9160300121
9160310110
9160310111
9160310120
9160310121
9160310130
9160310131
9160320110
9160320111
9160350110
9160350120
9160350130
9160350131
9160360110
9160360111
9160360120
9160360121
9160360210
9160360211
9160360220
9160360230
9160360240
9160360250
9160360251
9160370110
9160370111
9160370120
9160370121
9160370130
9160370131
9160370210
9160370220
9160370230
9160370231
9160380110
9160380120
9160380121
9170010110
9170010120
9170010121
9170010210
9170010220
9170010221
9170020110
9170020120
9170020130
9170020131
9170020210
9170020220
9170020221
9170030110
9170030120
9170030121
9170040110
9170040120
9170040130
9170040131
9170040210
9170040220
9170040230
9170040231
9170050110
9170050120
9170050130
9170050131
9170060110
9170060120
9170060121
9170060210
9170060211
9170060220
9170060221
9170070110
9170070111
9170070210
9170070220
9170070221
9170070230
9170070231
9170080110
9170080120
9170080121
9170080130
9170080131
9170080140
9170080141
9170090110
9170090120
9170090130
9170090131
9170100110
9170100120
9170100121
9170110110
9170110120
9170110121
9170110210
9170110220
9170110230
9170110240
9170110241
9170130110
9170130120
9170130130
9170130131
9170140110
9170140111
9170140210
9170140211
9170150110
9170150120
9170150130
9170150131
9170160110
9170160120
9170160130
9170160131
9170160210
9170160211
9170200110
9170200120
9170200121
9170200210
9170200220
9170200230
9170200231
9170220110
9170220111
9170220120
9170220121
9170230110
9170230111
9170230210
9170230220
9170230221
9170240110
9170240111
9170240120
9170240121
9170240130
9170240140
9170240141
9170250110
9170250120
9170250121
9170270110
9170270120
9170270130
9170270140
9170270141
9170300110
9170300120
9170300130
9170300131
9170320110
9170320111
9170330110
9170330120
9170330130
9170340110
9170340111
9170390110
9170390120
9190010110
9190010120
9190010130
9190010131
9190010210
9190010220
9190010221
9190010310
9190010320
9190010330
9190010331
9190020110
9190020120
9190020130
9190020131
9190020210
9190020220
9190020221
9190050110
9190050111
9190050120
9190050130
9190050131
9190060110
9190060120
9190060121
9190080110
9190080111
9190080120
9190080121
9190080130
9190080131
9190080140
9190080141
91写目 立派な黒い脛当だ
91階 シリアルを売っているようだ
91階 立派な角を持つお客様だ
92写目 頂点に立てそうなブーツだ
92階 大量の肉をご注文だ
92階 焼き方で揉めているようだ
93写目 ハーネス付きのブーツだ
93階 排煙の甘い焼肉屋のようだ
93階 高価なパーツをご注文だ
9400040110
9400040111
9400040210
9400040220
9400040221
9400040310
9400040311
9400040410
9400040420
9400040421
9400040510
9400040511
9400050010
9400050110
9400050111
9400050210
9400050231
9400050310
9400050321
9400050331
9400050410
9400050421
9400050431
9400050510
9400050531
9400050541
9400050610
9400050631
9400050640
9400050641
9400050710
9400050740
9400050741
9400090110
9400090111
9400090210
9400090211
9400090310
9400090320
9400090321
9400090410
9400090411
9400090510
9400090511
9400090610
9400090611
9400110110
9400110111
9400110210
9400110211
9400110310
9400110311
9400110410
9400110411
9400120110
9400120111
9400120210
9400120211
9400120310
9400120311
9400120410
9400120411
9400120510
9400120511
9400120610
9400120611
9400120710
9400120711
9400120810
9400120811
9400140110
9400140120
9400140121
9400150110
9400150111
9400150210
9400150211
9400150310
9400150311
9400150410
9400150411
9400150510
9400150610
9400150611
9400170110
9400170120
9400170121
9400180110
9400180111
9400180210
9400180230
9400180231
9400180310
9400180311
9400180320
9400180321
9400180410
9400180411
9400180510
9400180511
9400181010
9400181011
9400181020
9400181021
9400181030
9400181031
9400210010
9400210110
9400210111
9400210210
9400210211
9400210310
9400210311
9400210410
9400210411
9400210510
9400210511
9400210610
9400210611
9400210710
9400210711
9400210810
9400210811
9400210910
9400210911
9400211010
9400211011
9400211110
9400211210
9400211310
9400211410
9400211411
9400211510
9400211511
9400211610
9400211611
9400230110
9400230111
9400230210
9400230211
9400230310
9400230311
9400230320
9400230321
9400230330
9400230331
9400240110
9400240111
9400240210
9400240211
9400240310
9400240311
9400240410
9400240411
9400240510
9400240511
9400240610
9400240611
9400240710
9400240720
9400240721
9400270110
9400270111
9400270210
9400270211
9400280110
9400280111
9400280210
9400280220
9400280221
9400280310
9400280320
9400280321
9400280410
9400280411
9400280510
9400280511
9400280610
9400280620
9400280621
9400280710
9400280711
9400280810
9400280811
9400310010
9400310110
9400310111
9400310210
9400310211
9400310310
9400310410
9400310511
9400310610
9400310710
9400310711
9400310810
9400310811
9400310910
9400311010
9400311011
9400311110
9400311111
9400311210
9400311310
9400311311
9400311410
9400311411
9400311510
9400311610
9400311710
9400311810
9400311811
9400311910
9400311911
9400370110
9400370120
9400370130
9400377011
9400377111
9400377211
9400377311
9400377411
9400377511
9400377611
9400377710
9400377711
9400390110
9400390210
9400390211
9400390310
9400390311
9400390410
9400390411
9400390510
9400390511
9400390610
9400390611
9400390710
9400390711
9400390810
9400390811
9400450110
9400450210
9400450211
9400450220
9400450230
9400450240
9400450250
9400450310
9400450311
9400450320
9400450330
9400450331
9400450410
9400450511
9400450610
9400450611
9400450710
9400450711
9400450810
9400450811
9400450910
9400451011
9400451110
9400451120
9400451130
9400451131
9400451210
9400451311
9400451410
9400451510
9400451511
9400470110
9400560010
9400560110
9400560120
9400560121
9400560130
9400560131
9400560210
9400560220
9400560221
9400560310
9400560320
9400560330
9400560331
9400560410
9400560411
9400560420
9400560421
9400560430
9400560431
9400560510
9400560511
9400560520
9400560521
9400560611
9400560620
9400560621
9400560631
9400560710
9400560711
9400560810
9400560820
9400560821
9400566010
9400566011
9400566110
9400566111
9400566210
9400566211
9400566310
9400566311
9400570110
9400570210
9400570310
9400570410
9400570510
9400570610
9400570710
9400570810
9400570910
9400571010
9400571110
9400571210
9400571310
9400571410
9400580110
9400580210
9400580310
9400580410
9400580510
9400580610
9400580710
9400580810
9400580910
9400581010
9400581110
9400581210
9400581310
9400581410
9400581510
9400581610
9400581710
9400581810
9400581910
9400582010
9400582110
9400582210
9400582310
9400582410
9400582510
9400582610
9400582710
9400582810
9400582910
9400583010
9400583110
9400583210
9400583310
9400583410
9400583510
9400583610
9400583710
9400583810
9400583910
9400584010
9400584110
9400584210
9400584310
9400584410
9400584510
9400610010
9400610110
9400610111
9400610210
9400610310
9400610311
9400610410
9400610411
9400610510
9400610511
9400610610
9400610620
9400610621
9400610710
9400610720
9400610730
9400610731
9400610810
9400610820
9400610830
9400610831
9400610910
9400611010
9400616010
9400616011
9400616110
9400616111
9400616210
9400616220
9400616230
9400616231
9400616310
9400616320
9400616321
9400617010
9400620110
9400620210
9400620310
9400620410
9400620510
9400620610
9400620710
9400620810
9400620910
9400621010
9400621110
9400621210
9400621510
9400621610
9400621710
9400621810
9400621910
9400622010
9400622110
9400622210
9400622310
9400622410
9400622510
9400622610
9400622710
9400622810
9400622910
9400623010
9400623110
9400623210
9400623310
9400623410
9400623510
9400623610
9400623710
9400623810
9400623910
9400624010
9400624110
9400624210
9400624310
9400624410
9400624510
9400624610
9400624710
9400624810
9400624910
9400625010
9400640010
9400640110
9400640111
9400640210
9400640310
9400640311
9400640410
9400640711
9400640810
9400640910
9400640911
9400640920
9400640921
9400641010
9400641311
9400641410
9400641510
9400641511
9400641610
9400642011
9400642110
9400642210
9400642211
9400642310
9400642311
9400642410
9400642811
9400642910
9400643011
9400643110
9400643111
9400643210
9400643311
9400643810
9400650110
9400650111
9400650210
9400650710
9400650810
9400651310
9400651410
9400651910
9400652010
9400660110
9400660210
9400660610
9400661010
9400661410
9400661810
9400662211
9400669911
9400710110
9400770010
9400770110
9400770111
9400770210
9400770211
9400770310
9400770320
9400770321
9400770410
9400770420
9400770430
9400770431
9400770510
9400770511
9400770610
9400770620
9400770621
9400770710
9400770711
9400770810
9400770811
9400770910
9400770911
9400771011
9400771110
9400771111
9400771210
9400771311
9400771410
9400771411
9400771510
9400771511
9400910110
9400910111
9400910210
9400910211
9400910310
9400910311
9400910410
9400910420
9400910421
9400910510
9400910511
9400910610
9400910611
9400910710
9400910720
9400910721
9400950110
9400950111
9400950210
9400950211
9400950310
9400950410
9400950411
9400950510
9400950511
9401000110
9401000111
9401000210
9401000211
9401000310
9401000311
9401130110
9401130210
9401130211
9401130310
9401130410
9401130510
9401130610
9401130620
9401130621
9401130710
9401130810
9401130910
9401131010
9401131011
9401131110
9401131210
9401131211
9401131310
9401131311
9401170110
9401170111
9401170120
9401170121
9401190010
9401190110
9401190111
9401190120
9401190131
9401190141
9401190150
9401190151
9401190211
9401190310
9401190311
9401190320
9401190321
9401190410
9401190510
9401190511
9401190520
9401190610
9401190710
9401190711
9401190810
9401190910
9401190911
9401191010
9401191110
9401191111
9401191210
9401191211
9401191310
9401191311
9401191410
9401191420
9401191430
9401191431
9401191440
9401191441
9401191450
9401191511
9401191611
9401191710
9401191711
9401191721
9401191730
9401191731
9401191740
9401191741
9401191750
9401191810
9401191811
9401191820
9401191910
9401191911
9401191920
9401191921
9401191930
9401191931
9401191940
9401191950
9401192010
9401192110
9401192210
9401192220
9401192310
9401192710
9401192711
9401490110
9401490111
9401490120
9401490121
9401500010
9401500110
9401500210
9401500310
9401500410
9401500510
9401500610
9401500710
9401500810
9401500811
9401500820
9401500830
9401500910
9401500911
9401501010
9401501011
9401501110
9401501210
9401501220
9401501221
9401501310
9401501410
9401501420
9401501421
9401501430
9401501431
9401501510
9401501610
9401501620
9401501621
9401501710
9401530010
9401530110
9401530111
9401530120
9401530210
9401530220
9401530221
9401530310
9401530311
9401530410
9401530411
9401530510
9401530610
9401530611
9401530620
9401530710
9401530720
9401530721
9401530810
9401530910
9401530920
9401531010
9401531020
9401531021
9401531030
9401531031
9401531040
9401531110
9401531210
9401531220
9401531310
9401531410
9401531510
9401531610
9401531710
9401531810
9401531910
9401532010
9401532020
9401532021
9401532110
9401532210
9401532310
9401532410
9401532510
9401532610
9401560010
9401560110
9401560120
9401560121
9401560130
9401560140
9401560141
9401560150
9401560151
9401560210
9401560220
9401560221
9401560310
9401560311
9401560320
9401560321
9401560330
9401560331
9401560410
9401560411
9401560420
9401560421
9401560430
9401560431
9401560510
9401560511
9401560610
9401561010
9401610110
9401610210
9401610211
9401740110
9401740111
9401740120
9401740121
9401740130
9401740131
9401760110
9401760111
9401760210
9401760211
9401760310
9401760311
9401760410
9401760411
9401760510
9401760520
9401760521
9401760610
9401760611
9401760710
9401760711
9401760810
9401760811
9401760910
9401760911
9401761010
9401761011
9401761110
9401761111
9401761210
9401761211
9401761310
9401761311
9401761410
9401761420
9401761421
9401761510
9401761610
9401880110
9401880111
9401880210
9401880211
9401880310
9401880311
9401880410
9401880411
9401880510
9401880511
9401880610
9401880611
9401880710
9401880711
9401880810
9401880811
9401880820
9401880821
9401880830
9401880831
9401940110
9401940111
9401940210
9401940211
9401940310
9401940311
9401940410
9401940420
9401940421
9402000110
9402000120
9402000210
9402000310
9402000311
9402000410
9402000411
9402000510
9402000511
9402000610
9402000611
9402000710
9402000711
9402000810
9402000811
9402000910
9402000911
9402001010
9402001011
9402001110
9402001111
9402001210
9402001211
9402001310
9402080010
9402081110
9402081111
9402081210
9402130010
9402330010
9402330110
9402330111
9402330210
9402330310
9402330410
9402330510
9402330520
9402330530
9402330531
9402330610
9402330620
9402330710
9402330810
9402330910
9402390110
9402390210
9402390310
9402390410
9402390411
9402390510
9402390610
9402390710
9402390810
9402390910
9402391010
9402490010
9402490110
9402490111
9402490210
9402490310
9402490311
9402490410
9402490510
9402490511
9402490610
9402490710
9402490711
9402490810
9402490910
9402490911
9402491010
9402491011
9402491110
9402491210
9402491310
9402491410
9402491510
9402491610
9402491710
9402491810
9402491910
9402492010
9402492110
9402492210
9402492310
9402492311
9402750110
9402750210
9402750211
9402750220
9402750221
9402750310
9402750320
9402750321
9402750410
9402750510
9402750610
9402750611
9402750710
9402750711
9402750810
9402750820
9402750821
9402750910
9402751010
9402751011
9402751110
9402751210
9402751220
9402751310
9402751311
9402751410
9402751510
9402751511
9402751610
9402751611
9402751710
9402751711
9402751810
9402751811
9402751910
9402751911
9402752010
9402752011
9402752110
9402752210
9402752310
9402752410
9402752510
9402752610
9402752611
9402752710
9402752810
9402752811
9402752910
9402752911
9402753010
9402753011
9402753110
9402753111
9402753210
9402753211
9402753310
9402753320
9402753410
9402753411
9402753510
9402753511
9402753610
9402753611
9402753710
9402753711
9402753720
9402753721
9402753730
9402753731
9402753810
9402753820
9402753830
9402753840
9402753910
9402753911
9402754010
9402754110
9402754210
9402754310
9402754410
9402754510
9402754610
9402754710
9402754810
9402754910
9402755010
9402755110
9402755210
9402755310
9402755410
9402755510
9402755610
9402755710
9402755810
9402755910
9402756010
9402756110
9402756210
9402756310
9402770110
9402770111
9402770120
9402770121
9402770210
9402770310
9402770311
9402770410
9402770411
9402770510
9402770610
9402770710
9402770711
9402770810
9402770811
9402770910
9402770911
9402771010
9402900110
9402900210
9402900211
9403010110
9403010120
9403010121
9403010130
9403010131
9403010210
9403010211
9403010310
9403010311
9403010320
9403010321
9403010410
9403010411
9403010420
9403010421
9403010510
9403010520
9403010521
9403010610
9403010611
9403010620
9403010621
9403010710
9403010711
9403010720
9403010721
9403010810
9403010820
9403010910
9403011011
9403011111
9403011120
9403011210
9403011211
9403011310
9403130110
9403130120
9403130130
9403130131
9403130210
9403130220
9403130230
9403130310
9403130311
9403130320
9403130330
9403130410
9403130420
9403130510
9403130520
9403130521
9403130610
9403130620
9403130710
9403130720
9403130810
9403130820
9403130830
9403130910
9403130911
9403130920
9403130921
9403131010
9403220010
9403220110
9403220111
9403220120
9403220121
9403220130
9403220210
9403220310
9403220410
9403220510
9403220511
9403220610
9403220611
9403220710
9403220711
9403220810
9403220821
9403220910
9403220911
9403221010
9403221011
9403221110
9403221111
9403221120
9403221210
9403221211
9403221310
9403221311
9403221410
9403221411
9403221510
9403221511
9403221610
9403221611
9403221710
9403221810
9403221910
9403221920
9403221921
9403222010
9403230110
9403230111
9403230210
9403230211
9403230310
9403230311
9403230410
9403230411
9403350110
9403350111
9403350210
9403350211
9403350310
9403350321
9403350410
9403350411
9403350510
9403350511
9403350611
9403350710
9403350720
9403350721
9403350730
9403350810
9403350820
9403350830
9403350840
9403350850
9403350860
9403350870
9403350880
9403350890
9403350900
9403350910
9403350920
9403350930
9403350940
9403350950
9403350960
9403350970
9403350980
9403350990
9403351000
9403351010
9403351020
9403351030
9403351040
9403351050
9403351060
9403351070
9403351080
9403351090
9403351100
9403351110
9403351120
9403351130
9403351140
9403351150
9403351160
9403351170
9403351180
9403351190
9403351200
9403351300
9403351310
9403351320
9403351330
9403351340
9403351350
9403351360
9403351370
9403351380
9403351390
9403351400
9403351410
9403351420
9403351430
9403351440
9403351450
9403351460
9403351470
9403351480
9403351490
9403351500
9403351510
9403351520
9403351530
9403351540
9403351550
9403351560
9403351570
9403351580
9403351590
9403351600
9403351610
9403351620
9403351630
9403351640
9403351650
9403351660
9403351670
9403351680
9403351690
9403351700
9403351710
9403351720
9403351730
9403351740
9403351750
9403351760
9403351770
9403351780
9403351790
9403351800
9403351810
9403351820
9403351830
9403351840
9403351850
9403351860
9403351870
9403351880
9403351890
9403351900
9403351910
9403351920
9403351930
9403351940
9403351950
9403351960
9403351970
9403351980
9403351990
9403352000
9403352010
9403352020
9403352030
9403352040
9403352050
9403352060
9403352070
9403352080
9403352090
9403352100
9403352110
9403352120
9403352130
9403352140
9403352150
9403352160
9403352170
9403352180
9403352190
9403352200
9403352210
9403352220
9403352230
9403352240
9403352250
9403352260
9403352270
9403352280
9403352290
9403352300
9403352310
9403352320
9403352330
9403352340
9403352350
9403352360
9403352370
9403352380
9403352390
9403352400
9403352410
9403352420
9403352430
9403352440
9403352500
9403352510
9403352520
9403352530
9403352540
9403352550
9403352560
9403352570
9403352580
9403352590
9403352600
9403352610
9403352620
9403352630
9403352640
9403352650
9403352660
9403352670
9403352680
9403352690
9403352700
9403352710
9403352720
9403352730
9403352740
9403352750
9403352760
9403352770
9403352780
9403352790
9403352800
9403352810
9403352820
9403352830
9403352840
9403352850
9403352860
9403352870
9403352880
9403352890
9403352900
9403352910
9403352920
9403353000
9403353010
9403353020
9403353030
9403353040
9403353050
9403353060
9403353070
9403353080
9403353090
9403353100
9403353110
9403353120
9403353130
9403353140
9403353150
9403353160
9403353170
9403353180
9403353190
9403353200
9403353210
9403353220
9403353230
9403353240
9403353250
9403353260
9403353270
9403353280
9403353290
9403353300
9403353310
9403353320
9403353330
9403353340
9403353350
9403353360
9403353370
9403353380
9403355000
9403355010
9403355020
9403355030
9403355040
9403355050
9403355060
9403355070
9403355080
9403355090
9403355100
9403355110
9403355120
9403355130
9403355140
9403355150
9403355160
9403355170
9403355180
9403355190
9403355200
9403355210
9403355220
9403355230
9403355240
9403355250
9403355260
9403355270
9403355280
9403355290
9403355300
9403355310
9403355320
9403355330
9403355340
9403355350
9403355360
9403355370
9403355380
9403355390
9403356000
9403356010
9403356020
9403356030
9403356040
9403356050
9403356060
9403356070
9403356080
9403356090
9403356100
9403356110
9403356120
9403356130
9403356140
9403356150
9403356160
9403356170
9403356180
9403356190
9403356200
9403356210
9403356220
9403356230
9403356240
9403356250
9403356260
9403356270
9403356280
9403356290
9403357000
9403357010
9403357020
9403357030
9403357040
9403357050
9403357060
9403357070
9403357080
9403357090
9403357100
9403357110
9403357120
9403357130
9403357140
9403357150
9403357160
9403357170
9403357180
9403357190
9403357200
9403357210
9403357220
9403357230
9403357240
9403357250
9403357260
9403357270
9403357280
9403357290
9403357300
9403357310
9403357320
9403357330
9403357340
9403357350
9403357360
9403357370
9403357380
9403357390
9403357400
9403357410
9403357420
9403357430
9403357440
9403357450
9403357460
9403357470
9403357480
9403357490
9403357500
9403357510
9403357520
9403357530
9403357540
9403357550
9403357560
9403357570
9403357580
9403357590
9403357600
9403357610
9403357620
9403357630
9403357640
9403357650
9403357660
9403357670
9403357680
9403357690
9403357700
9403357710
9403357720
9403357730
9403357740
9403357750
9403357760
9403357770
9403357780
9403357790
9403357800
9403357810
9403357820
9403357830
9403357840
9403357850
9403357860
9403357870
9403357880
9403357890
9403357900
9403357910
9403357920
9403357930
9403357940
9403357950
9403357960
9403357970
9403357980
9403357990
9403358000
9403358010
9403358020
9403358030
9403358040
9403358050
9403358060
9403358070
9403358080
9403358090
9403358100
9403358110
9403358120
9403358130
9403358140
9403358150
9403358160
9403358170
9403358180
9403358190
9403358200
9403358210
9403358220
9403358230
9403358240
9403358250
9403358260
9403358270
9403358280
9403358290
9403358300
9403358310
9403358320
9403358330
9403358340
9403358350
9403358360
9403358370
9403358380
9403358390
9403358400
9403358410
9403358420
9403358430
9403358440
9403358450
9403358460
9403358470
9403358480
9403358490
9403358500
9403358510
9403358520
9403358530
9403450110
9403451010
9403451011
9403460110
9403460111
9403460210
9403460220
9403460310
9403460410
9403460411
9403460510
9403460511
9403460520
9403460610
9403500110
9403500120
9403500130
9403500210
9403500220
9403500221
9403500310
9403500311
9403500410
9403500510
9403500610
9403500710
9403500711
9403500810
9403500911
9403501010
9403501011
9403501110
9403501210
9403501211
9403501310
9403501410
9403501510
9403501511
9403501610
9403501710
9403501711
9403501810
9403501910
9403502010
9403502011
9403502111
9403502210
9403502311
9403502410
9403502510
9403502511
9403502611
9403502710
9403502810
9403502910
9403503010
9403503110
9403503111
9403503210
9403503211
9403503220
9403503230
9403503231
9403503240
9403503310
9403503320
9403503410
9403503411
9403503510
9403503511
9403503520
9403503530
9403503540
9403503550
9403503610
9403503620
9403504010
9403504020
9403507511
9403507611
9403507711
9403507811
9403660010
9403660110
9403660120
9403660130
9403660210
9403660211
9403660220
9403660230
9403660231
9403660240
9403660250
9403660251
9403660310
9403660320
9403660330
9403660340
9403660341
9403660410
9403660411
9403660420
9403660430
9403660510
9403660520
9403660610
9403660611
9403660620
9403660710
9403660720
9403660730
9403660740
9403660741
9403660810
9403660820
9403660821
9403660830
9403660831
9403660840
9403660910
9403660920
9403661010
9403661110
9403661120
9403661121
9403661211
9403661310
9403661311
9403661320
9403661330
9403661340
9403661410
9403663011
9403663110
9403663111
9403663211
9403663311
9403663410
9403663411
9403730110
9403730210
9403730310
9403730311
9403730410
9403730510
9403730610
9403730710
9403730810
9403730811
9403730910
9403731010
9403731110
9403731210
9403731310
9403731410
9403731510
9403731610
9403731710
9403731810
9403731910
9403732010
9403732110
9403790110
9403790120
9403790130
9403790140
9403790150
9403790160
9403790170
9403840110
9403840111
9403840210
9403840220
9403840221
9403840310
9403840311
9403840320
9403840321
9403840410
9403840420
9403840421
9403840510
9403840511
9403840610
9403840710
9403840810
9403840811
9403840814
9403840910
9403841010
9403841011
9403841110
9403841120
9403841121
9403841210
9403841211
9403841220
9403841310
9403841320
9403841321
9403841410
9403841420
9403841421
9403841510
9403841511
9403841610
9403841620
9403841621
9403841710
9403841711
9403841720
9403841810
9403850110
9403850210
9403850310
9403850311
9403850410
9403850411
9403850510
9403850511
9403850610
9403850611
9403850710
9403850711
9403850810
9403850811
9403860110
9403880110
9403880210
9403880310
9403880410
9403880510
9403880610
9403880710
9403880810
9403880910
9403880920
9403880921
9403914210
9403914310
9404010110
9404010210
9404010220
9404010221
9404010230
9404010231
9404010310
9404010320
9404010321
9404010410
9404010420
9404010421
9404010510
9404010520
9404010521
9404010610
9404010620
9404010621
9404010710
9404010720
9404010721
9404010730
9404010740
9404010741
9404010810
9404010820
9404010830
9404010840
9404010841
9404010910
9404010911
9404011010
9404011011
9404011110
9404011111
9404011210
9404011211
9404011220
9404011310
9404011320
9404011321
9404011330
9404011331
9404011410
9404011411
9404011510
9404011511
9404011610
9404011611
9404011710
9404011711
9404011810
9404011820
9404011821
9404011910
9404011911
9404012010
9404012110
9404012210
9404012310
9404012311
9404012410
9404012411
9404012510
9404012610
9404012710
9404012810
9404012811
9404012910
9404012920
9404012921
9404013010
9404013110
9404013210
9404013310
9404020110
9404020111
9404020210
9404020211
9404020310
9404020311
9404020410
9404020420
9404020421
9404020510
9404020511
9404020610
9404020710
9404020711
9404020810
9404020910
9404020920
9404020921
9404021010
9404021020
9404021021
9404022010
9404022110
9404022210
9404022310
9404022410
9404022510
9404039010
9404090110
9404090210
9404090211
9404090310
9404090410
9404090411
9404090510
9404090511
9404190110
9404190112
9404190120
9404190210
9404190310
9404190320
9404190321
9404190330
9404190331
9404190340
9404190410
9404190421
9404190430
9404190431
9404190510
9404190511
9404190610
9404190611
9404190710
9404190720
9404190721
9404190730
9404190810
9404190820
9404190830
9404190831
9404190910
9404190911
9404190920
9404190921
9404191010
9404191020
9404191110
9404191120
9404191121
9404191130
9404191210
9404191211
9404191220
9404191310
9404191311
9404191320
9404191321
9404191410
9404191420
9404191421
9404191430
9404191440
9404191441
9404191450
9404191451
9404191460
9404191461
9404191510
9404191520
9404191530
9404191538
9404191540
9404191610
9404191710
9404191720
9404191730
9404193010
9404193011
9404194010
9404194110
9404194210
9404194310
9404194410
9404194510
9404199110
9404199410
9404300110
9404300210
9404300211
9404300310
9404300311
9404300410
9404300411
9404300510
9404300511
9404300610
9404300611
9404300710
9404300711
9404300810
9404490110
9404490120
9404490121
9404490130
9404490210
9404490220
9404490310
9404490320
9404490410
9404490420
9404490510
9404490520
9404490610
9404490620
9404490710
9404490810
9404490820
9404490910
9404490920
9404491010
9404491020
9404491110
9404491120
9404491210
9404491220
9404491221
9404491310
9404590110
9404590111
9404590210
9404590220
9404590221
9404590310
9404590311
9404590410
9404590411
9404590510
9404590520
9404590521
9404590610
9404590611
9404590710
9404590720
9404590721
9404590810
9404590820
9404650110
9404650210
9404650211
9404650220
9404650221
9404650310
9404650311
9404650410
9404650411
9404650420
9404650430
9404650431
9404650510
9404650511
9404650610
9404650611
9404650710
9404650711
9404650810
9404770110
9404770210
9404770310
9404770410
9404770510
9404770710
9404770711
9404770810
9404770910
9404770911
9404771010
9404771110
9404771111
9404771210
9404771310
9404771311
9404771410
9404771510
9404771610
9404771611
9404771710
9404771810
9404771811
9404771910
9404772010
9404772011
9404772110
9404772210
9404772211
9404772310
9404772410
9404772411
9404772510
9404772511
9404772610
9404772611
9404772710
9404772711
9404772810
9404772910
9404772911
9404773010
9404773110
9404773111
9404773210
9404773310
9404773311
9404773410
9404773510
9404773610
9404773611
9404773710
9404773810
9404773811
9404773910
9404774010
9404774011
9404774110
9404774210
9404774211
9404774310
9404774410
9404774510
9404774511
9404774520
9404774610
9404774620
9404774710
9404774720
9404774730
9404774810
9404774820
9404774821
9404774910
9404774920
9404774930
9404774931
9404775010
9404775020
9404775030
9404775040
9404775050
9404775060
9404775070
9404775071
9404775110
9404775210
9404775310
9404775410
9404775411
9404775415
9404775510
9404775511
9404775515
9404775610
9404775710
9404775711
9404775715
9404775810
9404775811
9404775815
9404775910
9404776010
9404776110
9404776210
9404776310
9404776311
9404776315
9404776410
9404776411
9404776415
9404776510
9404776610
9404776710
9404776810
9404776910
9404776911
9404776915
9404777010
9404777011
9404777015
9404777110
9404777210
9404777310
9404777410
9404777510
9404777610
9404777710
9404777711
9404777715
9404777810
9404777811
9404777815
9404777910
9404778010
9404778110
9404778210
9404778310
9404778410
9404778510
9404778511
9404778515
9404778610
9404778611
9404778615
9404778710
9404778810
9404778910
9404779010
9404779110
9404779210
9404779310
9404779410
9404779411
9404779415
9404779510
9404779511
9404779515
9404779610
9404779710
9404779810
9404779910
9404780010
9404780110
9404780210
9404780310
9404780311
9404780315
9404780410
9404780411
9404780415
9404780510
9404780610
9404780710
9404780810
9404780910
9404781010
9404781110
9404781111
9404781115
9404781210
9404781211
9404781215
9404781310
9404781410
9404781510
9404781610
9404781710
9404781720
9404781721
9404781725
9404781730
9404781810
9404781811
9404781815
9404781820
9404781910
9404781911
9404781915
9404781920
9404782010
9404782011
9404782015
9404782020
9404782110
9404782111
9404782115
9404782120
9404782210
9404782211
9404782215
9404782310
9404782311
9404782315
9404782410
9404782420
9404782421
9404782430
9404782431
9404782510
9404782511
9404782520
9404782521
9404782530
9404782540
9404782541
9404782560
9404782561
9404782610
9404910110
9404910120
9404910210
9404910220
9404910230
9404910231
9404910240
9404910241
9404910310
9404910320
9404910321
9404910410
9404910420
9404910421
9404910510
9404910511
9404910520
9404910610
9404910620
9404910621
9404910630
9404910710
9404910720
9404910721
9404910810
9404910820
9404910910
9404911010
9404911011
9404911110
9404911120
9404911130
9404911210
9404911211
9404911212
9404911220
9404911221
9404911310
9404912010
9404912110
9404912210
9404912310
9404912410
9404912510
9404912610
9404912710
9404912810
9404912910
9404912911
9405140110
9405140210
9405140220
9405140230
9405140231
9405140310
9405140410
9405140510
9405140520
9405140521
9405140610
9405140611
9405140710
9405140711
9405140720
9405140721
9405140730
9405140810
9405140811
9405140910
9405141010
9405141020
9405141030
9405141040
9405141041
9405141110
9405141210
9405141220
9405141221
9405141230
9405141240
9405141241
9405141250
9405141260
9405141310
9405141311
9405141320
9405141321
9405141410
9405141411
9405141420
9405141430
9405141431
9405141510
9405141511
9405141520
9405141610
9405141611
9405141710
9405141810
9405141811
9405141910
9405141911
9405141920
9405141921
9405141930
9405141931
9405141940
9405141941
9405142010
9405142020
9405142021
9405142030
9405142040
9405142110
9405142121
9405142130
9405142140
9405142150
9405142160
9405142170
9405142171
9405142210
9405142310
9405142410
9405142411
9405150110
9405150210
9405150220
9405150221
9405150310
9405150410
9405150411
9405150510
9405150511
9405150610
9405150620
9405150621
9405150710
9405150711
9405150810
9405150820
9405150821
9405150910
9405151010
9405151020
9405151021
9405151110
9405151111
9405151120
9405151121
9405151210
9405151211
9405160110
9405160210
9405160310
9405160410
9405160510
9405160610
9405160710
9405160810
9405160910
9405161010
9405161110
9405161210
9405161310
9405161410
9405161510
9405161610
9405161710
9405161810
9405240111
9405260110
9405260210
9405340110
9405340121
9405340210
9405340220
9405340221
9405340230
9405340231
9405340240
9405340310
9405340311
9405340320
9405340410
9405340510
9405340511
9405340520
9405340521
9405340530
9405340531
9405340610
9405340611
9405340710
9405340711
9405340810
9405340910
9405340911
9405341010
9405341011
9405341110
9405341111
9405341210
9405341211
9405341310
9405341311
9405341410
9405341430
9405341431
9405341510
9405341610
9405341710
9405341810
9405341811
9405341820
9405341821
9405341831
9405341840
9405341850
9405341851
9405341860
9405341910
9405342010
9405342020
9405342030
9405342150
9405342151
9405342210
9405342310
9405342410
9405342411
9405342510
9405342511
9405342610
9405342611
9405342710
9405342711
9405342810
9405342910
9405420110
9405420120
9405420210
9405420211
9405420310
9405420320
9405420321
9405420410
9405420420
9405420421
9405420510
9405420511
9405420610
9405420620
9405420621
9405420710
9405420720
9405420721
9405420810
9405420820
9405420830
9405420831
9405420910
9405530110
9405530120
9405530130
9405530210
9405530211
9405530310
9405530311
9405530320
9405530410
9405530510
9405530511
9405530610
9405530710
9405530720
9405530730
9405530731
9405530810
9405530910
9405530920
9405530921
9405531010
9405531110
9405531120
9405531130
9405531131
9405531210
9405531220
9405531230
9405531240
9405531250
9405531310
9405531320
9405610110
9405610120
9405610121
9405610210
9405610310
9405610311
9405610410
9405610411
9405610510
9405610511
9405610610
9405610611
9405610710
9405610711
9405610810
9405610820
9405610830
9405610831
9405610910
9405650110
9405650210
9405650220
9405650230
9405650240
9405650310
9405650320
9405650410
9405650411
9405650420
9405650510
9405650520
9405650610
9405650611
9405650710
9405650810
9405675010
9405710010
9405710110
9405710120
9405710121
9405710130
9405710140
9405710150
9405710210
9405710211
9405710220
9405710310
9405710311
9405710320
9405710410
9405710411
9405710420
9405710510
9405710511
9405710520
9405710610
9405710611
9405710620
9405710710
9405710810
9405710811
9405710820
9405710910
9405710911
9405710920
9405711010
9405711011
9405711020
9405711110
9405711120
9405711210
9405711211
9405711220
9405711230
9405711240
9405711310
9405790010
9405790110
9405790111
9405790120
9405790121
9405790130
9405790131
9405790140
9405790211
9405790220
9405790231
9405790240
9405790250
9405790260
9405790270
9405790271
9405790310
9405790320
9405790330
9405790331
9405790410
9405790420
9405790421
9405790431
9405790440
9405790441
9405790510
9405790520
9405790610
9405790611
9405790620
9405790621
9405790710
9405790711
9405790720
9405790730
9405790740
9405790750
9405790760
9405790761
9405790810
9405790811
9405790820
9405790821
9405790830
9405790831
9405790840
9405790910
9405790911
9405791010
9405791020
9405791030
9405791031
9405791040
9405791041
9405791050
9405791110
9405800110
9405800210
9405800310
9406040110
9406040112
9406040210
9406040220
9406040221
9406040310
9406040311
9406040320
9406040321
9406040330
9406040410
9406040411
9406040420
9406040421
9406040430
9406040431
9406040440
9406040450
9406040451
9406040460
9406040510
9406040511
9406040520
9406040530
9406040531
9406040540
9406040541
9406040610
9406040620
9406040710
9406040720
9406040721
9406040730
9406040740
9406040741
9406040750
9406040751
9406040810
9406040820
9406040830
9406040831
9406040840
9406040841
9406040850
9406040851
9406040910
9406040911
9406040920
9406040930
9406040940
9406040941
9406040950
9406040951
9406040960
9406040961
9406040970
9406040971
9406041010
9406041011
9406041020
9406041021
9406041030
9406041040
9406041110
9406041111
9406041120
9406041121
9406041130
9406041131
9406041140
9406041210
9406050110
9406050120
9406050121
9406050210
9406050211
9406050310
9406050311
9406050320
9406050321
9406050330
9406050410
9406050411
9406050421
9406050430
9406050440
9406050450
9406050510
9406050520
9406050530
9406050540
9406050550
9406050610
9406050611
9406050710
9406050711
9406050810
9406050910
9406051010
9406051110
9406051210
9406051220
9406220110
9406220210
9406220220
9406220230
9406220240
9406220241
9406220250
9406220260
9406220261
9406220310
9406220320
9406220330
9406220331
9406220340
9406220350
9406220360
9406220361
9406220370
9406220371
9406220411
9406220420
9406220430
9406220431
9406220440
9406220441
9406220510
9406220520
9406220530
9406220540
9406220541
9406220550
9406220551
9406220610
9406220611
9406220620
9406220630
9406220631
9406220710
9406220711
9406220720
9406220730
9406220731
9406220810
9406220811
9406220820
9406220830
9406220910
9406220911
9406220920
9406220930
9406220931
9406220940
9406220950
9406220951
9406220960
9406221010
9406280110
9406280210
9406280211
9406280310
9406280311
9406280320
9406280321
9406280410
9406280420
9406280430
9406280440
9406280441
9406280510
9406280520
9406280610
9406280620
9406280621
9406280710
9406280720
9406280721
9406280810
9406280820
9406280830
9406280910
9406281010
9406370110
9406370210
9406370220
9406370221
9406370230
9406370310
9406370320
9406370321
9406370410
9406370420
9406370421
9406370510
9406370521
9406370530
9406370531
9406370610
9406370611
9406370710
9406370720
9406370810
9406370811
9406370910
9406370911
9406370920
9406371010
9406371020
9406371110
9406371120
9406371210
9406371220
9406371230
9406371231
9406371310
9406380110
9406380210
9406380310
9406380410
9406380510
9406380610
9406380710
9406380810
9406380811
9406430110
9406430210
9406430310
9406430320
9406430321
9406430330
9406430340
9406430341
9406430410
9406430411
9406430420
9406430421
9406430431
9406430441
9406430510
9406430511
9406430520
9406430531
9406430541
9406430610
9406430611
9406430620
9406430631
9406430641
9406430710
9406430711
9406430720
9406430731
9406430741
9406430810
9406430811
9406430820
9406430821
9406430830
9406430910
9406490110
9406490210
9406490220
9406490230
9406490240
9406490310
9406490320
9406490410
9406490510
9406490520
9406490530
9406490531
9406490540
9406490550
9406490610
9406490620
9406490630
9406490710
9406490720
9406490810
9406490820
9406490910
9406491010
9406491020
9406491110
9406491120
9406491121
9406491130
9406491210
9406491220
9406491230
9406491310
9406491320
9406491330
9406491410
9406491420
9406491430
9406491510
9406570110
9406570211
9406570311
9406570411
9406570510
9406570610
9406570710
9406570810
9406570820
9406570830
9406570910
9406570920
9406570930
9406571010
9406640110
9406640210
9406640211
9406640310
9406640311
9406640410
9406640411
9406640510
9406640511
9406640610
9406640620
9406640621
9406640710
9406640711
9406640810
9406640811
9406640910
9406700110
9406700210
9406700220
9406700221
9406700310
9406700311
9406700410
9406700411
9406700510
9406700511
9406700610
9406700611
9406700710
9406700810
9406700820
9406700830
9406700840
9406700841
9406700910
9406721010
9406721110
9406721210
9406721310
9406721410
9406721510
9406721610
9406721710
9406760110
9406760410
9406760610
9406770110
9406770210
9406770211
9406770310
9406770410
9406770411
9406770510
9406770610
9406770611
9406770710
9406770711
9406880110
9406880111
9406880210
9406880220
9406880230
9406880241
9406880310
9406880311
9406880320
9406880410
9406880420
9406880510
9406880520
9406880610
9406880620
9406880710
9406880720
9406880810
9406880910
9406880920
9406880930
9406881020
9406881030
9406881110
9406881220
9406881310
9406881410
9406881510
9406881511
9406881610
9406881710
9406881810
9406881820
9406881821
9406881830
9406881840
9406881910
9406881930
9406881940
9406881950
9406882010
9406900110
9406900210
9406900310
9406900410
9406900510
9406900610
9406900710
9406900810
9406900910
9406901010
9406901110
9406901210
9406901310
9406901410
9406901510
9406901610
9406901710
9406901810
9406901910
9406902010
9406902110
9406902210
9406902310
9406902410
9406902510
9406940110
9406940111
9406940210
9406940211
9406940310
9406940410
9406940510
9406940511
9406940610
9406940611
9406960110
9406960120
9406960121
9406960130
9406960131
9406960140
9406960210
9406960211
9406960220
9406960221
9406960310
9406960320
9406960410
9406960411
9406960510
9406960511
9406960520
9406960521
9406960610
9406960611
9406960620
9406960710
9406960711
9406960810
9406960820
9406960821
9406960910
9406960920
9406960921
9406960930
9406961010
9406961110
9406961111
9406961120
9406961121
9406961210
9406961220
9406961221
9406961230
9406961240
9406961310
9406961311
9406961410
9406961411
9406961420
9406961430
9406961510
9406961520
9406961530
9406961531
9406961540
9406961541
9406961550
9406961610
9406961611
9406961620
9406961630
9406961631
9406961710
9406961720
9407030110
9407030111
9407030210
9407030211
9407030310
9407030311
9407030410
9407030411
9407030510
9407030511
9407030610
9407030611
9407142010
9407142110
9407142210
9407142310
9407270110
9407270210
9407270211
9407270310
9407270311
9407270410
9407270510
9407270610
9407270611
9407270710
9407270720
9407270810
9407270820
9407270830
9407270910
9407270911
9407271010
9407271020
9407271021
9407271110
9407271210
9407271211
9407271310
9407271320
9407271330
9407271331
9407271410
9407271420
9407271421
9407271510
9407271511
9407271610
9407271620
9407310110
9407310111
9407310210
9407310211
9407310310
9407310311
9407310410
9407310411
9407310510
9407310610
9407360110
9407360120
9407360130
9407360140
9407360210
9407360220
9407360221
9407360230
9407360231
9407360240
9407360241
9407360310
9407360320
9407360321
9407360330
9407360340
9407360341
9407360410
9407360420
9407360430
9407360440
9407360441
9407360450
9407360460
9407360510
9407360520
9407360521
9407360530
9407360610
9407360611
9407360620
9407360621
9407360630
9407360710
9407360711
9407360720
9407360730
9407360740
9407360750
9407360751
9407360810
9407360820
9407360821
9407360830
9407360831
9407360840
9407360841
9407360850
9407360910
9407360911
9407360920
9407360931
9407360940
9407360950
9407360960
9407361010
9407361011
9407361110
9407361120
9407370110
9407370120
9407370121
9407370210
9407370220
9407370310
9407370311
9407370410
9407370411
9407370510
9407370520
9407370521
9407450110
9407450111
9407450210
9407450220
9407450310
9407450311
9407450410
9407450411
9407450510
9407450610
9407450710
9407450711
9407450721
9407450730
9407450810
9407450820
9407450830
9407450910
9407450920
9407451010
9407451011
9407451012
9407451110
9407451120
9407451210
9407460110
9407460210
9407460310
9407460410
9407460510
9407460610
9407460710
9407460810
9407460811
9407580110
9407580111
9407580210
9407580211
9407580310
9407580311
9407580410
9407580411
9407580510
9407580610
9407620110
9407620210
9407620211
9407620220
9407620221
9407620230
9407620310
9407620311
9407620320
9407620330
9407620331
9407620340
9407620410
9407620411
9407620510
9407620520
9407620521
9407620530
9407620610
9407620620
9407620630
9407620631
9407620640
9407620710
9407620720
9407620721
9407620810
9407620811
9407620820
9407620910
9407690110
9407690111
9407690210
9407690211
9407690310
9407690311
9407690410
9407690411
9407690510
9407690511
9407690610
9407690611
9407730110
9407730210
9407730310
9407730311
9407730410
9407730411
9407730510
9407730610
9407770110
9407770111
9407770120
9407770310
9407770510
9407770610
9407940110
9407940111
9407940210
9407940211
9407940310
9407940311
9407940410
9407940411
9407940510
9407940610
9408000110
9408000210
9408000211
9408000310
9408000320
9408000410
9408000411
9408000510
9408000511
9408000520
9408000610
9408000611
9408000710
9408000711
9408000810
9408000811
9408180110
9408180210
9408180310
9408180311
9408180410
9408180510
9408180610
9408180620
9408180710
9408180711
9408180810
9408180811
9408180812
9408180910
9408210110
9408210210
9408210310
9408210410
9408210510
9408210610
9408210710
9408210810
9408250110
9408250120
9408250210
9408250220
9408250221
9408250230
9408250240
9408250241
9408250310
9408250311
9408250410
9408250420
9408250510
9408250520
9408250610
9408250620
9408250710
9408250810
9408250820
9408250910
9408250920
9408251010
9408251020
9408251110
9408251120
9408251130
9408251140
9408251210
9408251220
9408251230
9408251240
9408251310
9408251320
9408251410
9408251420
9408251510
9408251511
9408251610
9408251620
9408251621
9408251710
9408251720
9408251721
9408251810
9408251820
9408251910
9408251920
9408252010
9408252020
9408252030
9408252040
9408252041
9408252050
9408252110
9408252120
9408252130
9408252210
9408252220
9408252230
9408252310
9408252320
9408252330
9408252410
9408252420
9408252421
9408252430
9408252510
9408290110
9408290210
9408290310
9408290410
9408290811
9408290911
9408360110
9408360120
9408360130
9408360210
9408360220
9408500010
9408500020
9408500110
9408500111
9408500210
9408500310
9408500311
9408500410
9408500510
9408500511
9408500610
9408500710
9408500711
9408500810
9408500910
9408500911
9408501010
9408501020
9408501110
9408501111
9408501210
9408501310
9408501311
9408501410
9408501510
9408501511
9408501610
9408501710
9408501720
9408501721
9408501810
9408501910
9408501911
9408501920
9408501930
9408501940
9408640110
9408640111
9408690010
9408690110
9408690111
9408690210
9408690310
9408690410
9408690510
9408690610
9408690710
9408690810
9408690820
9408690910
9408691010
9408691110
9408691210
9408691310
9408691320
9408691330
9408691410
9408691510
9408691520
9408691610
9408691710
9408691720
9408691810
9408691811
9408691820
9408691830
9408691840
9408691910
9408691911
9408691920
9408692010
9408692020
9408692110
9408695610
9408695710
9408695910
9408696010
9408696110
9408696410
9408696510
9408696520
9408696610
9408696910
9408696911
9408696920
9408697010
9408697020
9408700110
9408700111
9408700112
9408700113
9408700114
9408700115
9408700116
9408700117
9408700118
9408700119
9408700120
9408700121
9408700122
9408700123
9408700124
9408700210
9408700211
9408700212
9408700213
9408700214
9408700215
9408700216
9408700217
9408700218
9408700219
9408700220
9408700310
9408700311
9408700312
9408700313
9408700410
9408700411
9408700412
9408700413
9408700414
9408700415
9408700416
9408700417
9408700418
9408700419
9408700420
9408700421
9408700510
9408700511
9408700512
9408700513
9408700514
9408700515
9408700516
9408700517
9408700518
9408700610
9408700611
9408700612
9408700613
9408700614
9408700615
9408700616
9408700617
9408700618
9408700619
9408700620
9408700621
9408700622
9408700623
9408700624
9408700625
9408700626
9408700627
9408700628
9408700710
9408700711
9408700712
9408700713
9408700810
9408700811
9408700812
9408700813
9408700814
9408700815
9408700816
9408700817
9408700818
9408700910
9408700911
9408700912
9408700913
9408700914
9408700915
9408700916
9408700917
9408700918
9408700919
9408700920
9408700921
9408700922
9408700923
9408700924
9408700925
9408700926
9408700927
9408700928
9408700929
9408700930
9408790010
9408790110
9408790120
9408790121
9408790130
9408790140
9408790150
9408790151
9408790210
9408790220
9408790230
9408790240
9408790250
9408790251
9408790260
9408790261
9408790270
9408790310
9408790320
9408790330
9408790410
9408790420
9408790430
9408790510
9408790610
9408790620
9408790621
9408790710
9408790810
9408790811
9408790820
9408790830
9408790910
9408791010
9408791020
9408791030
9408791040
9408791110
9408791120
9408791210
9408791220
9408791221
9408791230
9408791231
9408791240
9408791250
9408791251
9408791260
9408791261
9408791270
9408791310
9408791350
9408791360
9408791361
9408791370
9408791410
9408791510
9408791520
9408791530
9408791531
9408791540
9408791610
9408791611
9408791620
9408791621
9408791710
9408791720
9408791721
9408791730
9408791740
9408791750
9408791751
9408791810
9408791910
9408791911
9408791920
9408792010
9408792040
9408792041
9408792050
9408792051
9408792110
9408802010
9408802020
9408802021
9408802110
9408802120
9408802210
9408802310
9408802320
9408802321
9408802330
9408802410
9408802420
9408802430
9408802440
9408802450
9408802460
9408802461
9408805010
9408805110
9408805210
9408805310
9408805410
9408806410
9408806610
9408806710
9408806711
9408806810
9408806811
9408806910
9408806920
9408806930
9408807010
9408807110
9408807210
9408807211
9408807310
9408807320
9408807410
9408807420
9408807421
9408807510
9408807511
9408807610
9408807611
9408807710
9408807711
9408807810
9408807811
9408807910
9408808010
9408808011
9408808110
9408808210
9408808310
9408808311
9408808410
9408808420
9408808510
9408808610
9408808620
9408808630
9408840410
9408880110
9408880111
9408880210
9408880220
9408880221
9408880310
9408880320
9408880321
9408880410
9408880411
9408880510
9408880520
9408880521
9408880610
9408880611
9408880620
9408880621
9408880630
9408880631
9408880710
9408880711
9408880720
9408880721
9408880810
9408880910
9408880911
9408880920
9408880921
9408880930
9408880931
9408881010
9408881011
9408889811
9409000110
9409000210
9409000211
9409000310
9409000320
9409000330
9409000340
9409000410
9409000420
9409000510
9409000610
9409000611
9409000620
9409000710
9409000720
9409000721
9409000810
9409000820
9409000910
9409000920
9409001010
9409001110
9409001111
9409001210
9409001220
9409001230
9409001231
9409001310
9409010110
9409010210
9409010310
9409010410
9409010510
9409010610
9409010710
9409010810
9409010910
9409011010
9409011011
9409090110
9409090120
9409090210
9409090211
9409090310
9409090311
9409090410
9409090411
9409090510
9409090511
9409090610
9409090611
9409090710
9409090711
9409090810
9409090811
9409090910
9409150010
9409150020
9409150021
9409150110
9409150111
9409150120
9409150130
9409150210
9409150211
9409150220
9409150221
9409150231
9409150240
9409150250
9409150260
9409150310
9409150320
9409150410
9409150420
9409150421
9409150430
9409150431
9409150440
9409150450
9409150460
9409150510
9409150520
9409150610
9409150611
9409150620
9409150621
9409150630
9409150640
9409150710
9409150720
9409150721
9409150810
9409150820
9409150830
9409150840
9409150910
9409150920
9409150921
9409150930
9409150931
9409151010
9409151020
9409151030
9409151031
9409151040
9409151050
9409151110
9409151120
9409151130
9409151210
9409151211
9409151310
9409151320
9409151321
9409151330
9409151410
9409151420
9409151510
9409151520
9409151530
9409151531
9409151610
9409151620
9409151710
9409153010
9409153110
9409153210
9409153211
9409153311
9409153410
9409153420
9409153421
9409153511
9409153610
9409153611
9409155010
9409155110
9409155210
9409155310
9409155410
9409155510
9409155610
9409155710
9409155711
9409158410
9409158411
9409158510
9409158511
9409158610
9409158611
9409158710
9409158711
9409270010
9409270110
9409270111
9409270120
9409270210
9409270220
9409270230
9409270310
9409270320
9409270321
9409270410
9409270420
9409270430
9409270431
9409270510
9409270511
9409270610
9409270620
9409270621
9409270710
9409270720
9409270721
9409270730
9409270740
9409270750
9409270751
9409270810
9409330010
9409330110
9409330111
9409330120
9409330121
9409330210
9409330211
9409330220
9409330221
9409330310
9409330311
9409330411
9409330510
9409330511
9409330520
9409330530
9409330531
9409330540
9409330610
9409330611
9409330620
9409330621
9409330630
9409330710
9409330711
9409330720
9409330721
9409330730
9409330810
9409360110
9409360210
9409360310
9409360410
9409360510
9409360610
9409360710
9409360810
9409440110
9409440130
9409560010
9409560110
9409560120
9409560130
9409560131
9409560140
9409560150
9409560151
9409560210
9409560220
9409560230
9409560240
9409560250
9409560260
9409560270
9409560280
9409560311
9409560320
9409560330
9409560340
9409560350
9409560360
9409560370
9409560371
9409560381
9409560390
9409560410
9409560420
9409560430
9409560431
9409560440
9409560450
9409560460
9409560470
9409560471
9409560480
9409560481
9409560490
9409560510
9409560520
9409560530
9409560540
9409560550
9409560560
9409560570
9409560580
9409560590
9409560610
9409560620
9409560630
9409560640
9409560650
9409560660
9409560670
9409560680
9409560710
9409560720
9409560730
9409560810
9409560820
9409560830
9409560840
9409560910
9409560920
9409560921
9409560930
9409560940
9409560950
9409560960
9409561010
9409561020
9409563018
9409671110
9409671111
9409671120
9409671121
9409671130
9409671131
9409671140
9409870010
9409870110
9409870111
9409870210
9409870220
9409870221
9409870310
9409870320
9409870321
9409870410
9409870420
9409870421
9409870510
9409870520
9409870530
9409870531
9409870540
9409870611
9409870620
9409870621
9409870710
9409870810
9409870811
9409870820
9409870910
9409950010
9409950020
9409950110
9409950120
9409950130
9409950131
9409950140
9409950150
9409950210
9409950211
9409950310
9409950320
9409950330
9409950340
9409950350
9409950360
9409950410
9409950420
9409950430
9409950431
9409950440
9409950510
9409950521
9409950530
9409950540
9409950550
9409950610
9409950620
9409950710
9409950711
9409950720
9409950721
9409950730
9409950740
9409950810
9409950811
9409950820
9409950821
9409950910
9409950920
9409950930
9409950940
9409950950
9409951010
9409951020
9409951021
9409951110
9409951120
9409951121
9409951130
9409951210
9409951220
9409951310
9409951320
9409960110
9409960120
9409960210
9409960220
9409960310
9409960320
9410120010
9410120020
9410120110
9410120120
9410120121
9410120210
9410120211
9410120310
9410120311
9410120410
9410120420
9410120510
9410120520
9410120610
9410120710
9410120810
9410120820
9410120910
9410120920
9410121010
9410121011
9410121110
9410121210
9410121211
9410121310
9410121311
9410121410
9410121510
9410121511
9410121610
9410121611
9410121710
9410121711
9410121810
9410121910
9410122010
9410122011
9410122110
9413600110
9413600111
9413600210
9413600211
9413600310
9413600311
9413600410
9413600411
9413600510
9413600511
9413600610
9413600611
9413600710
9413600711
9413600810
9413600811
9413600910
9413600911
9413601010
9413601011
9413601110
9413601210
9413650110
9413650111
9413650210
9413650211
9413650510
9413650511
9413650610
9413650611
9413650910
9413650911
9413651010
9413651011
9413651110
9413651111
9413651210
9413651211
9413652110
9413652210
9413652310
9413652311
9413652410
9413652411
9413652710
9413652810
9413652910
9413653010
9413653110
9413653111
9413653210
9413653211
9413660010
9413660110
9413660120
9413660130
9413660131
9413660140
9413660150
9413660160
9413660161
9413660170
9413660210
9413660220
9413660230
9413660231
9413660310
9413660311
9413660410
9413660411
9413660510
9413660511
9413660610
9413660620
9413660630
9413660631
9413660710
9413660711
9413660810
9413660811
9413660910
9413660911
9413661010
9413661110
9413661120
9413661121
9413661210
9413661310
9413661311
9413661410
9413661411
9413661510
9413661511
9413661610
9413661620
9413661621
9413661710
9413661711
9413661810
9413661811
9413661910
9413661911
9413662010
9413662011
9413662020
9413662021
9413662030
9413662031
9413662040
9413662041
9413662050
9413662060
9413662061
9413662070
9413662080
9413662081
9413662110
9413662120
9413662121
9413662130
9413662140
9413662150
9413662151
9413662161
9413662170
9413662171
9413662180
9413662181
9413662210
9413662211
9413662220
9413662221
9413662310
9413800110
9413800210
9413800310
9413800311
9413800410
9413800411
9413800510
9413800511
9413800610
9413800611
9413800710
9413800711
9413800810
9413800811
9413800910
9413801010
9413801111
9413801211
9413850010
9413850020
9413850030
9413850040
9413850050
9413850060
9413850070
9413850110
9413850111
9413850210
9413850211
9413850310
9413850311
9413850410
9413850411
9413850510
9413850511
9413850610
9413850611
9413850710
9413850711
9413850810
9413850910
9413850911
9413851010
9413851020
9413851021
9413851110
9413851120
9413890010
9413890020
9413890021
9413890031
9413890040
9413890110
9413890120
9413890210
9413890220
9413890310
9413890320
9413890321
9413890410
9413890420
9413890430
9413890431
9413890440
9413890510
9413890520
9413890530
9413890540
9413890610
9413890710
9413890720
9413899931
9413920010
9413920110
9413920210
9413920211
9413920310
9413920311
9413920410
9413920411
9413920510
9413920511
9413930010
9413930110
9413930120
9413930121
9413930130
9413930131
9413930210
9413930211
9413930220
9413930221
9413930230
9413930240
9413930310
9413930311
9413930320
9413930410
9413930411
9413930510
9413930610
9413930620
9413930621
9413930630
9413930631
9413930640
9413930710
9413930720
9413930810
9413930910
9413931010
9413931020
9413931021
9413931110
9413931111
9413931120
9413931130
9413931210
9413931211
9413931220
9413931310
9413931311
9413931320
9413931410
9413931510
9413931520
9413931521
9413931530
9413931540
9413931550
9413931610
9413931620
9413931710
9413931711
9413931720
9413931730
9413931810
9413931910
9413931911
9413931920
9413932010
9413932020
9413932021
9413932030
9413932040
9413932110
9413932120
9413932121
9413932130
9413932140
9413932150
9413932210
9413932220
9413932230
9413932310
9413932320
9413932410
9413935110
9413935210
9413935310
9413936110
9413936111
9413936210
9413936211
9413936310
9413936311
9413937111
9413937211
9413937311
9413938110
9413938111
9413938210
9413938211
9413938310
9413938311
9414020110
9414020120
9414020130
9414020140
9414020141
9414020210
9414020220
9414020230
9414020310
9414020320
9414020321
9414020410
9414020420
9414020430
9414020510
9414020520
9414020521
9414020610
9414020620
9414020710
9414020720
9414070110
9414070210
9414070310
9414070410
9414070510
9414070610
9414150010
9414150110
9414150111
9414150120
9414150121
9414150130
9414150131
9414150140
9414150141
9414150150
9414150210
9414150220
9414150221
9414150230
9414150231
9414150310
9414150320
9414150321
9414150330
9414150410
9414150420
9414150421
9414150510
9414150511
9414150520
9414150521
9414150530
9414150531
9414150540
9414150541
9414150610
9414150620
9414150630
9414150631
9414150640
9414159421
9414159530
9414159621
9414159721
9414159830
9414159930
9414180010
9414180110
9414180210
9414180310
9414180410
9414180510
9414180610
9414180710
9414190110
9414190120
9414190130
9414210110
9414210111
9414210210
9414210211
9414210310
9414210311
9414210410
9414210411
9414210510
9414210610
9414320110
9414320210
9414320310
9414320311
9414320410
9414320411
9414320510
9414320610
9414470010
9414470020
9414470030
9414470110
9414470120
9414470210
9414470211
9414470220
9414470221
9414470310
9414470410
9414470510
9414470610
9414470611
9414470620
9414470621
9414470630
9414470631
9414470710
9414470720
9414470730
9414470810
9414470910
9414471010
9414471020
9414471021
9414471030
9414471110
9414471111
9414471120
9414471130
9414471131
9414471210
9414471220
9414471230
9414471231
9414471310
9414479820
9414479920
9414480110
9414480111
9414480210
9414480211
9414480310
9414480311
9414480410
9414480411
9414480510
9414480511
9414480610
9414480611
9414480710
9414480711
9414480810
9414480811
9414580010
9414580020
9414580110
9414580120
9414580130
9414580210
9414580220
9414580221
9414580310
9414580320
9414580321
9414580410
9414580420
9414580421
9414580510
9414580511
9414580520
9414580521
9414580610
9414580620
9414580630
9414580631
9414580710
9414580720
9414580730
9414580740
9414580741
9414580810
9414580820
9414620110
9414620120
9414720110
9414720210
9414720220
9414720221
9414720310
9414720311
9414720321
9414720410
9414720420
9414720430
9414720510
9414720520
9414720610
9414720611
9414720710
9414720720
9414720721
9414720730
9414720810
9414720820
9414720821
9414720910
9414720911
9414720920
9414721010
9414721020
9414721110
9414721120
9414721210
9414721310
9414721410
9414721411
9414721510
9414721511
9414721610
9414721710
9414721720
9414721730
9414721731
9414721810
9414721910
9414722010
9414722020
9414722021
9414722030
9414722110
9414722210
9414722211
9414722220
9414722221
9414722230
9414722240
9414722250
9414722310
9414722320
9414722321
9414722410
9414722411
9414722510
9414722610
9414722611
9414722710
9414722720
9414722730
9414722731
9414722810
9414722910
9414722920
9414722921
9414750310
9414820010
9414820011
9414820110
9414820120
9414820130
9414820210
9414820220
9414820221
9414820310
9414820320
9414820321
9414820410
9414820420
9414820430
9414820431
9414820510
9414820520
9414820530
9414820531
9414820540
9414820550
9414820561
9414820610
9414820710
9414820720
9414930010
9414930011
9414930110
9414930210
9414930310
9414930311
9414930410
9414930420
9414930510
9414930520
9414930610
9414930611
9414930620
9414930710
9414930720
9414930810
9414930820
9414930910
9414930920
9414931010
9414931020
9414931021
9414931110
9414931120
9414931210
9414931211
9414931220
9414960110
9414960210
9414960310
9414960410
9414960510
9414960610
9414960710
9414960810
9414960910
9414961010
9414961011
9414961020
9415000010
9415000110
9415000120
9415000121
9415000210
9415000211
9415000320
9415000330
9415000331
9415000410
9415000420
9415000421
9415000510
9415000511
9415000610
9415000611
9415000620
9415000621
9415000710
9415000810
9415000811
9415000820
9415000910
9415000911
9415000920
9415000921
9415000930
9415001010
9415001011
9415280010
9415280020
9415280021
9415280110
9415280120
9415280210
9415280220
9415280230
9415280231
9415280310
9415280410
9415280420
9415280430
9415280431
9415280510
9415280610
9415280611
9415280620
9415280710
9415280720
9415280730
9415280810
9415280910
9415280920
9415280930
9415280940
9415281010
9415281021
9415281110
9415281120
9415281130
9415281131
9415281210
9415281220
9415281230
9415281310
9415281410
9415281420
9415281430
9415281431
9415281510
9415281520
9415281530
9415281540
9415281541
9415281610
9415285110
9415285210
9415285310
9415285410
9415285510
9415285610
9415285710
9415285810
9415285910
9415286010
9415286110
9415286210
9415390110
9415390120
9415390130
9415390210
9415390220
9415390221
9415390310
9415390320
9415390330
9415390331
9415390410
9415390420
9415390430
9415390431
9415390510
9415390520
9415390530
9415440110
9415440111
9415440210
9415440211
9415440220
9415440221
9415440310
9415440311
9415440320
9415440330
9415440410
9415440420
9415440421
9415440510
9415440511
9415440610
9415440620
9415440621
9415440710
9415440720
9415440810
9415440820
9415440821
9415440910
9415450110
9415450210
9415450310
9415450410
9415450510
9415450610
9415450710
9415450810
9415560010
9415560110
9415560120
9415560210
9415560211
9415560220
9415560221
9415560230
9415560240
9415560310
9415560320
9415560330
9415560331
9415560340
9415560350
9415560351
9415560360
9415560410
9415560411
9415560420
9415560430
9415560431
9415560441
9415560510
9415560610
9415560710
9415560720
9415560730
9415560731
9415560810
9415560910
9415560911
9415561010
9415561011
9415561110
9415561111
9415561210
9415561211
9415561310
9415561410
9415561420
9415561430
9415561440
9415561510
9415561520
9415561521
9415561530
9415561540
9415561541
9415561550
9415561560
9415561561
9415561570
9415561571
9415561610
9415561710
9415561720
9415561810
9415570010
9415570110
9415570111
9415570210
9415570220
9415570230
9415570240
9415570310
9415570311
9415570320
9415570321
9415570410
9415570411
9415570510
9415570511
9415570610
9415570611
9415570710
9415570711
9415570810
9415570820
9415570821
9415570830
9415570840
9415570910
9415570920
9415571010
9415571110
9415571210
9415571220
9415571310
9415571320
9415571410
9415571420
9415571510
9415571520
9415571530
9415571531
9415571541
9415571610
9415571710
9415571720
9415571730
9415571740
9415571741
9415571750
9415571810
9415571820
9415571830
9415571840
9415571850
9415571860
9415571910
9415572010
9415572110
9415800010
9415800110
9415800111
9415800120
9415800210
9415800211
9415800220
9415800230
9415800310
9415800311
9415800320
9415800321
9415800330
9415800410
9415800411
9415800420
9415800510
9415800511
9415800520
9415800711
9415800720
9415800810
9415800820
9415800830
9415800910
9415800911
9415800920
9415800930
9415800940
9415801010
9415801011
9415801020
9415801021
9415801030
9415801031
9415801410
9415801420
9415801430
9415801510
9415801610
9415801710
9415801810
9415801910
9415801911
9415801920
9415801921
9415801930
9415802010
9415802020
9415802110
9415802120
9415802130
9415802210
9415802310
9415810010
9415810011
9415810110
9415810111
9415810210
9415810211
9415810310
9415810311
9415810410
9415810411
9415810510
9415810511
9415810610
9415810611
9415810710
9415810711
9415810810
9415810811
9415810910
9415810911
9415811010
9415811011
9415816011
9415816111
9415816211
9415816311
9415816411
9415816511
9415882110
9415900010
9415900020
9415900110
9415900210
9415900211
9415900220
9415900310
9415900320
9415900321
9415900410
9415900420
9415900430
9415900510
9415900520
9415900521
9415900610
9415900620
9415900630
9415900640
9415900650
9415900710
9415900720
9415900810
9415900811
9415900910
9415900911
9415901010
9415901110
9415901111
9415901120
9415901130
9415901140
9415901210
9415901310
9415901320
9415901321
9415901330
9415901410
9415901420
9415901421
9415901430
9415901431
9415901510
9415901520
9415901521
9415901530
9415901531
9415901610
9415901621
9415901630
9415901631
9415902610
9415910010
9415910020
9415910110
9415910111
9415910210
9415910211
9415910310
9415910311
9415910410
9415910411
9415910510
9415910511
9415910610
9415910611
9415910710
9415910711
9415910810
9415910811
9415920010
9415920011
9415920110
9415920111
9415920210
9415920220
9415920230
94写目 灰色のグリーヴだ
94階 和道具をご注文だ
94階 持ち込みOKの店のようだ
95写目 メドゥーサたちの撮影だ
95階 サイン会帰りのようだ
95階 梁山泊の看板がある宅配先だ
96写目 凛々しい紺のグリーヴだ
96階 にぎやかなお店のようだ
96階 大量の段ボールがある宅配先だ
97写目 絢爛な金のグリーヴだ
97階 宴会中のようだ
97階 精巧な人形をご注文だ
98写目 技術顧問の撮影だ
98階 独創的なお店のようだ
98階 白馬をご注文だ
99
99写目 依頼主とご家族の登場だ
99階 至高の鉄板焼きが出るようだ
99階 銅像の材料をご注文だ
9件目 牛売りのお客様だ
9写目 仲良し兄弟が撮れそう……？
9写目 活発な少女たちのゴムシューズだ
9壁目 ハロウィンな雰囲気を感じる……
9層目 予測不能の動きをする怪物たちだ
9店目 客がたくさんいるコンビニだ
9月交換券(2017)
9月交換券(2018)
9月交換券(2019)
9月交換券(2020)
9月交換券(2021)
9月交換券(2022)
9月交換券(2023)
9月交換券(2024)
9月交換券(2025)
9種の職業レベルを最大まで上げると開放
9階 学生のお客のようだ
9階 特撮人形が販売されているようだ
9階 背の高いお客様だ
<1
<250
<500
<750
<=1
<=999
??.11900
A
A+
A++
A+++
A-
A.D.1008
A.D.1570?
A.D.XX17
A?
ACT-1 「冬木を知る男」
ACT-10 「謎の暗殺者」
ACT-11 「孔明の罠」
ACT-12 「聖杯問答」
ACT-13 「乱戦」
ACT-14 「アイリスフィールを狙う影」
ACT-15 「大聖杯へ」
ACT-16 「王の矜恃」
ACT-17 「御三家の悲願」
ACT-18 「堕ちた杯」
ACT-2 「武力介入」
ACT-3 「セカンドオーナー」
ACT-4 「闇に蠢くもの」
ACT-5 「エルメロイ会談」
ACT-6 「共闘開始」
ACT-7 「青髭狩り」
ACT-8 「イレギュラー」
ACT-9 「騎士王再来」
ACT-EX 「廻る聖杯回収」
AD:1273
AD:1431
AD:1573
AD:1692
AD:1783
AD:1888
AD:1999
AD:2000
AD:2004
AD:2016
AD:2030
AD:60
AJ 2016 EXTRAコラボクエスト
AJ 2016 Heaven's Feelコラボクエスト
AN602-Ivan 攻略戦
AN602-Ivan 迎撃戦 幻獣級
AN602-Ivan 迎撃戦 神獣級
AN602-Ivan 迎撃戦 魔獣級
AUOくじ
AUOくじ2019
AUOくじ2019のドロップ獲得数アップ
AUOくじ2022
AUOくじ2022のドロップ獲得数アップ
AUOくじのドロップ獲得量アップ
Accel Zero Orderの記憶
Apocrypha/Inheritance of Glory
Arts
ArtsまたはBuster攻撃時、自身のQuickカードの性能をアップ
Artsアップ
Artsアップ<攻撃力>
Artsアップ〔動物がいる間〕
Artsアップ〔月下〕
Artsカードで攻撃時、クリティカル発生率をアップする
Artsカードで攻撃時、スターを獲得する
Artsカードで攻撃時、味方全体の攻撃力をアップ
Artsカードで攻撃時、対象に毒状態を付与
Artsカードで攻撃時、対象の防御力をダウン
Artsカードで攻撃時、自身のBusterカードの性能をアップ
Artsカードに刻印時のみ、刻印されたカードによる攻撃時にスターを3個獲得
Artsカードに刻印時のみ、刻印されたカードのクリティカル威力を15%アップ
Artsカードに刻印時のみ、刻印されたカードのクリティカル威力を20%アップ
Artsカードに刻印時のみ、刻印されたカードのスター集中度を100%アップ
Artsカードに刻印時のみ、刻印されたカードのスター集中度を150%アップ
ArtsカードのNP獲得量をアップ
Artsカードのクリティカルの発生率をアップ
Artsカードのクリティカル時のダメージをアップ
Artsカードの威力をアップ
Artsカードの宝具で与えるダメージをアップ
Artsカードの性能をアップ
Artsカードの攻撃による被ダメージ、被NP発生量、被スター発生率が増加する
Artsカードの通常攻撃で与えるダメージをアップ
Artsカードの通常攻撃のヒット数が2倍になるがヒットあたりの威力ダウン
Artsカードへのスターの集まりやすさをアップ
Artsカードを使用できなくなる
Arts・Buster攻撃時追加効果
Arts威力アップ
Arts威力アップ（World End Matchのみ）
Arts封印
Arts攻撃のスター発生率をアップ
Arts攻撃の威力をアップ
Arts攻撃の威力アップ
Arts攻撃の威力アップ＆おともだちポイント獲得量アップ
Arts攻撃ダメージ前追加効果
Arts攻撃時、スターを獲得する
Arts攻撃時、ダメージ前に対象の即死耐性をダウン
Arts攻撃時、対象のHP回復量をダウン＆低確率でNPを減らす＆ガッツ状態を解除
Arts攻撃時、対象のHP回復量をダウン＆低確率でチャージを減らす＆ガッツ状態を解除
Arts攻撃時、自身に回避状態を付与
Arts攻撃時、自身のクリティカル発生率をアップ
Arts攻撃時追加効果
Arts攻撃時追加効果(クリティカル発生アップ)
Arts攻撃時追加効果(スター獲得)
Arts攻撃耐性ダウン
Arts通常攻撃時、自身のNPを増やす
Arts通常攻撃時追加効果
Assassination 1 - Preparation
Assassination 2 - Execution
Avoided
Azusa
A平原
A谷
B
B+
B++
B+++
B-
B.C.0210?
B.C.1000?
B.C.12000?
BC:2655
BGM_CHALDEA_2
BGM_CHIRISTMAS2024_1
BGM_HANASAKI_1
BGM_MAP_1
BGM_MAP_10
BGM_MAP_100
BGM_MAP_102
BGM_MAP_106
BGM_MAP_107
BGM_MAP_108
BGM_MAP_114
BGM_MAP_116
BGM_MAP_118
BGM_MAP_125
BGM_MAP_126
BGM_MAP_13
BGM_MAP_132
BGM_MAP_133
BGM_MAP_134
BGM_MAP_139
BGM_MAP_140
BGM_MAP_141
BGM_MAP_142
BGM_MAP_143
BGM_MAP_144
BGM_MAP_15
BGM_MAP_16
BGM_MAP_17
BGM_MAP_18
BGM_MAP_2
BGM_MAP_20
BGM_MAP_22
BGM_MAP_23
BGM_MAP_24
BGM_MAP_25
BGM_MAP_27
BGM_MAP_28
BGM_MAP_29
BGM_MAP_3
BGM_MAP_30
BGM_MAP_31
BGM_MAP_32
BGM_MAP_33
BGM_MAP_35
BGM_MAP_36
BGM_MAP_37
BGM_MAP_38
BGM_MAP_4
BGM_MAP_42
BGM_MAP_43
BGM_MAP_45
BGM_MAP_46
BGM_MAP_48
BGM_MAP_5
BGM_MAP_53
BGM_MAP_54
BGM_MAP_55
BGM_MAP_59
BGM_MAP_6
BGM_MAP_60
BGM_MAP_61
BGM_MAP_62
BGM_MAP_63
BGM_MAP_7
BGM_MAP_8
BGM_MAP_87
BGM_MAP_9
BGM_MAP_97
BGM_MAP_98
BLACK
BRIDGE BATTLE Rank A
BRIDGE BATTLE Rank B
BRIDGE BATTLE Rank C
BRIDGE BATTLE Rank D
BRIDGE BATTLE Rank EX
Beyond the Mirror
Breaching
Bright Voyager
BtoBアライアンス A
BtoBアライアンス B
BtoBアライアンス EX
Buddy
Buster
Busterアップ
Busterアップ<攻撃力>
Busterアップ〔月下〕
Busterカードでの通常攻撃時に自身のNPを増やす
Busterカードで攻撃時、対象の防御力をダウン
Busterカードで攻撃時、自身のArtsカードの性能をアップ
Busterカードで攻撃時ダメージ前に、自身のクリティカル威力を大アップ
Busterカードで通常攻撃時にクリティカル発生率をアップする
Busterカードで通常攻撃時にスターを獲得する
Busterカードによる攻撃の性能を50%減衰する
Busterカードに刻印時のみ、刻印されたカードの〔竜〕に対するクリティカル威力を30%アップ
Busterカードに刻印時のみ、刻印されたカードのクリティカル威力を15%アップ
Busterカードに刻印時のみ、刻印されたカードのクリティカル威力を20%アップ
Busterカードに刻印時のみ、刻印されたカードのクリティカル威力を25%アップ
Busterカードに刻印時のみ、刻印されたカードのスター集中度を100%アップ
BusterカードのNP獲得量をアップ
Busterカードの〔竜〕特性に与えるクリティカル時のダメージをアップ
Busterカードのクリティカルの発生率をアップ
Busterカードのクリティカル時のダメージをアップ
Busterカードの威力をアップ
Busterカードの性能をアップ
Busterカードの攻撃による被ダメージ、被NP発生量、被スター発生率が増加する
Busterカードへのスターの集まりやすさをアップ
Busterカード耐性
Buster威力アップ
Buster威力アップ（World End Matchのみ）
Buster攻撃のスター発生率をアップ
Buster攻撃の威力をアップ
Buster攻撃の威力アップ
Buster攻撃の威力アップ＆おともだちポイント獲得量アップ
Buster攻撃ダメージ前追加効果
Buster攻撃ダメージ前追加効果(クリティカル威力アップ)
Buster攻撃時、スターを獲得する
Buster攻撃時、ダメージ前に対象の防御力をダウン
Buster攻撃時、ダメージ前に自身に必中状態を付与
Buster攻撃時、ダメージ前に自身のクリティカル威力アップ
Buster攻撃時、味方全体に宝具使用時のチャージ段階を1段階引き上げる状態を付与
Buster攻撃時、自身のNPを増やす
Buster攻撃時、自身のクリティカル発生率をアップ
Buster攻撃時追加効果
Buster攻撃時追加効果(クリティカル発生アップ)
Buster攻撃時追加効果(スター獲得)
Buster攻撃時追加効果(防御力ダウン)
Buster攻撃耐性ダウン
Buster通常攻撃ダメージ前追加効果
Buster通常攻撃時、ダメージ前に自身のクリティカル威力をアップ
Buster通常攻撃時追加効果
Bペレット
B火口
B～EX
C
C+
C++
C+++
C+～A+
C+～B+
C-
C.I.E.L
CBC2016特別招待状
CBC2017特別招待状
CBC2018特別招待状
CBC2019特別招待状
CBC2020特別招待状
CBC2021特別招待状
CBC2023 カルデア重工物語
～君と僕のBtoB～
CBC2023 カルデア重工物語 ～君と僕のBtoB～
CBC2023特別優待券
CBC2024 
シャルルマーニュのモンジョワ・騎士道！
CBC2024 シャルルマーニュのモンジョワ・騎士道！
CBC2024特別交換券
CBC2025 彼の名はダンテ
CBC2025 彼の名はダンテ ～ホテル・デノヴォのコンシェルジュ～
CBC2025 彼の名はダンテ　
～ホテル・デノヴォのコンシェルジュ～
CBC2025特別交換券
CBC2026 マイ・カインド・オブ・アブダクション
CBC2026 マイ・カインド・オブ・アブダクション
～ふたりのモレーと果てなき遺産～
CBC2026 マイ・カインド・オブ・アブダクション ～ふたりのモレーと果てなき遺産～
CBC2026特別交換券
COFFEE BREAK
COFFEE BREAK A
COFFEE BREAK B
COFFEE BREAK EX
CRUSH!!
Camelot & Co
Camelot & Coモデルフレーム
CanceR
Chivalry
C・K・T
C～A+
D
D+
D++
D-
DHA
Darling
December 23rd
Destiny
Die Walküre
D～B
D～B+
E
E(B)
E+
E++
E-
ECOモード・ドライビン
ERIMO
EVER DARK －永夜戦線－
EX
EXTELLAチケット
EXマッチ ｖｓ ケツァル・シスターズ
EXマッチ ｖｓ ケルト師弟コンビ
EXマッチ ｖｓ ザ・ローマンエンペラーズ
EXマッチ ｖｓ ビッグ・エクスプロージョンズ
EXマッチ ｖｓ ペーリオン師弟コンビ
EXマッチ ｖｓ 凸凹ノーザンブラザーズ
EXマッチ ｖｓ 宇宙一ロボコンビ
EXマッチ ｖｓ 赤帽老人Ｓ
Enuma Dingir
Escape 1 - Hope under the ground
Escape 1 - Result
Escape 2 - Cooperator in chains
Escape 2 - Result?
Escape 3 - For another hope
Escape 3 - Result
Escape 4 - Result
Escape 4 - The last escape
Extra Attackアップ
Extra Attackカードの性能をアップ
Extra Attack全体攻撃化
Extra Attack時、対象の即死耐性をダウン
Extra Attack時にスターを獲得する
Extra Attack時に味方全体のNPを少し増やす
Extra Attack時追加効果
Extraお試しクエスト
Extra威力アップ
Extra攻撃の威力をアップ
Eリアクター
E～A
E～EX
FGO 10th Anniversary 英霊祝装チケット〔ALL〕
FGO 10th Anniversary 英霊祝装チケット〔アサシン〕
FGO 10th Anniversary 英霊祝装チケット〔アーチャー〕
FGO 10th Anniversary 英霊祝装チケット〔エクストラⅠ〕
FGO 10th Anniversary 英霊祝装チケット〔エクストラⅡ〕
FGO 10th Anniversary 英霊祝装チケット〔キャスター〕
FGO 10th Anniversary 英霊祝装チケット〔セイバー〕
FGO 10th Anniversary 英霊祝装チケット〔バーサーカー〕
FGO 10th Anniversary 英霊祝装チケット〔ライダー〕
FGO 10th Anniversary 英霊祝装チケット〔ランサー〕
FGO 11th Anniversary 英霊学装チケット
FGO 5th Anniversary 英霊紀行チケット
FGO 6th Anniversary 英霊巡遊チケット
FGO 7th Anniversary ★5概念礼装チケット
FGO 7th Anniversary 英霊夢装チケット
FGO 8th Anniversary 英霊催装チケット
FGO 9th Anniversary 英霊博装チケット
FGO Fes. 2017 英霊正装チケット
FGO Fes. 2018 英霊旅装チケット
FGO Fes. 2019 英霊祭装チケット
FGO THE STAGE
FGO THE STAGE 秋公演記念クエスト
FGO THE STAGE公演記念クエスト
FGO VR マシュ・キリエライト
FGO冬祭り北海道 最大ダメージトライアルクエスト
FGO冬祭り大阪 最大ダメージトライアルクエスト
FGO冬祭り宮城 最大ダメージトライアルクエスト
FGO冬祭り熊本 最大ダメージトライアルクエスト
FGO夏祭り2016 記念クエスト
FREE BATTLE アンクル・リンク
FREE BATTLE アンダーアーム・レイ
FREE BATTLE アンビリカル・ヘア
FREE BATTLE ウィークネス・イヤー
FREE BATTLE オンリー・ハート
FREE BATTLE オープン・アイズ
FREE BATTLE カインド・シィーナー
FREE BATTLE カインド・タッチ
FREE BATTLE クルーエル・シィーナー
FREE BATTLE コーディック・ヒップ
FREE BATTLE サーチ・アーム
FREE BATTLE シークレット・ネープ
FREE BATTLE ジェイル・ハンド
FREE BATTLE スタンプ・シィーナー
FREE BATTLE ステーション・サイ
FREE BATTLE スパイナル・コースター
FREE BATTLE スマート・レバー
FREE BATTLE スリップ・ニー
FREE BATTLE ダーク・ハンド
FREE BATTLE デビル・エルボー
FREE BATTLE フランク・セパレータ
FREE BATTLE ブレスト・バレー
FREE BATTLE ボトム・ヒール
FREE BATTLE ポートピア・サイ
FREE BATTLE ラスト・ステップ
FREE BATTLE ランディング・サイ
FREE BATTLE ラヴァーズ・スクィーズ
FREE BATTLE リジェクション・カーフ
FREE BATTLE リンク・アンクル
FSNServant
Fate/Accel Zero Order
Fate/Apocrypha
Fate/Apocryphaアニメ放送記念クエスト
Fate/Apocrypha放送記念クエスト
Fate/EXTELLA
Fate/EXTELLA LINK
Fate/EXTELLA発売記念クエスト
Fate/EXTRA
Fate/EXTRA Last Encore放送記念クエスト
Fate/Grand Carnival 1st Season
Fate/Grand Carnival 2nd Season
Fate/Grand Order
Fate/Grand Order Arcade
Fate/Grand Order Arcade稼働記念クエスト
Fate/Grand Order Fes. 2019
Fate/Grand Order Memories I
Fate/Grand Order Memories Ⅱ
Fate/Grand Order Memories Ⅲ
Fate/Grand Order ～11th Anniversary～
Fate/hollow ataraxia REMASTERED
Fate/stay night -15年の軌跡-
Fate/stay night 20th記念特別交換チケット
Fate/stay night REMASTERED
Fate/stay night [Réalta Nua]
Fateぐだぐだオーダー
First Order
Gilgamesh in NY
Go West!!
Grace note
HIMEJIカードで遊ぶ VIP級
HIMEJIカードで遊ぶ ビギナー級
HIMEJIカードで遊ぶ ビギナー級クリアで開放
HIMEJIカードで遊ぶ レギュラー級
HIMEJIカードで遊ぶ レギュラー級クリアで開放
HIMEJIサバイバルカジノ
HPが0になった時、HPを回復して耐える
HPが0になった時、HPを回復して耐える(他のガッツ状態と重複可能)
HPが0になった時、低確率でHPを回復して耐える(他のガッツ状態と重複可能)
HPが0になった時、味方全体のNPを少し増やす
HPが0になった時、味方全体のチャージを増やす
HPが0になった時、味方全体の防御力をダウン＆呪い状態を付与＆呪厄状態を付与
HPが0になった時、高確率でHPを回復して耐える
HPが0になった時、高確率でHPを回復して耐える(他の確率発動でないガッツ状態と重複可能)
HPが0になった時に強化効果が発生する
HPが100%の時、クリティカル時のダメージをアップ
HPが25%以下の間、攻撃力をアップ
HPが50%以上の間、クリティカル時のダメージをアップ
HPが50%以下の間、NP獲得量をアップ
HPが50%以下の間、宝具で与えるダメージをアップ
HPが50%以下の間、攻撃力をアップ
HPが75%以下の間、攻撃力をアップ
HPが99%以下の間、攻撃力をアップ
HPが回復しなくなる
HPが少ないほど攻撃力をアップ
HPが少ないほど攻撃力アップ
HPが少ないほど攻撃力アップ（HP50%以下で発動）
HPの回復効果量をアップ
HPの回復効果量をダウン
HP回復不能
HP回復量アップ
HP回復量ダウン
HP減少
HWB-M8 迎撃戦
I大陸
KP
LEGEND・OF・THE・SAMURAI
LWB-M8 迎撃戦
Last Encore
Little little bullet
Little little bullet 前編
Little little bullet 後編
Lostbelt No.1
Lostbelt No.1
永久凍土帝国 アナスタシア
Lostbelt No.1 プロローグをクリアで開放
Lostbelt No.1 プロローグをクリア＆霊基再臨2段階目＆絆Lv.4で開放
Lostbelt No.1 メモリアルクエスト
Lostbelt No.1 メモリアルクエストをクリアで開放
Lostbelt No.1をクリアで開放
Lostbelt No.1クリアで開放
Lostbelt No.1＆2016メモリアルクエスト（終局特異点）をクリアで開放
Lostbelt No.2
Lostbelt No.2
無間氷焔世紀 ゲッテルデメルング
Lostbelt No.2 メモリアルクエスト
Lostbelt No.2 メモリアルクエストをクリアで開放
Lostbelt No.2をクリアで開放
Lostbelt No.2をクリア＆霊基再臨3段階目＆絆Lv.3で開放
Lostbelt No.2クリアで開放
Lostbelt No.3
Lostbelt No.3
&2017年メモリアルクエストをクリアで開放
Lostbelt No.3
人智統合真国 シン
Lostbelt No.3 プロローグをクリア
Lostbelt No.3 プロローグをクリアで開放
Lostbelt No.3 プロローグをクリア＆霊基再臨2段階目＆絆Lv.3で開放
Lostbelt No.3 プロローグをクリア＆霊基再臨2段階目＆絆Lv.4で開放
Lostbelt No.3 プロローグをクリア＆霊基再臨3段階目＆絆Lv.3で開放
Lostbelt No.3 プロローグをクリア＆霊基再臨3段階目＆絆Lv.4で開放
Lostbelt No.3 プロローグをクリア＆霊基再臨3段階目＆絆Lv.5で開放
Lostbelt No.3 プロローグをクリア＆霊基再臨4段階目＆絆Lv.3で開放
Lostbelt No.3 プロローグをクリア＆霊基再臨4段階目＆絆Lv.5で開放
Lostbelt No.3 プロローグクリアで開放
Lostbelt No.3 メモリアルクエスト
Lostbelt No.3 メモリアルクエストをクリアで開放
Lostbelt No.3をクリアで開放
Lostbelt No.3をクリア＆霊基再臨2段階目＆絆Lv.3で開放
Lostbelt No.3をクリア＆霊基再臨2段階目＆絆Lv.4で開放
Lostbelt No.3をクリア＆霊基再臨3段階目＆絆Lv.3で開放
Lostbelt No.3クリアで開放
Lostbelt No.4
Lostbelt No.4
創世滅亡輪廻 ユガ・クシェートラ
Lostbelt No.4 メモリアルクエスト
Lostbelt No.4をクリアで開放
Lostbelt No.4をクリア＆霊基再臨3段階目＆絆Lv.3で開放
Lostbelt No.4プレリュード メモリアルクエスト
Lostbelt No.5
Lostbelt No.5
星間都市山脈 オリュンポス
Lostbelt No.5
神代巨神海洋 アトランティス
Lostbelt No.5 アトランティスをクリアで開放
Lostbelt No.5 アトランティスをクリア＆霊基再臨2段階目＆絆Lv.3で開放
Lostbelt No.5 アトランティスをクリア＆霊基再臨2段階目＆絆Lv.4で開放
Lostbelt No.5 アトランティスをクリア＆霊基再臨3段階目＆絆Lv.3で開放
Lostbelt No.5 オリュンポスをクリアで開放
Lostbelt No.5 オリュンポスをクリア＆霊基再臨4段階目＆絆Lv.5で開放
Lostbelt No.5 オリュンポスクリアで開放
Lostbelt No.5 星間都市山脈 オリュンポスクリアで開放
Lostbelt No.5 神代巨神海洋 アトランティスクリアで開放
Lostbelt No.6
Lostbelt No.6
妖精円卓領域 アヴァロン・ル・フェ
Lostbelt No.6 アヴァロン・ル・フェクリア＆霊基再臨3段階目＆絆Lv.5で開放
Lostbelt No.6をクリアで開放
Lostbelt No.6をクリア＆霊基再臨3段階目で開放
Lostbelt No.6をクリア＆霊基再臨4段階目＆絆Lv.5で開放
Lostbelt No.6クリアで開放
Lostbelt No.7
Lostbelt No.7
&2021年メモリアルクエストをクリアで開放
Lostbelt No.7
黄金樹海紀行 ナウイ・ミクトラン
MEMORIAL BATTLE 刻を裂くパラディオン
MICOOON BATTLE
MOONLIGHT/LOSTROOM
Mate
Mo
My Revolution　１
My Revolution　２
My Revolution　３
NAMELESS BATTLE
NONE
NP倍化
NP吸収
NP増加
NP増加：千年城
NP消費
NP減少
NP減少：対竜
NP減少：対魔性
NP獲得アップ
NP獲得アップ〔月下〕
NP獲得アップ：Arts
NP獲得アップ：Buster
NP獲得アップ：Quick
NP獲得アップ：水辺
NP獲得アップ：混沌
NP獲得アップ：陽射し
NP獲得ダウン
NP獲得ダウン：対死霊と悪魔
NP獲得量をアップ
NP獲得量をダウン
Namie
NiceShot!
NiceShot!の数だけ防御ダウン
ONILANDの記憶
OVER THE SAME SKY 英霊星行チケット〔AUGUST〕
OVER THE SAME SKY 英霊星行チケット〔JULY〕
OVER THE SAME SKY 英霊星行チケット〔JUNE〕
OVER THE SAME SKY 英霊星行チケット〔NOVEMBER〕
OVER THE SAME SKY 英霊星行チケット〔OCTOBER〕
OVER THE SAME SKY 英霊星行チケット〔SEPTEMBER〕
POKImari
Prisoners
Prologue
Prologue - Arrest under the bridge
Prove
P地溝帯
QP
Quick
Quick、Arts、Busterカードの性能をアップ
Quick、Arts、Buster攻撃の威力アップ＆アイドリウムポイント獲得量アップ
Quickアップ
Quickアップ<攻撃力>
Quickアップ〔月下〕
Quickカードでの通常攻撃時に自身のNPを増やす
Quickカードで攻撃時、NPが増える
Quickカードで攻撃時、対象のQuick攻撃耐性をダウン
Quickカードで攻撃時、対象の防御力をダウン
Quickカードで攻撃時、自身のクリティカル威力をアップ
Quickカードに刻印時のみ、刻印されたカードによる攻撃時にスターを3個獲得
Quickカードに刻印時のみ、刻印されたカードのクリティカル威力を15%アップ
Quickカードに刻印時のみ、刻印されたカードのクリティカル威力を20%アップ
Quickカードに刻印時のみ、刻印されたカードのスター集中度を100%アップ
QuickカードのNP獲得量をアップ
Quickカードのクリティカルの発生率をアップ
Quickカードのクリティカル時のダメージをアップ
Quickカードの威力をアップ
Quickカードの性能をアップ
Quickカードの性能をダウン
Quickカードの攻撃による被ダメージ、被NP発生量、被スター発生率が増加する
Quickカードへのスターの集まりやすさをアップ
Quickダウン
Quick威力アップ
Quick威力アップ（World End Matchのみ）
Quick攻撃の威力をアップ
Quick攻撃の威力アップ
Quick攻撃の威力アップ＆おともだちポイント獲得量アップ
Quick攻撃ダメージ前追加効果
Quick攻撃時、ダメージ前に対象に毒状態を付与
Quick攻撃時、ダメージ前に対象の防御力をダウン
Quick攻撃時、ダメージ前に自身のクリティカル威力をアップ
Quick攻撃時、ダメージ前に自身のクリティカル発生率をアップ
Quick攻撃時、ダメージ前に自身のスター発生率をアップ
Quick攻撃時、対象に呪い状態を付与
Quick攻撃時、自身のNPを増やす
Quick攻撃時、自身のNPを少し増やす
Quick攻撃時、自身の呪い状態を1つ解除＆解除に成功した場合、自身の攻撃力を少しアップ
Quick攻撃時追加効果
Quick攻撃時追加効果(NP獲得)
Quick攻撃時追加効果(Quick攻撃耐性ダウン)
Quick攻撃時追加効果(クリティカル威力アップ)
Quick攻撃時追加効果(防御力ダウン)
Quick攻撃耐性ダウン
Quick通常攻撃ダメージ前追加効果
Quick通常攻撃時、ダメージ前に対象の防御力をダウン
Quick通常攻撃時、自身に回避状態を付与
Quick通常攻撃時、自身のNPを少し増やす
Quick通常攻撃時追加効果
R-36M2-Voevoda 攻略戦
R-36M2-Voevoda 迎撃戦 幻獣級
R-36M2-Voevoda 迎撃戦 神獣級
R-36M2-Voevoda 迎撃戦 魔獣級
Raining Encounter
Replica; Agateram
Road To 7
SAITAMAぱわー
SAITAMAパワー
SAITAMAパワー A
SAITAMAパワー B
SAITAMAパワー EX
SE.RA.PH戦線Ⅰ 宮殿へのいざない
SE.RA.PH戦線Ⅰクリアかつ6月16日18時00分以降に開放
SE.RA.PH戦線Ⅰクリアで開放
SE.RA.PH戦線Ⅱ ぼっちでは勝てぬ
SE.RA.PH戦線Ⅱクリアかつ6月17日18時00分以降に開放
SE.RA.PH戦線Ⅱクリアで開放
SE.RA.PH戦線Ⅲ 激震ジナコ城
SE.RA.PH戦線Ⅲクリアかつ6月18日18時00分以降に開放
SE.RA.PH戦線Ⅲクリアで開放
STAGE1 旅立ちの墓場 上級
STAGE1 旅立ちの墓場 上級をクリアで開放
STAGE1 旅立ちの墓場 中級
STAGE1 旅立ちの墓場 中級をクリアで開放
STAGE1 旅立ちの墓場 初級
STAGE1 旅立ちの墓場 初級をクリアで開放
STAGE1 旅立ちの墓場 悪魔級
STAGE1 旅立ちの墓場 超級
STAGE1 旅立ちの墓場 魔王級
STAGE2 いざないの街 上級
STAGE2 いざないの街 上級をクリアで開放
STAGE2 いざないの街 中級
STAGE2 いざないの街 中級をクリアで開放
STAGE2 いざないの街 初級
STAGE2 いざないの街 初級をクリアで開放
STAGE2 いざないの街 悪魔級
STAGE2 いざないの街 超級
STAGE2 いざないの街 魔王級
STAGE3 迷いの森 上級
STAGE3 迷いの森 上級をクリアで開放
STAGE3 迷いの森 中級
STAGE3 迷いの森 中級をクリアで開放
STAGE3 迷いの森 初級
STAGE3 迷いの森 初級をクリアで開放
STAGE3 迷いの森 悪魔級
STAGE3 迷いの森 超級
STAGE3 迷いの森 魔王級
STAGE4 勇気の洞窟 上級
STAGE4 勇気の洞窟 上級をクリアで開放
STAGE4 勇気の洞窟 中級
STAGE4 勇気の洞窟 中級をクリアで開放
STAGE4 勇気の洞窟 初級
STAGE4 勇気の洞窟 初級をクリアで開放
STAGE4 勇気の洞窟 悪魔級
STAGE4 勇気の洞窟 超級
STAGE4 勇気の洞窟 魔王級
STAGE5 まどろみの大地 上級
STAGE5 まどろみの大地 上級をクリアで開放
STAGE5 まどろみの大地 中級
STAGE5 まどろみの大地 中級をクリアで開放
STAGE5 まどろみの大地 初級
STAGE5 まどろみの大地 初級をクリアで開放
STAGE5 まどろみの大地 悪魔級
STAGE5 まどろみの大地 超級
STAGE5 まどろみの大地 魔王級
STAGE6 決意の道 上級
STAGE6 決意の道 上級をクリアで開放
STAGE6 決意の道 中級
STAGE6 決意の道 中級をクリアで開放
STAGE6 決意の道 初級
STAGE6 決意の道 初級をクリアで開放
STAGE6 決意の道 悪魔級
STAGE6 決意の道 超級
STAGE6 決意の道 魔王級
STAGE7 悟りの門 上級
STAGE7 悟りの門 上級をクリアで開放
STAGE7 悟りの門 中級
STAGE7 悟りの門 中級をクリアで開放
STAGE7 悟りの門 初級
STAGE7 悟りの門 初級をクリアで開放
STAGE7 悟りの門 悪魔級
STAGE7 悟りの門 超級
STAGE7 悟りの門 魔王級
STAGE8 黄金回廊 上級
STAGE8 黄金回廊 上級をクリアで開放
STAGE8 黄金回廊 中級
STAGE8 黄金回廊 中級をクリアで開放
STAGE8 黄金回廊 初級
STAGE8 黄金回廊 初級をクリアで開放
STAGE8 黄金回廊 悪魔級
STAGE8 黄金回廊 超級
STAGE8 黄金回廊 魔王級
STAR_HIGHER
Sacrilege Tetrahedron Ⅰ
Sacrilege Tetrahedron Ⅱ
Sacrilege Tetrahedron Ⅲ
Sacrilege Tetrahedron Ⅳ
Samurai Remnant
Servant Art Chronicle
Singularity F
Studio Legale G
Sイシュタル
S・W・P最大ダメージトライアル1日目
S・W・P最大ダメージトライアル2日目
S本戦 アリーナ級 復活のアルゴノーツ・後
S本戦 ガーデン級 ＮＹ観光の御一行
S本戦 クラブ級 復活のアルゴノーツ・前
S本戦 ジム級 たのしい爆発無双
S本戦 ストリート級 超地獄減量レオ＆エレちゃん
TEAM Phoenix
TVアニメ「FGO -絶対魔獣戦線バビロニア-」Ep. 1回想クエスト
TVアニメ「FGO -絶対魔獣戦線バビロニア-」Ep. 2回想クエスト
TVアニメ「FGO -絶対魔獣戦線バビロニア-」Ep. 3回想クエスト
TVアニメ「FGO -絶対魔獣戦線バビロニア-」Episode 0
TVアニメ「FGOバビロニア」放送記念チケット
TVアニメ「FGOバビロニア」放送記念第2弾チケット
TVアニメ「ロード・エルメロイⅡ世の事件簿」放送記念クエスト
TYPE LUMINA
TYRANT BATTLE
TargetNumAbove
TargetNumBelow
TargetNumEqual
U FOU キャッチャー
U39dhando
UFO
V
WANTED アサシンJ&H
WANTED アサシンK
WANTED アーチャーA&M
WANTED アーチャーT
WANTED キャスターG
WANTED キャスターM
WANTED セイバーA
WANTED セイバーS
WANTED バーサーカーHXA
WANTED バーサーカーV
WANTED ライダーG
WANTED ライダーM
WANTED ランサーC
WANTED ランサーK
WANTED(ミッションNo11クリアで開放)
WANTED(ミッションNo14クリアで開放)
WANTED(ミッションNo17クリアで開放)
WANTED(ミッションNo19クリアで開放)
WANTED(ミッションNo21クリアで開放)
WANTED(ミッションNo22クリアで開放)
WANTED(ミッションNo26クリアで開放)
WANTED(ミッションNo28クリアで開放)
WANTED(ミッションNo30クリアで開放)
WANTED(ミッションNo32クリアで開放)
WANTED(ミッションNo34クリアで開放)
WANTED(ミッションNo36クリアで開放)
WANTED(ミッションNo50クリアで開放)
WANTED(ミッションNo9クリアで開放)
WISH ON THE STARRY NIGHT
WISH ON THE STARRY NIGHT A
WISH ON THE STARRY NIGHT B
WISH ON THE STARRY NIGHT EX
Wake up！　XX！
Waltz in the MOONLIGHT
Watcher from far(near) side-
Welcome to ONILAND!!
Wonderer
World End Match エドワード☆ティーチ
World End Match コナハト☆メイヴ
World End Match ジル☆ド☆レェ
World End Match テスタメント
World End Match ディルムッド☆オディナ
World End Match ナーサリー☆ライム
World End Match ファントム☆オブ☆ジ☆オペラ
World End Match ファースト・レディ
World End Match マハトマ♀エレナ
World End Match メディカル☆メディア
Zap.(LASENGLE)
[1]【高難易度】ウエスタン忍法帳
[1]【高難易度】スーパー・マイホーム・ダディ
[2]【高難易度】ヤツを倒すその時まで
[2]【高難易度】家に帰るまでが特異点修復です
[3]【高難易度】ギャラクシー・ガーディアン
[3]【高難易度】罪と罰 ～散華すべきは白い髭～
[4]【高難易度】真実の愛
[4]【高難易度】聖鹿の行進
[5]【高難易度】司書のお仕事
[5]【高難易度】黄泉の申し子
[6]【高難易度】 「怒涛！ かかれ柴田！」
[6]【高難易度】ライヘンバッハの再戦
[7]【高難易度】Five Star Idol
[7]【高難易度】ドキッ！水着だらけの大決戦
[Heaven's Feel]
[[],[]]
[dl:y=-1:w=0.75:g=22:h=0.05:e=1]0[/dl].
[servantName 503000](キャスター)装備時のみ、自身の弱体耐性を100%アップ
[servantName]の宝具を
どのタイプに変更するか選択してください
[オニ][ブリキ][かぼちゃ]出現率アップ
[カカシ][おもちゃ][ゆうれい]出現率アップ
[サル][ヘビ][メルヘン]出現率アップ
[スケルトン系][ゴースト系][ラミア系]出現率アップ
[スケルトン系][スケアクロウ系]出現率アップ
[ナイト系][ゲイザー系][量産型系]出現率アップ
[獣人系][ホムンクルス系][騎士系]出現率アップ
[虫系][ゴーレム系]出現率アップ
[ﾄﾞﾛｰﾝ系、ﾎﾑﾝｸﾙｽ系、ｵｰﾄﾏﾀ系]出現率アップ
absorbNpturn
actConsumeBattleWin
active
addBattlePoint
addDamage
addFieldChangeToField
addIndividuality
addMaxBattlePoint
addMaxhp
addSelfdamage
addState
addStateFuncType170
addStateShort
addStateShortToField
addStateToField
ainezu
alignmentBalanced
alignmentChaotic
alignmentEvil
alignmentGood
alignmentLawful
alignmentMadness
alignmentNeutral
alignmentSummer
all
allUsersBoxGachaCount
alloutBattle
alterEgo
aniplexPlusChargeStone
anonymous
aoeNP
ap
apAdd
apAndItem
apRecover
appendSkill
appendix
archer
areaBoardShortcut
arthur
artsBuff
ascension
assassin
associatedToTheArgo
attackAfterFunction
attackAfterFunctionMainOnly
attackBeforeFunction
attackBeforeFunctionMainOnly
attackEnemyAll
attackEnemyOne
attackMagical
attackPhysical
attackProjectile
attributeBeast
attributeEarth
attributeHuman
attributeSky
attributeStar
autoExecute
avenger
avoidFunctionExecuteSelf
avoidInstantdeath
avoidState
avoidance
avoidanceAttackDeathDamage
avoidanceIndividuality
ba5df
ba5df22
balanced
banner
baseMapId
battleItem
battleResultLoseQuestClear
bbe4e
beast
beastEresh
beastI
beastII
beastIIIL
beastIIIR
beastIV
beastVII
beforeQuestClearTime
beforeSpecifiedDate
berserker
bgImage
bgObject
bgm
blackMarkWithClear
blessedByKur
boardGameTokenGroupHaving
boostItem
boostItemConsumeBattleWin
branch
branchScenario
breakAvoidance
bride
bronze
brynhildsBeloved
btn_select_003
btn_select_004
buff
buffAtkDown
buffAtkUp
buffBound
buffBuffSuccessRateUp
buffBurn
buffChangeField
buffCharm
buffCharmFemale
buffConfusion
buffConvert
buffCritDamageDown
buffCritDamageUp
buffCritRateDown
buffCritRateUp
buffCurse
buffCurseEffectUp
buffDamageCut
buffDamagePlus
buffDeathResistDown
buffDecreaseDamage
buffDecreaseDefence
buffDefUp
buffDefenceDown
buffDefenceUp
buffDisableColorCard
buffEvade
buffEvadeAndInvincible
buffGuts
buffGutsOnInstantDeath
buffHpRecoveryPerTurn
buffImmobilize
buffIncreaseDamage
buffIncreaseDefence
buffIncreasePoisonEffectiveness
buffInvincible
buffInvinciblePierce
buffLockCardsDeck
buffMaxHpDown
buffMaxHpUp
buffMentalEffect
buffNegativeEffect
buffNegativeEffectAtTurnEnd
buffNegativeEffectImmunity
buffNpDamageDown
buffNpDamageUp
buffNpPerTurn
buffNpSeal
buffNullifyBuff
buffPetrify
buffPigify
buffPoison
buffPositiveEffect
buffPowerModStrUp
buffRate
buffSleep
buffSpecialDmgAgainstAlignmentEvil
buffSpecialDmgAgainstAlignmentGood
buffSpecialInvincible
buffSpecialInvinciblePierce
buffStarPerTurn
buffStrongAgainstDragon
buffStrongAgainstWildBeast
buffStun
buffSureHit
buffTargetFocus
buffTerrorStunChanceAfterTurn
bunnyServant
burnEffectivenessUp
burningLove
busterBuff
caitCuCerpriestessAscension0To2
caitCuCerpriestessAscension3To4
caitCuCerpriestessOnTheField
canBeInBattle
canFlyInSpace
cantBeSacrificed
cardArts
cardBuster
cardExtra
cardNP
cardQuick
cardReset
caster
changeBgm
changeCommandCardType
changeDispClosedMessage
changeMasters
chaotic
chapterSubIdJapaneseNumeralsCalligraphy
chapterSubIdJapaneseNumeralsNormal
chargeStone
chenGongNp
childServant
classAlterEgo
classArcher
classAssassin
classAvenger
classBeast
classBeastDraco
classBeastEresh
classBeastI
classBeastII
classBeastIIIL
classBeastIIIR
classBeastILost
classBeastIV
classBeastUnknown
classBeastVI
classBeastVIBoss
classBerserker
classBoardResetItem
classBoardSquareReleased
classCaster
classDemonGodPillar
classDropUp
classForeigner
classLancer
classLoreGrandCaster
classMoonCancer
classPretender
classRider
classRuler
classSaber
classShielder
classUOlgaMarie
classUOlgaMarieFlare
classUOlgaMarieGrand
classUOlgaMarieStellar
classUnBeastOlgaMarie
clearMark
clearedReturnToTitle
close
closeAfterClear
closeDisp
closedHideTrendClass
commandCardPrmUp
commandCode
commandSpellIcon
commandTypeSelfTreasureDevice
commandattackAfterFunction
commandattackAfterFunctionMainOnly
commandattackBeforeFunction
commandattackBeforeFunctionMainOnly
commandcodeattackAfterFunctionMainOnly
commandcodeattackBeforeFunction
commandcodeattackBeforeFunctionMainOnly
commonRelease
commonValueAbove
confirmCommandFunction
continueFunction
continueItem
coordinates
costume
costumeGet
costumeRelease
counterFunction
criticalHit
curse
damageFunction
damageNp
damageNpAndOrCheckIndividuality
damageNpBattlePointPhase
damageNpHpratioLow
damageNpIndividual
damageNpIndividualSum
damageNpPierce
damageNpRare
damageNpStateIndividualFix
date
deadFunction
deadattackFunction
defender
delayFunction
delayNpturn
demeritFunction
demon
demonBeast
demonic
demonicBeastServant
dice
disableChapterSub
disableCommandSpeel
disableMasterSkill
dispEarthPointWithoutMap
dispFirstQuest
displayBuffstring
displayConsumeIcon
displayLoopmark
divine
divineOrDemonOrUndead
divineSpirit
donotAct
donotActCommandtype
donotNoble
donotNobleCondMismatch
donotRecovery
donotSelectCommandcard
donotSkill
donotSkillSelect
downAtk
downCommandall
downCriticalRateDamageTaken
downCriticalStarDamageTaken
downCriticaldamage
downCriticalpoint
downCriticalrate
downDefence
downDefenceCriticaldamage
downDefenceNpdamage
downDefencecommandall
downDropnp
downGainHp
downGrantstate
downNpdamage
downNpturnval
downStarweight
downTolerance
dragon
dragonSlayer
dropFirstTimeOnly
earth
ee3939ee
effectChangeBlackMark
effectChangeWhiteMark
effectDisappearBanner
elapsedTimeAfterQuestClear
en
enableFollowQuest
enemy
enemyAll
enemyCollectionDetail
enemyEncountCopyRateUp
enemyEncountRateUp
enemyImmediateAppear
enemyOneNoTargetNoAction
entryFunction
eoa1pm6pngp
epilog 風に咲う二輪草
episode Ⅰ　リリィの旅立ち
episode Ⅱ　黒髭の覚醒
episode Ⅲ　ローマの復活
episode Ⅳ　宇宙への目覚め
episode Ⅴ　Ｘの解答
episode Ⅵ　花の旅路へ
episode Ⅵ　花の旅路へ クリアで開放
equip
equipWithTargetCostume
euqipSkillUseItem
event
eventApocrypha
eventBattleInNewYork1
eventBattleInNewYork2
eventDeckNoSupport
eventDropRateUp
eventDropUp
eventFlag
eventFlagOff
eventFortificationPointUp
eventFortificationRewardNum
eventGroupPoint
eventGroupPointRatioInTerm
eventGroupRankInTerm
eventGroupTotalWinEachPlayer
eventGuda2
eventGuda4
eventGuda5
eventHeelPortrait
eventItem
eventLasVegas
eventMissionAchieve
eventNeroFest2
eventNeroFest3
eventNormaPointClear
eventOnigashima
eventOnigashimaRaid
eventOoku
eventPassiveSkillGiven
eventPoint
eventPointGroupWin
eventPointUp
eventPrisma
eventPrismaWorldEndMatch
eventRashomon
eventSaberWars
eventSaberWarsII
eventScriptPlay
eventSetsubun
eventStartToEnd
eventStatus
eventSummerCamp
eventSvtGet
eventSvtJoin
eventTotalPoint
eventValue
eventValueEqual
evil
exchangeSvt
exchangeSvtCoin
existenceOutsideTheDomain
expUp
extendBuffturn
extendUserEquipSkill
extraBuff
faceCard
fae
fairyTaleServant
fatigueBattle
female
feminineLookingServant
fieldAir
fieldBurning
fieldCity
fieldDarkness
fieldForest
fieldHeaven
fieldHell
fieldImaginarySpace
fieldIndividuality
fieldIndividualityChangedFunction
fieldOther
fieldShore
fieldShoreOrImaginarySpace
fieldSunlight
fiveStarServant
fixCommandcard
flag
folderHeaderId
folderSortPrior
forceDisplayEnemyInfo
forceFalse
forceInstantDeath
forceInstantDeathFunction
forceToNoDrop
foreigner
fourStarServant
free
friendPoint
friendPointUp
friendPointUpDuplicate
friendship
friendshipUpItem
functionedFunction
gachaTicket
gainHp
gainHpFromTargets
gainHpPer
gainMultiplyNp
gainNp
gainNpBuffIndividualSum
gainNpFromTargets
gainNpIndividualSum
gainNpTargetSum
gainStar
genderCaenisServant
genderFemale
genderMale
genderUnknown
genji
giant
goetia
gold
good
goodAndEvil
greekMythologyMales
groupServant
guts
gutsBlock
gutsFunction
gutsRatio
happyHalloween
happyHalloweenCounter
harvest
hasCostume
hasGoddessMetamorphosis
hasSupereffectiveNPAgainstAlignmentEvil
hasSupereffectiveNPAgainstAlignmentGood
hastenNpturn
havingAnimalsCharacteristics
henken
heroine
hide
hideMaster
hideProgress
hideUiGaugeWhenCantAddPointAndFollowerSupport
holdingHolyGrail
hominidaeServant
hpReduceToRegain
https://static.atlasacademy.io/JP/Items/0.png
https://static.atlasacademy.io/JP/Items/1.png
https://static.atlasacademy.io/JP/Items/100.png
https://static.atlasacademy.io/JP/Items/1000.png
https://static.atlasacademy.io/JP/Items/1001.png
https://static.atlasacademy.io/JP/Items/101.png
https://static.atlasacademy.io/JP/Items/102.png
https://static.atlasacademy.io/JP/Items/103.png
https://static.atlasacademy.io/JP/Items/104.png
https://static.atlasacademy.io/JP/Items/11.png
https://static.atlasacademy.io/JP/Items/12.png
https://static.atlasacademy.io/JP/Items/16.png
https://static.atlasacademy.io/JP/Items/17.png
https://static.atlasacademy.io/JP/Items/18.png
https://static.atlasacademy.io/JP/Items/19.png
https://static.atlasacademy.io/JP/Items/2.png
https://static.atlasacademy.io/JP/Items/200.png
https://static.atlasacademy.io/JP/Items/2000.png
https://static.atlasacademy.io/JP/Items/201.png
https://static.atlasacademy.io/JP/Items/202.png
https://static.atlasacademy.io/JP/Items/203.png
https://static.atlasacademy.io/JP/Items/204.png
https://static.atlasacademy.io/JP/Items/2101.png
https://static.atlasacademy.io/JP/Items/2102.png
https://static.atlasacademy.io/JP/Items/2103.png
https://static.atlasacademy.io/JP/Items/2104.png
https://static.atlasacademy.io/JP/Items/2105.png
https://static.atlasacademy.io/JP/Items/2106.png
https://static.atlasacademy.io/JP/Items/2107.png
https://static.atlasacademy.io/JP/Items/2108.png
https://static.atlasacademy.io/JP/Items/2109.png
https://static.atlasacademy.io/JP/Items/23.png
https://static.atlasacademy.io/JP/Items/24.png
https://static.atlasacademy.io/JP/Items/25.png
https://static.atlasacademy.io/JP/Items/26.png
https://static.atlasacademy.io/JP/Items/27.png
https://static.atlasacademy.io/JP/Items/3.png
https://static.atlasacademy.io/JP/Items/300.png
https://static.atlasacademy.io/JP/Items/301.png
https://static.atlasacademy.io/JP/Items/31.png
https://static.atlasacademy.io/JP/Items/32.png
https://static.atlasacademy.io/JP/Items/33.png
https://static.atlasacademy.io/JP/Items/34.png
https://static.atlasacademy.io/JP/Items/35.png
https://static.atlasacademy.io/JP/Items/36.png
https://static.atlasacademy.io/JP/Items/4.png
https://static.atlasacademy.io/JP/Items/40.png
https://static.atlasacademy.io/JP/Items/4001.png
https://static.atlasacademy.io/JP/Items/44.png
https://static.atlasacademy.io/JP/Items/45.png
https://static.atlasacademy.io/JP/Items/46.png
https://static.atlasacademy.io/JP/Items/48.png
https://static.atlasacademy.io/JP/Items/49.png
https://static.atlasacademy.io/JP/Items/5.png
https://static.atlasacademy.io/JP/Items/50.png
https://static.atlasacademy.io/JP/Items/5000.png
https://static.atlasacademy.io/JP/Items/5001.png
https://static.atlasacademy.io/JP/Items/5002.png
https://static.atlasacademy.io/JP/Items/5003.png
https://static.atlasacademy.io/JP/Items/51.png
https://static.atlasacademy.io/JP/Items/52.png
https://static.atlasacademy.io/JP/Items/53.png
https://static.atlasacademy.io/JP/Items/55.png
https://static.atlasacademy.io/JP/Items/56.png
https://static.atlasacademy.io/JP/Items/57.png
https://static.atlasacademy.io/JP/Items/58.png
https://static.atlasacademy.io/JP/Items/59.png
https://static.atlasacademy.io/JP/Items/6.png
https://static.atlasacademy.io/JP/Items/60.png
https://static.atlasacademy.io/JP/Items/6001.png
https://static.atlasacademy.io/JP/Items/6002.png
https://static.atlasacademy.io/JP/Items/6003.png
https://static.atlasacademy.io/JP/Items/6004.png
https://static.atlasacademy.io/JP/Items/6005.png
https://static.atlasacademy.io/JP/Items/6006.png
https://static.atlasacademy.io/JP/Items/6007.png
https://static.atlasacademy.io/JP/Items/61.png
https://static.atlasacademy.io/JP/Items/6101.png
https://static.atlasacademy.io/JP/Items/6102.png
https://static.atlasacademy.io/JP/Items/6103.png
https://static.atlasacademy.io/JP/Items/6104.png
https://static.atlasacademy.io/JP/Items/6105.png
https://static.atlasacademy.io/JP/Items/6106.png
https://static.atlasacademy.io/JP/Items/6107.png
https://static.atlasacademy.io/JP/Items/62.png
https://static.atlasacademy.io/JP/Items/6201.png
https://static.atlasacademy.io/JP/Items/6202.png
https://static.atlasacademy.io/JP/Items/6203.png
https://static.atlasacademy.io/JP/Items/6204.png
https://static.atlasacademy.io/JP/Items/6205.png
https://static.atlasacademy.io/JP/Items/6206.png
https://static.atlasacademy.io/JP/Items/6207.png
https://static.atlasacademy.io/JP/Items/63.png
https://static.atlasacademy.io/JP/Items/6501.png
https://static.atlasacademy.io/JP/Items/6502.png
https://static.atlasacademy.io/JP/Items/6503.png
https://static.atlasacademy.io/JP/Items/6505.png
https://static.atlasacademy.io/JP/Items/6506.png
https://static.atlasacademy.io/JP/Items/6507.png
https://static.atlasacademy.io/JP/Items/6508.png
https://static.atlasacademy.io/JP/Items/6509.png
https://static.atlasacademy.io/JP/Items/6510.png
https://static.atlasacademy.io/JP/Items/6511.png
https://static.atlasacademy.io/JP/Items/6512.png
https://static.atlasacademy.io/JP/Items/6513.png
https://static.atlasacademy.io/JP/Items/6514.png
https://static.atlasacademy.io/JP/Items/6515.png
https://static.atlasacademy.io/JP/Items/6516.png
https://static.atlasacademy.io/JP/Items/6517.png
https://static.atlasacademy.io/JP/Items/6518.png
https://static.atlasacademy.io/JP/Items/6519.png
https://static.atlasacademy.io/JP/Items/6520.png
https://static.atlasacademy.io/JP/Items/6521.png
https://static.atlasacademy.io/JP/Items/6522.png
https://static.atlasacademy.io/JP/Items/6523.png
https://static.atlasacademy.io/JP/Items/6524.png
https://static.atlasacademy.io/JP/Items/6525.png
https://static.atlasacademy.io/JP/Items/6526.png
https://static.atlasacademy.io/JP/Items/6527.png
https://static.atlasacademy.io/JP/Items/6528.png
https://static.atlasacademy.io/JP/Items/6529.png
https://static.atlasacademy.io/JP/Items/6530.png
https://static.atlasacademy.io/JP/Items/6531.png
https://static.atlasacademy.io/JP/Items/6532.png
https://static.atlasacademy.io/JP/Items/6533.png
https://static.atlasacademy.io/JP/Items/6534.png
https://static.atlasacademy.io/JP/Items/6535.png
https://static.atlasacademy.io/JP/Items/6536.png
https://static.atlasacademy.io/JP/Items/6537.png
https://static.atlasacademy.io/JP/Items/6538.png
https://static.atlasacademy.io/JP/Items/6539.png
https://static.atlasacademy.io/JP/Items/6540.png
https://static.atlasacademy.io/JP/Items/6541.png
https://static.atlasacademy.io/JP/Items/6542.png
https://static.atlasacademy.io/JP/Items/6543.png
https://static.atlasacademy.io/JP/Items/6544.png
https://static.atlasacademy.io/JP/Items/6545.png
https://static.atlasacademy.io/JP/Items/6546.png
https://static.atlasacademy.io/JP/Items/6547.png
https://static.atlasacademy.io/JP/Items/6548.png
https://static.atlasacademy.io/JP/Items/6549.png
https://static.atlasacademy.io/JP/Items/6550.png
https://static.atlasacademy.io/JP/Items/6551.png
https://static.atlasacademy.io/JP/Items/6552.png
https://static.atlasacademy.io/JP/Items/6553.png
https://static.atlasacademy.io/JP/Items/6554.png
https://static.atlasacademy.io/JP/Items/6555.png
https://static.atlasacademy.io/JP/Items/6556.png
https://static.atlasacademy.io/JP/Items/6557.png
https://static.atlasacademy.io/JP/Items/6558.png
https://static.atlasacademy.io/JP/Items/6559.png
https://static.atlasacademy.io/JP/Items/6560.png
https://static.atlasacademy.io/JP/Items/6561.png
https://static.atlasacademy.io/JP/Items/6562.png
https://static.atlasacademy.io/JP/Items/6563.png
https://static.atlasacademy.io/JP/Items/6564.png
https://static.atlasacademy.io/JP/Items/6565.png
https://static.atlasacademy.io/JP/Items/6999.png
https://static.atlasacademy.io/JP/Items/7.png
https://static.atlasacademy.io/JP/Items/70.png
https://static.atlasacademy.io/JP/Items/7001.png
https://static.atlasacademy.io/JP/Items/7002.png
https://static.atlasacademy.io/JP/Items/7003.png
https://static.atlasacademy.io/JP/Items/7004.png
https://static.atlasacademy.io/JP/Items/7005.png
https://static.atlasacademy.io/JP/Items/7006.png
https://static.atlasacademy.io/JP/Items/7007.png
https://static.atlasacademy.io/JP/Items/71.png
https://static.atlasacademy.io/JP/Items/7101.png
https://static.atlasacademy.io/JP/Items/7102.png
https://static.atlasacademy.io/JP/Items/7103.png
https://static.atlasacademy.io/JP/Items/7104.png
https://static.atlasacademy.io/JP/Items/7105.png
https://static.atlasacademy.io/JP/Items/7106.png
https://static.atlasacademy.io/JP/Items/7107.png
https://static.atlasacademy.io/JP/Items/72.png
https://static.atlasacademy.io/JP/Items/73.png
https://static.atlasacademy.io/JP/Items/74.png
https://static.atlasacademy.io/JP/Items/75.png
https://static.atlasacademy.io/JP/Items/76.png
https://static.atlasacademy.io/JP/Items/77.png
https://static.atlasacademy.io/JP/Items/78.png
https://static.atlasacademy.io/JP/Items/79.png
https://static.atlasacademy.io/JP/Items/7998.png
https://static.atlasacademy.io/JP/Items/7999.png
https://static.atlasacademy.io/JP/Items/8.png
https://static.atlasacademy.io/JP/Items/80.png
https://static.atlasacademy.io/JP/Items/9.png
https://static.atlasacademy.io/JP/Items/99.png
human
humanoid
icon_treasure_device_change
icon_treasure_device_change_702
icon_treasure_device_change_703
ignoreCombineLimitSpecial
illya
immuneToPigify
instantDeath
instantDeathFunction
intro
intro.1
intro.2-1
intro.2-2
intro.3-1
intro.3-2
intro.3-3
intro.3-4
intro.4
intro.5-1
intro.5-2
intro.5-3
intro.5-4
invincible
isEvent
isSelfTarget
isWarIconCenter
isWarIconFree
isWarIconLeft
item
itemGet
itemSelect
king
kingproteaInfiniteProliferation
kingproteaProliferation
kingproteaProliferationNPDefense
knightsOfTheRound
kuonjiAliceHasSkill3
kuonjiAliceStage3
lamia
lancer
lastSelfturnprogressFunction
lawful
letztes 星原と水晶の国【Ⅰ】
letztes 星原と水晶の国【Ⅱ】
letztes 星原と水晶の国【Ⅲ】
letztes 星原と水晶の国【Ⅳ】
levitating
live
livingHuman
longName
loreGrandCaster
lossHp
lossHpPerSafe
lossHpSafe
lossNp
lossStar
madness
magicBullet
main
mainScenario
male
mana
manuscriptComplete
markOfSin
marking
masterFaceIcon
masterMission
masterSkillValueUp
materialFolderName
materialGalleryHeaderImgId
materialHeaderImgId
materialParentWar
mechanical
milleniumCastle
mirage
moon
moonCancer
moryo
moveState
moveToLastSubmember
multiGutsBeforeFunction
multiattack
multipleDate
murasamaAscension0
myFairSoldier
name
namePanelOffsetX
namePanelOffsetY
neutral
noBattle
noClearMarkWithClear
noClearMarkWithComplete
noContinue
noDisplayConsume
noDisplayMissionNotify
noDisplayNextIcon
noDisplayRaidRemain
noDisplayRemain
noSupportList
noTarget
nobunaga
none
normal
normalAokoBuff
notBasedOnServant
notDisplayResultGetPoint
notEventMissionAchieve
notEventRaceQuestOrNotAllGroupGoal
notEventRaceQuestOrNotTargetRankGoal
notEventStatus
notItemGet
notProtectedByBBDubai
notQuestAvailable
notQuestClearPhase
notQuestGroupClear
notRetrievable
notRouteSelect
notShopPurchase
notTargetOtherPlayer
noticeBoard
noticeDialogText
npattackPrevBuff
obstacleMaker
one
oneStarServant
oni
onlyUseForNpc
open
outro.1
overwriteBattleclass
overwriteClassRelation
overwriteForce
overwriteMoreThanTarget
overwriteSvtCardType
parentWar
passive
pathPointRatioLimit
pierceDefence
pierceInvincible
pierceSpecialInvincible
pierceSubdamage
player
playerAndEnemy
pretender
preventDeathByDamage
priority
prolog 棄てられし少女たちの墓標
protagonistCorrection
protectedByBBDubai
protoMerlinNPChargeBlock
ptAll
ptFull
ptOne
ptOneHpLowestRate
ptOneOther
ptOther
ptOtherFull
ptRandom
ptSelfAnotherFirst
ptselectOneSub
purchaseShop
purePri
purePriShopReset
qp
qpDropUp
qpUp
quest
questBoardSectionImage
questClear
questClearPhase
questClearQPReward
questGroupClear
questKnockdownRecord
questMaxDamageRecord
questNotClear
questResetAvailable
questRewardIcon
questRewardQp
quickBuff
raid
raidAlive
raidConnection
raidDead
raidGroupDead
raidLastDay
rarePri
reactiveDamageGainHp
recollection
recommendSupportHeaderImgId
recommendSupportParentWar
reconstruction
reduceHp
reduceTradeTime
reflectionFunction
regainHp
regainNp
regainStar
repeatLast
replaceMember
resetInterval
revivalItem
rider
riding
rioka
robinAllGone
robinCounter
roman
routeSelect
rp
rpAdd
ruler
ryozanpaku
saber
saberClassServant
saberface
sakuraSeries
script
self
selfturnendFunction
selfturnstartFunction
servant
servantEquip
servantFriendshipUp
servantsWithSkyAttribute
shadow
shielder
shinsengumiServant
shop
shopFlagOn
shortenBuffcount
shortenSkill
shortenSkillAfterUseSkill
shuten
shutenOnField
silver
skill
skillBeforeFunction
skillLvUp
skillRankUp
skillSeal
skillTargetedBeforeFunction
sky
skyOrEarthExceptPseudoAndDemiServant
skyOrEarthServant
specialInvincible
st.オルレアン
stNP
standardClassServant
star
startType
stone
stoneFragments
stormpod
storyShortcut
strange Fake
stranger Folklore
stranger Folklore A
stranger Folklore B
stranger Folklore EX
subBattlePoint
subFieldIndividuality
subFolder
subFuncHpReduce
subIndividuality
subMaxhp
subSelfdamage
subState
summer
summerModeServant
superBoss
superGiant
support
supportOnlyForceBattle
supportSelectAfterScript
supportSvtEditablePosition
supportSvtMultipleSet
svtCoin
svtEquipCampaign
svtEquipChocolate
svtEquipEvent
svtEquipEventReward
svtEquipExp
svtEquipFriendShip
svtEquipManaExchange
svtFriendship
svtGet
svtLimit
takeruDummyTrait
tdLvUp
tdTypeChange
tdTypeChangeArts
tdTypeChangeBuster
tdTypeChangeQuick
threatToHumanity
threeStarServant
toFieldChangeField
tradeAp
transformServant
treasureDevice
treasureDeviceAfterFunction
treasureDeviceBeforeFunction
treasureDevicePostAfterFunction
twoStarServant
uOlgaMarieAquaCollection
uOlgaMarieFlareCollection
uOlgaMarieGrandCollection
uOlgaMarieStellarCollection
unBeastOlgaMarie
undead
undeadOrDemon
unknown
upAtk
upChagetd
upCommandall
upCommandatk
upCriticalRateDamageTaken
upCriticalStarDamageTaken
upCriticaldamage
upCriticalpoint
upCriticalrate
upDamage
upDamageEventPoint
upDamageIndividuality
upDamageIndividualityActiveonly
upDamagedropnp
upDefence
upDefenceNpdamage
upDefencecommandall
upDropnp
upFuncHpReduce
upGainHp
upGivegainHp
upGrantInstantdeath
upGrantstate
upHate
upNonresistInstantdeath
upNpdamage
upResistInstantdeath
upStarweight
upTolerance
upToleranceSubstate
useItemCount
useItemEternity
useItemTime
userEquipExpUp
userEventDeck
valkyrie
vote
waiting in the sky
warBoard
warClear
warForceDisp
warForceHide
weakToEnumaElish
weekday
weekdays
wildbeast
withMap
wrathOfTheEnshrinedDeity
yuMeiren
zero
zeroStarServant
{0}
獲得数ボーナス合計
{0}
獲得率ボーナス合計
{0}
獲得量ボーナス合計
{0}
追加ドロップ率合計
{0}をクリアで開放
{0}月{1}日{2:D2}時{3:D2}分に開放
{0}月{1}日{2:D2}時{3:D2}分に開放 (満足度+3000)
{0}月{1}日{2:D2}時{3:D2}分以降に開放
{0}獲得数アップ
{0}獲得率アップ
{0}獲得量アップ
{0}追加ドロップ率アップ
{1}
Arts攻撃の威力アップ合計
{1}
Buster攻撃の威力アップ合計
{1}
Quick攻撃の威力アップ合計
{1}
クリティカル攻撃の威力アップ合計
{1}
スター発生率アップ合計
{1}
全体効果により得られる絆アップ合計
{1}
女性のみArts威力アップ合計
{1}
女性のみBuster威力アップ合計
{1}
女性のみQuick威力アップ合計
{1}
女性のみ威力アップ合計
{1}
宝具威力アップ合計
{1}
宝具攻撃の威力アップ合計
{1}
得られる自身の絆ボーナス合計
{1}
攻撃の威力アップ合計
{1}
自己効果により得られる絆アップ合計
{1} 
バトル開始時NPチャージ合計
{1} 
攻撃の威力アップ合計
{1} 
攻撃の威力アップ（全体）合計
“あれ”がいる森
“在る”という瑕疵
“山の翁”
“山の翁”(アサシン)装備時のみ、自身の弱体耐性を100%アップ
Ⅰの座
Ⅰ／溶鉱炉ナベリウス
Ⅱの座
Ⅱ／情報室フラウロス
Ⅲの座
Ⅲ／観測所フォルネウス
Ⅳの座
Ⅳ／管制塔バルバトス
Ⅴの座
Ⅴ／兵装舎ハルファス
Ⅵの座
Ⅵ／覗覚星アモン
Ⅶの座
Ⅶ／生命院サブナック
∞ドリーム
∞栗餡子 EX
∞黒餡子 EX
───いつか、星を救う日に
───そしてキミは、旅の果てへ
───たとえ、この命に代えても
───坂田金時、此処に在り
───天元の花、またいつの日か
───征け、黄昏を越えて
■.■.2017
■■■■■■■■■■
■■■■■■■■■■■
■■■■都市 スノーフィールド
■□■□■□
○○○と不思議の海・前編
★3(R)以下のサーヴァントまたはマシュに装備時のみ、攻撃の威力アップ
★4(SR)以下のサーヴァントに装備時のみ、攻撃の威力アップ
★5(SSR)以下のサーヴァントに装備時のみ、攻撃の威力アップ
「FGC 1st Season」発売記念クエスト
「FGC 2nd Season」発売記念クエスト
「FGO VR feat.マシュ・キリエライト」配信記念クエスト
「FGO Waltz in the MOONLIGHT/LOSTROOM」配信記念クエスト
「FGO ウィンターキャラバン オンライン 2021」配信記念クエスト
「FGO カルデアパークキャラバン 2019-2020」開催記念クエスト
「FGO 藤丸立香はわからない」Season2
「FGO 藤丸立香はわからない」Season3
「FGO 藤丸立香はわからない」Season4
「FGOコミカライズ」コミック発売記念クエスト
「Fate/EXTELLA LINK」発売記念クエスト
「Fate/Grand Order Memories Ⅱ」発売記念クエスト
「Fate/Grand Order Memories Ⅲ」発売記念クエスト
「Fate/Grand Order Memories」始動記念クエスト
「Fate/stay night REMASTERED」発売記念 PV
「Fate/stay night [Réalta Nua]」アップデート記念クエスト
「MELTY BLOOD」セイバー参戦記念クエスト
「MELTY BLOOD」マシュ参戦記念クエスト
「『Fate/Requiem』盤上遊戯黙示録」において与えるダメージをアップ
「『聖墓隠し通路』をクリアせよ」ミッション達成で開放
「【改修クエスト】主砲の修理」クリア
&「【改修クエスト】副砲の修理」クリアで開放
「【改修クエスト】主砲の修理」クリアで開放
「【改修クエスト】副砲の修理」クリアで開放
「【改修クエスト】自己修復機能の開発」クリアで開放
「【改修クエスト】装甲の修理」クリアで開放
「【改修クエスト】速度の強化」クリアで開放
「お大尽の間」を復元
＆「温泉」のメインクエストをクリアで開放
「お茶漬けの鉄人」
「ぐだぐだの旗のもとに」
「ぐだぐだハシゴ酒」
「ぐだぐだ箸休め」
「ぐだぐだ茶の湯日和」
「ぐんしんの憂鬱」
「ぶっちぎりマナーバトル」
「みんなが開けたボックス数」が1,000,000回到達で開放
「みんなが開けたボックス数」が1,035,950回到達で開放
「みんなが開けたボックス数」が1,500,000回到達で開放
「みんなが開けたボックス数」が1,750,000回到達で開放
「みんなが開けたボックス数」が2,000,000回到達で開放
「みんなが開けたボックス数」が2,250,000回到達で開放
「みんなが開けたボックス数」が2,500,000回到達で開放
「みんなが開けたボックス数」が3,400,000回到達で開放
「みんなが開けたボックス数」が329,050回到達で開放
「みんなが開けたボックス数」が330,000回到達で開放
「みんなが開けたボックス数」が4,700,000回到達で開放
「みんなが開けたボックス数」が6,400,000回到達で開放
「みんなが開けたボックス数」が8,200,000回到達で開放
「ゆったりとした客間」を修理で開放
「アイドルコロッセオ」のライブクエストをクリア＆ダンス50万以上で開放
「アンメア海戦」クリア＆5月29日18時00分に開放
「イベントホール」を復元で開放
「イメージング大名」
「エステルーム」を復元で開放
「オーディール・コール　０」をクリアで開放
「オーディール・コール　０」をクリア＆霊基再臨3段階目＆絆Lv.5で開放
「オールダーオカ総進撃」
「カプセルさーばんと」リリース記念クエスト
「コマンドコード」リリース記念クエスト
「シャルルマーニュからのメッセージ 1日目」
「シャルルマーニュからのメッセージ 2日目」
「シャルルマーニュからのメッセージ 3日目」
「シャルルマーニュからのメッセージ 4日目」
「シャルルマーニュからのメッセージ 5日目」
「シャルルマーニュからのメッセージ 6日目」
「シャルルマーニュからのメッセージ 7日目」
「シャルルマーニュからのメッセージ ホワイトデー当日」
「ジエンド・オブ・ノッブ」
「ジャガーマンさん寝転んだ」クリア＆5月27日18時00分に開放
「ジャック･ド･モレー(セイバー)からのメッセージ 1日目」
「ジャック･ド･モレー(セイバー)からのメッセージ 2日目」
「ジャック･ド･モレー(セイバー)からのメッセージ 4日目」
「ジャック･ド･モレー(セイバー)からのメッセージ 5日目」
「ジャック･ド･モレー(セイバー)からのメッセージ 6日目」
「ジャック･ド･モレー(セイバー)からのメッセージ 7日目」
「ジャック･ド･モレー(セイバー)からのメッセージ 8日目」
「ジャック･ド･モレー(セイバー)からのメッセージ ホワイトデー当日」
「ダンテからのメッセージ 1日目」
「ダンテからのメッセージ 2日目」
「ダンテからのメッセージ 3日目」
「ダンテからのメッセージ 4日目」
「ダンテからのメッセージ 5日目」
「ダンテからのメッセージ 6日目」
「ダンテからのメッセージ 7日目」
「ダンテからのメッセージ ホワイトデー当日」
「ダーク・ラウンズ・シャドウの手配書」を入手で開放
「ノッブでちゅどーん！」クリア＆5月25日18時00分に開放
「ハイパー時代劇決戦・KYO」
「バクダン 危機一髪」クリア＆5月28日18時00分に開放
「フォウ！　フォウフォウフォーウ！！」
（好きなコマンドカードにボクをつけてね！）
「マンガで分かる！Fate/Grand Order」2巻発売記念クエスト
「マンガで分かる！Fate/Grand Order」3巻発売記念クエスト
「ミッションNo.18」達成で開放
「ミッションNo.23」達成で開放
「ミッションNo.26」達成で開放
「ミッションNo.2」達成で開放
「ミッションNo.33」達成で開放
「ミッションNo.97」達成で開放
「ライブハウス」の推奨Lv90ライブクエストをクリア＆パフォーマンス45万以上で開放
「ルギマートを追え！」
クリアで開放
「ローンガンナー雑賀」
「一階　二号室」クリアで開放
「下町商店街」のライブクエストをクリア＆ボーカル45万以上で開放
「乱入者」
「二階　三号室」クリアで開放
「仁義なき茶の湯」
「伝説のおにぎり」配膳
「冠位研鑽戦〔アサシン〕 Ⅰ」クリアで開放
「冠位研鑽戦〔アサシン〕 Ⅱ」クリアで開放
「冠位研鑽戦〔アサシン〕 Ⅲ」クリアで開放
「冠位研鑽戦〔アサシン〕 Ⅳ」クリアで開放
「冠位研鑽戦〔アサシン〕 Ⅴ」クリアで開放
「冠位研鑽戦〔アサシン〕 Ⅵ」クリアで開放
「冠位研鑽戦〔アーチャー〕 Ⅰ」クリアで開放
「冠位研鑽戦〔アーチャー〕 Ⅱ」クリアで開放
「冠位研鑽戦〔アーチャー〕 Ⅲ」クリアで開放
「冠位研鑽戦〔アーチャー〕 Ⅳ」クリアで開放
「冠位研鑽戦〔アーチャー〕 Ⅴ」クリアで開放
「冠位研鑽戦〔アーチャー〕 Ⅵ」クリアで開放
「冠位研鑽戦〔エクストラⅠ〕 地Ⅱ」クリアで開放
「冠位研鑽戦〔エクストラⅠ〕 地Ⅲ」クリアで開放
「冠位研鑽戦〔エクストラⅠ〕 地Ⅳ」クリアで開放
「冠位研鑽戦〔エクストラⅠ〕 地Ⅴ」クリアで開放
「冠位研鑽戦〔エクストラⅠ〕 地Ⅵ」クリアで開放
「冠位研鑽戦〔エクストラⅠ〕 火Ⅱ」クリアで開放
「冠位研鑽戦〔エクストラⅠ〕 火Ⅲ」クリアで開放
「冠位研鑽戦〔エクストラⅠ〕 火Ⅳ」クリアで開放
「冠位研鑽戦〔エクストラⅠ〕 火Ⅴ」クリアで開放
「冠位研鑽戦〔エクストラⅠ〕 火Ⅵ」クリアで開放
「冠位研鑽戦〔エクストラⅡ〕 水Ⅱ」クリアで開放
「冠位研鑽戦〔エクストラⅡ〕 水Ⅲ」クリアで開放
「冠位研鑽戦〔エクストラⅡ〕 水Ⅳ」クリアで開放
「冠位研鑽戦〔エクストラⅡ〕 水Ⅴ」クリアで開放
「冠位研鑽戦〔エクストラⅡ〕 水Ⅵ」クリアで開放
「冠位研鑽戦〔エクストラⅡ〕 風Ⅱ」クリアで開放
「冠位研鑽戦〔エクストラⅡ〕 風Ⅲ」クリアで開放
「冠位研鑽戦〔エクストラⅡ〕 風Ⅳ」クリアで開放
「冠位研鑽戦〔エクストラⅡ〕 風Ⅴ」クリアで開放
「冠位研鑽戦〔エクストラⅡ〕 風Ⅵ」クリアで開放
「冠位研鑽戦〔キャスター〕 Ⅰ」クリアで開放
「冠位研鑽戦〔キャスター〕 Ⅱ」クリアで開放
「冠位研鑽戦〔キャスター〕 Ⅲ」クリアで開放
「冠位研鑽戦〔キャスター〕 Ⅳ」クリアで開放
「冠位研鑽戦〔キャスター〕 Ⅴ」クリアで開放
「冠位研鑽戦〔キャスター〕 Ⅵ」クリアで開放
「冠位研鑽戦〔セイバー〕 Ⅰ」クリアで開放
「冠位研鑽戦〔セイバー〕 Ⅱ」クリアで開放
「冠位研鑽戦〔セイバー〕 Ⅲ」クリアで開放
「冠位研鑽戦〔セイバー〕 Ⅳ」クリアで開放
「冠位研鑽戦〔セイバー〕 Ⅴ」クリアで開放
「冠位研鑽戦〔セイバー〕 Ⅵ」クリアで開放
「冠位研鑽戦〔バーサーカー〕 Ⅰ」クリアで開放
「冠位研鑽戦〔バーサーカー〕 Ⅱ」クリアで開放
「冠位研鑽戦〔バーサーカー〕 Ⅲ」クリアで開放
「冠位研鑽戦〔バーサーカー〕 Ⅳ」クリアで開放
「冠位研鑽戦〔バーサーカー〕 Ⅴ」クリアで開放
「冠位研鑽戦〔バーサーカー〕 Ⅵ」クリアで開放
「冠位研鑽戦〔ライダー〕 Ⅰ」クリアで開放
「冠位研鑽戦〔ライダー〕 Ⅱ」クリアで開放
「冠位研鑽戦〔ライダー〕 Ⅲ」クリアで開放
「冠位研鑽戦〔ライダー〕 Ⅳ」クリアで開放
「冠位研鑽戦〔ライダー〕 Ⅴ」クリアで開放
「冠位研鑽戦〔ライダー〕 Ⅵ」クリアで開放
「冠位研鑽戦〔ランサー〕 Ⅰ」クリアで開放
「冠位研鑽戦〔ランサー〕 Ⅱ」クリアで開放
「冠位研鑽戦〔ランサー〕 Ⅲ」クリアで開放
「冠位研鑽戦〔ランサー〕 Ⅳ」クリアで開放
「冠位研鑽戦〔ランサー〕 Ⅴ」クリアで開放
「冠位研鑽戦〔ランサー〕 Ⅵ」クリアで開放
「冠位認定戦〔キャスター〕」クリアで開放
「冬のファラオ大感謝祭」開催記念クエスト
「刻印とは力の在り方を示すもの。
　我を象るは当然の選択よ。
　この力、存分に揮うがいい……！」
「劇場版 FGOキャメロット Paladin; Agateram」公開記念 本編冒頭シーン
「古風な客間」を修理で開放
「四階　一号室」クリアで開放
「大厨房」を修理
＆「温泉」のメインクエストをクリアで開放
「宝具発動後に、自身に即死効果を与える状態」を付与するか選択してください
「山ガタガール」
「峠の魔物R」
「帰ってきてオルタちゃん」
「幕間 Entracte･Ⅰ」
「幕間 Entracte･Ⅱ」
「幕間 Entracte･Ⅲ」
「幕間 一の門」
「幕間 三の門」
「幕間 二の門」
「幕間」クリアで開放
「幕間２」クリアで開放
「幕間３」クリアで開放
「幕間４」クリアで開放
「幽谷ヶ淵」クリア＆5月26日18時00分に開放
「後輩IN修学旅行」
「悪の秘密会社T」
「死想顕現界域 トラオム」クリアで開放
「決めろ！　日の本一の最強茶人」
「流星からのお客様」
「温泉」のメインクエストをクリア
＆宝を四つ入手で開放
「温泉」のメインクエストをクリアで開放
「漂流者」
「焼きそば」配膳
「甲陽鎮撫警察シンセングミ」
「確殺！カルデアお仕置き人スペシャル」
「第10節 進行度1 リコレクションクエスト」クリア
＆3月2日18時00分以降に開放
「第10節 進行度1 リコレクションクエスト」クリアで開放
「第10節 進行度2 リコレクションクエスト」クリア
＆12月2日18時00分以降に開放
「第10節 進行度2 リコレクションクエスト」クリア
＆1月12日18時00分以降に開放
「第10節 進行度2 リコレクションクエスト」クリア
＆9月2日18時00分以降に開放
「第10節 進行度2 リコレクションクエスト」クリア
＆9月3日18時00分以降に開放
「第10節 進行度2 リコレクションクエスト」クリアで開放
「第11節 進行度2 リコレクションクエスト」クリア
＆10月2日18時00分以降に開放
「第11節 進行度2 リコレクションクエスト」クリアで開放
「第11節 進行度3 リコレクションクエスト」クリア
＆10月6日18時00分以降に開放
「第11節 進行度3 リコレクションクエスト」クリアで開放
「第12節 進行度1 リコレクションクエスト」クリア
＆1月13日18時00分以降に開放
「第12節 進行度1 リコレクションクエスト」クリアで開放
「第13節 進行度2 リコレクションクエスト」クリア
＆10月7日18時00分以降に開放
「第13節 進行度2 リコレクションクエスト」クリアで開放
「第13節 進行度4 リコレクションクエスト」クリア
＆9月3日18時00分以降に開放
「第13節 進行度4 リコレクションクエスト」クリア
＆9月4日18時00分以降に開放
「第13節 進行度4 リコレクションクエスト」クリアで開放
「第13節 進行度6 リコレクションクエスト」クリア
＆11月3日18時00分以降に開放
「第13節 進行度6 リコレクションクエスト」クリアで開放
「第14節 進行度3 リコレクションクエスト」クリアで開放
「第15節 進行度6 リコレクションクエスト」クリア
＆11月4日18時00分以降に開放
「第15節 進行度6 リコレクションクエスト」クリアで開放
「第17節 進行度1 リコレクションクエスト」クリア
＆10月3日18時00分以降に開放
「第17節 進行度1 リコレクションクエスト」クリアで開放
「第17節 進行度6 リコレクションクエスト」クリア
＆12月3日18時00分以降に開放
「第17節 進行度6 リコレクションクエスト」クリアで開放
「第19節 進行度1 リコレクションクエスト」クリア
＆9月4日18時00分以降に開放
「第19節 進行度1 リコレクションクエスト」クリア
＆9月5日18時00分以降に開放
「第19節 進行度1 リコレクションクエスト」クリアで開放
「第19節 進行度4 リコレクションクエスト」クリア
＆9月5日18時00分以降に開放
「第19節 進行度4 リコレクションクエスト」クリア
＆9月6日18時00分以降に開放
「第19節 進行度4 リコレクションクエスト」クリアで開放
「第19節 進行度5 リコレクションクエスト」クリア
＆9月6日18時00分以降に開放
「第19節 進行度5 リコレクションクエスト」クリアで開放
「第19節 進行度6 リコレクションクエスト」クリア
＆3月3日18時00分以降に開放
「第19節 進行度6 リコレクションクエスト」クリアで開放
「第20節 進行度4 リコレクションクエスト」クリア
＆10月8日18時00分以降に開放
「第20節 進行度4 リコレクションクエスト」クリアで開放
「第21節 進行度2 リコレクションクエスト」クリアで開放
「第23節 進行度1 リコレクションクエスト」クリアで開放
「第23節 進行度2 リコレクションクエスト」クリア
＆10月9日18時00分以降に開放
「第23節 進行度2 リコレクションクエスト」クリアで開放
「第23節 進行度3 リコレクションクエスト」クリア
＆10月4日18時00分以降に開放
「第23節 進行度3 リコレクションクエスト」クリアで開放
「第24節 進行度2 リコレクションクエスト」クリア
＆11月5日18時00分以降に開放
「第24節 進行度2 リコレクションクエスト」クリアで開放
「第24節 進行度4 リコレクションクエスト」クリア
＆11月6日18時00分以降に開放
「第24節 進行度4 リコレクションクエスト」クリアで開放
「第26節 進行度4 リコレクションクエスト」クリアで開放
「第30節 進行度3 リコレクションクエスト」クリアで開放
「第3節 進行度4 リコレクションクエスト」クリア
＆9月2日18時00分以降に開放
「第3節 進行度4 リコレクションクエスト」クリアで開放
「第6節 進行度4 リコレクションクエスト」クリア
＆11月2日18時00分以降に開放
「第6節 進行度4 リコレクションクエスト」クリアで開放
「第二十二節 進行度7 リコレクションクエスト」クリア
＆2月3日18時00分以降に開放
「第二十二節 進行度7 リコレクションクエスト」クリアで開放
「第二十五節 進行度2 リコレクションクエスト」クリアで開放
「第十七節 進行度4 リコレクションクエスト」クリア
＆2月2日18時00分以降に開放
「第十七節 進行度4 リコレクションクエスト」クリアで開放
「第四節 悪魔のように黒く、甘く」クリアで開放
「純金愛されガール」
「終章_序」
進行度1クリアで開放
「終章_序」進行度1クリアで開放
「話の途中だが」
「謎特異点Ⅱ ピラミッドからの脱出」開催記念クエスト
「貴賓の接待」クリアで開放
「超近代新選組列伝」
「趣きのある客間」を修理で開放
「転生系第六天魔王」
「遊技場」を復元で開放
「達人と達人」
「達人と達人」クリアで開放
「邪馬台お茶屋敷」
「邪馬台お茶屋敷」クリアで開放
「鐘撞き堂」を修理で開放
「題材と○○の問題」
「高杉晋作からのメッセージ 2日目」
「高杉晋作からのメッセージ 3日目」
「高杉晋作からのメッセージ 4日目」
「高杉晋作からのメッセージ 5日目」
「高杉晋作からのメッセージ 6日目」
「高杉晋作からのメッセージ 7日目」
「高杉晋作からのメッセージ 8日目」
「高杉晋作からのメッセージ ホワイトデー当日」
「魔甲斐ゴールドラッシュ」
「ＤＡＹ１」クリア＆12月20日18時00分に開放
「Ｍ・スペクトラム（開始）」をクリアするまで一時的に非開放
『108人のハロウィン・リベリオン！』において与えるダメージをアップ
『15人の理知的なメガネたち』において与えるダメージをアップ
『3000万DL突破キャンペーン』開催期間中において与えるダメージをアップ
『Apocrypha/Inheritance of Glory』において与えるダメージをアップ
『CBC2023 カルデア重工物語』において与えるダメージをアップ
『CBC2024 シャルルマーニュのモンジョワ・騎士道！』において与えるダメージをアップ
『CBC2025 彼の名はダンテ』において与えるダメージをアップ
『CBC2026 マイ・カインド・オブ・アブダクション』において与えるダメージをアップ
『Fate/Requiem』盤上遊戯黙示録
『Fate/strange Fakeコラボイベント』において与えるダメージをアップ
『Fate20周年記念キャンペーン』開催期間中において与えるダメージをアップ
『JK散歩inカルデア』
『いざ星の海へ』
『いざ鎌倉にさよならを ～Little Big Tengu～』において与えるダメージをアップ
『ぐだぐだファイナル本能寺2019』において与えるダメージをアップ
『ぐだぐだ新選組・ジ・エンド』において与えるダメージをアップ
『ぐだぐだ新邪馬台国』において与えるダメージをアップ
『ぐだぐだ超五稜郭』において与えるダメージをアップ
『ぐだぐだ龍馬危機一髪！』において与えるダメージをアップ
『たのしい保健室』に差し入れする
『ぶち壊せ！ ミステリーハウス・クラフターズ』において与えるダメージをアップ
『アイアイエーの春風　～魔女と愉快な仲間と新しい冒険～』において与えるダメージをアップ
『アキハバラ・エクスプロージョン！』において与えるダメージをアップ
『アフタータイムのはじまり』クリアで開放
『アフタータイム・バレンタイン2026』において与えるダメージをアップ
『アークティック・サマーワールド！』において与えるダメージをアップ
『インドラの大試練』において与えるダメージをアップ
『オーバーチュア　～贈り物～』
『カルデアゲーム部』に差し入れする
『カルデアン・フロラリア』において与えるダメージをアップ
『カルデア・サマーアドベンチャー！ アンケート復刻版』において与えるダメージをアップ
『カルデア・サマーアドベンチャー！ アンケート復刻版』において宝具で与えるダメージをアップ
『カルデア・サマーアドベンチャー！』において与えるダメージをアップ
『カルデア・サマーアドベンチャー！』において宝具で与えるダメージをアップ
『カルデア・ビター・バレンタイン2021』において与えるダメージをアップ
『カルデア・Ｕ－サマーアイランド』において与えるダメージをアップ
『カルデア南海大決戦！』において与えるダメージをアップ
『カルデア妖精騎士杯』において与えるダメージをアップ
『カーテンコール』
『サーヴァント・サマーキャンプ！ ～カルデア・スリラーナイト～』において与えるダメージをアップ
『サーヴァント・サマー・フェスティバル2023！』において与えるダメージをアップ
『スペース・ファンタズムーン アナザー・クリスマス』において与えるダメージをアップ
『セイバーウォーズ２ ～始まりの宇宙へ～』において与えるダメージをアップ
『セレブサマー・エクスペリエンス！』において与えるダメージをアップ
『ツングースカ・サンクチュアリ』において与えるダメージをアップ
『ネロ祭再び ～2017 Autumn～』において与えるダメージをアップ
『ノアズ・アーク撃沈戦』クリア
&9月8日18時00分以降に開放
『ハタオリヤ』に差し入れする
『ハロウィン・ライジング！』において与えるダメージをアップ
『バトル・イン・ニューヨーク 2018』において与えるダメージをアップ
『バトル・イン・ニューヨーク 2019』において与えるダメージをアップ
『バトル・イン・ニューヨーク2022』において与えるダメージをアップ
『バレンタイン2024』において与えるダメージをアップ
『ファイナル・ハロウィン2025』において与えるダメージをアップ
『プロローグ／ブロークン・プレゼント』
『ポホヨラのクリスマス・イブ』において与えるダメージをアップ
『マナナン・スーベニア・バレンタイン』において与えるダメージをアップ
『ミシシッピ・ミササイザーズ』において与えるダメージをアップ
『ミスティックアイズ・シンフォニー』において与えるダメージをアップ
『メイキング・クリスマス・パーティー！』において与えるダメージをアップ
『ヨハンナさんと未確認の愛』において与えるダメージをアップ
『ヨロシク梁山泊』に差し入れする
『リリース3000日突破キャンペーン』開催期間中において与えるダメージをアップ
『ワンジナ・ワールドツアー！』において与えるダメージをアップ
『亜種特異点Ⅰ 悪性隔絶魔境 新宿』のメインクエストクリア時に得られる自身の絆を100%増やす
『亜種特異点Ⅲ 屍山血河舞台 下総国』のメインクエストクリア時に得られる自身の絆を100%増やす
『南溟弓張八犬伝』において与えるダメージをアップ
『夏予習版:雀のお宿の活動日誌～閻魔亭繁盛記～』において与えるダメージをアップ
『失われた創世 未来からの方舟』において与えるダメージをアップ
『妖精双六虫籠遊戯』において与えるダメージをアップ
『妖精國カルデア』に差し入れする
『小野小町古今抄』において与えるダメージをアップ
『嵐へ』
『影の国の舞闘会 ～ネコとバニーと聖杯戦争～』において与えるダメージをアップ
『復刻:Grandネロ祭 ～2021 Early Summer～』において与えるダメージをアップ
『復刻:ぐだぐだファイナル本能寺2019 ライト版』において与えるダメージをアップ
『復刻:ぐだぐだ明治維新 ライト版』において与えるダメージをアップ
『復刻:ぐだぐだ龍馬危機一髪！ ライト版』において与えるダメージをアップ
『復刻:サーヴァント・サマーキャンプ！ ライト版』において与えるダメージをアップ
『復刻:セイバーウォーズ』において与えるダメージをアップ
『復刻:セイバーウォーズ２ ～始まりの宇宙へ～ ライト版』において与えるダメージをアップ
『復刻:天魔御伽草子 鬼ヶ島 ライト版』および終局特異点クリアで開放
『復刻:徳川廻天迷宮 大奥』において与えるダメージをアップ
『復刻:水怪クライシス 無垢なる者たちの浮島 ライト版』において与えるダメージをアップ
『復刻:見参！ ラスベガス御前試合～水着剣豪七色勝負！ ライト版』において与えるダメージをアップ
『復刻:超古代新選組列伝 ぐだぐだ邪馬台国2020』において与えるダメージをアップ
『復刻版:レディ･ライネスの事件簿 -Plus Episode-』において与えるダメージをアップ
『復刻版:魔法少女紀行 ～プリズマ・コーズ～』において与えるダメージをアップ
『徳川廻天迷宮 大奥』において与えるダメージをアップ
『昏い森の優しい雨』
『星の開拓者』
『春の終わりに君を待つ』において与えるダメージをアップ
『水怪クライシス 無垢なる者たちの浮島』において与えるダメージをアップ
『漂流電影空間ハリウッド』の撮影は終了した。クランクアップ！
『特異点F』
クリアで開放可能
『白』の世界
『盈月剣風帖』において、自身の攻撃の威力を100%アップ【『盈月剣風帖』イベント期間限定】
『盈月剣風帖』において与えるダメージをアップ
『第一特異点』
クリアで開放可能
『第二特異点』
クリアで開放可能
『第五特異点』
クリアで開放可能
『第六特異点』
クリアで開放可能
『第四特異点』
クリアで開放可能
『第１幕　～冬の星の木の踊り～』
『第２幕　前編　～雪の妖精たちのワルツ～』
『第２幕　後編　～チョコレートの踊り～』
『第３幕　～カハヴィタウコ～』
『第４幕　前編　～茶の花の踊り～』
『第４幕　後編　～トレパック～』
『第５幕　前編　～葦笛の踊り～』
『第５幕　後編　～ジャガーとサンタと道化たち～』
『第６幕　～花のワルツ～』
『第７幕　～パ・ド・ドゥ　金平糖の精の踊り～』
『節分酒宴絵巻 鬼楽百重塔』において与えるダメージをアップ
『美少年』に差し入れする
『聖杯怪盗天草四郎 ～スラップスティック・ミュージアム～』において与えるダメージをアップ
『聖杯戦線 ～白天の城、黒夜の城～』において与えるダメージをアップ
『育て！ マイ・リトル・ドラゴン』において与えるダメージをアップ
『落涙の翼』において与えるダメージをアップ
『虚数大海戦イマジナリ・スクランブル ～ノーチラス浮上せよ～』において与えるダメージをアップ
『螺旋証明世界 リリムハーロット アンケート復刻版』において与えるダメージをアップ
『螺旋証明世界 リリムハーロット』において与えるダメージをアップ
『見参！ ラスベガス御前試合～水着剣豪七色勝負！』において与えるダメージをアップ
『超古代新選組列伝 ぐだぐだ邪馬台国2020』において与えるダメージをアップ
『踊るドラゴン・キャッスル！』において与えるダメージをアップ
『過去』
『郷愁永巡刻盤 パスト・カルデア』特定節をクリア＆霊基再臨3段階目で開放
『雪原のメリー・クリスマス2023』において与えるダメージをアップ
『風雲からくりイリヤ城』において与えるダメージをアップ
『魔法使いの夜アフターナイト』において与えるダメージをアップ
【1-?】サロン強欲亭
【10-1】グレートヒェン生命保険会社
【10-2】グレートヒェン生命保険会社
【10-3】グレートヒェン生命保険会社
【10-4】グレートヒェン生命保険会社
【10-5】グレートヒェン生命保険会社
【11-?】聖杯トーナメント
【12-1】アートハウス『さかしま』
【12-2】アートハウス『さかしま』
【12-3】アートハウス『さかしま』
【12-4】アートハウス『さかしま』
【12-5】アートハウス『さかしま』
【13-1】レザー専門店『タラスク』
【13-2】レザー専門店『タラスク』
【13-3】レザー専門店『タラスク』
【13-4】レザー専門店『タラスク』
【13-5】レザー専門店『タラスク』
【14-1】アキバ中央図書館
【14-2】アキバ中央図書館
【14-3】アキバ中央図書館
【14-4】アキバ中央図書館
【14-5】アキバ中央図書館
【15-1】バビロン・ファーマシー
【15-2】バビロン・ファーマシー
【15-3】バビロン・ファーマシー
【15-4】バビロン・ファーマシー
【15-5】バビロン・ファーマシー
【165cm以下限定】 暑苦しい道 上級
【165cm以下限定】 暑苦しい道 上級をクリアで開放
【165cm以下限定】 暑苦しい道 悪魔級
【165cm以下限定】 暑苦しい道 悪魔級をクリアで開放
【165cm以下限定】 暑苦しい道 超級
【165cm以下限定】 暑苦しい道 超級をクリアで開放
【165cm以下限定】 暑苦しい道 魔王級
【16】聖杯トーナメント案内
【17-1】パンケーキのお店『アーゴット』
【17-2】パンケーキのお店『アーゴット』
【17-3】パンケーキのお店『アーゴット』
【17-4】パンケーキのお店『アーゴット』
【17-5】パンケーキのお店『アーゴット』
【18-1】解体工事現場
【18-2】解体工事現場
【18-3】解体工事現場
【18-4】解体工事現場
【18-5】解体工事現場
【19-1】ロデオクラブ『ブロンコ』
【19-2】ロデオクラブ『ブロンコ』
【19-3】ロデオクラブ『ブロンコ』
【19-4】ロデオクラブ『ブロンコ』
【19-5】ロデオクラブ『ブロンコ』
【1回限定】桃源郷 その1
【1回限定】桃源郷 その10
【1回限定】桃源郷 その11
【1回限定】桃源郷 その12
【1回限定】桃源郷 その13
【1回限定】桃源郷 その14
【1回限定】桃源郷 その2
【1回限定】桃源郷 その3
【1回限定】桃源郷 その4
【1回限定】桃源郷 その5
【1回限定】桃源郷 その6
【1回限定】桃源郷 その7
【1回限定】桃源郷 その8
【1回限定】桃源郷 その9
【1日1回限定！(18:00～翌12:59)】秘密の手稿庫（偽） X
【1日1回限定！(18:00～翌12:59)】秘密の手稿庫（真） X
【1日1回限定！(18:00～翌17:59)】秘密の手稿庫（偽） II
【1日1回限定！(18:00～翌17:59)】秘密の手稿庫（偽） III
【1日1回限定！(18:00～翌17:59)】秘密の手稿庫（偽） IV
【1日1回限定！(18:00～翌17:59)】秘密の手稿庫（偽） IX
【1日1回限定！(18:00～翌17:59)】秘密の手稿庫（偽） V
【1日1回限定！(18:00～翌17:59)】秘密の手稿庫（偽） VI
【1日1回限定！(18:00～翌17:59)】秘密の手稿庫（偽） VII
【1日1回限定！(18:00～翌17:59)】秘密の手稿庫（偽） VIII
【1日1回限定！(18:00～翌17:59)】秘密の手稿庫（真） II
【1日1回限定！(18:00～翌17:59)】秘密の手稿庫（真） III
【1日1回限定！(18:00～翌17:59)】秘密の手稿庫（真） IV
【1日1回限定！(18:00～翌17:59)】秘密の手稿庫（真） IX
【1日1回限定！(18:00～翌17:59)】秘密の手稿庫（真） V
【1日1回限定！(18:00～翌17:59)】秘密の手稿庫（真） VI
【1日1回限定！(18:00～翌17:59)】秘密の手稿庫（真） VII
【1日1回限定！(18:00～翌17:59)】秘密の手稿庫（真） VIII
【1日1回限定！】 ぐだぐだ黄金天国 拾参
【1日1回限定！】 ぐだぐだ黄金天国 漆
【1日1回限定！】ぐだぐだ黄金天国 伍
【1日1回限定！】ぐだぐだ黄金天国 参
【1日1回限定！】ぐだぐだ黄金天国 壱
【1日1回限定！】ぐだぐだ黄金天国 弐
【1日1回限定！】ぐだぐだ黄金天国 拾
【1日1回限定！】ぐだぐだ黄金天国 拾伍
【1日1回限定！】ぐだぐだ黄金天国 拾参
【1日1回限定！】ぐだぐだ黄金天国 拾壱
【1日1回限定！】ぐだぐだ黄金天国 拾弐
【1日1回限定！】ぐだぐだ黄金天国 拾肆
【1日1回限定！】ぐだぐだ黄金天国 拾陸
【1日1回限定！】ぐだぐだ黄金天国 捌
【1日1回限定！】ぐだぐだ黄金天国 漆
【1日1回限定！】ぐだぐだ黄金天国 玖
【1日1回限定！】ぐだぐだ黄金天国 肆
【1日1回限定！】ぐだぐだ黄金天国 陸
【1日1回限定！】秘密の手稿庫（偽） II
【1日1回限定！】秘密の手稿庫（偽） III
【1日1回限定！】秘密の手稿庫（偽） IV
【1日1回限定！】秘密の手稿庫（偽） IX
【1日1回限定！】秘密の手稿庫（偽） V
【1日1回限定！】秘密の手稿庫（偽） VI
【1日1回限定！】秘密の手稿庫（偽） VII
【1日1回限定！】秘密の手稿庫（偽） VIII
【1日1回限定！】秘密の手稿庫（偽） X
【1日1回限定！】秘密の手稿庫（真） II
【1日1回限定！】秘密の手稿庫（真） III
【1日1回限定！】秘密の手稿庫（真） IV
【1日1回限定！】秘密の手稿庫（真） IX
【1日1回限定！】秘密の手稿庫（真） V
【1日1回限定！】秘密の手稿庫（真） VI
【1日1回限定！】秘密の手稿庫（真） VII
【1日1回限定！】秘密の手稿庫（真） VIII
【1日1回限定！】秘密の手稿庫（真） X
【1日目昼】活動力10万／探求力10万／空想力10万で開放
【1～6日目昼】シナリオパートで開放
【2-1】骨董・だんまり屋
【2-2】骨董・だんまり屋
【2-3】骨董・だんまり屋
【2-4】骨董・だんまり屋
【2-5】骨董・だんまり屋
【20-1】紅閻魔のヘルズキッチン《秋葉原》スタジオ
【20-2】紅閻魔のヘルズキッチン《秋葉原》スタジオ
【20-3】紅閻魔のヘルズキッチン《秋葉原》スタジオ
【20-4】紅閻魔のヘルズキッチン《秋葉原》スタジオ
【20-5】紅閻魔のヘルズキッチン《秋葉原》スタジオ
【2000万DL突破記念】土曜 殺の修練場 上級
【2000万DL突破記念】土曜 殺の修練場 中級
【2000万DL突破記念】土曜 殺の修練場 初級
【2000万DL突破記念】土曜 殺の修練場 超級
【2000万DL突破記念】土曜 種火集め<弓・術編> 上級
【2000万DL突破記念】土曜 種火集め<弓・術編> 中級
【2000万DL突破記念】土曜 種火集め<弓・術編> 初級
【2000万DL突破記念】土曜 種火集め<弓・術編> 超級
【2000万DL突破記念】日曜 剣の修練場 上級
【2000万DL突破記念】日曜 剣の修練場 中級
【2000万DL突破記念】日曜 剣の修練場 初級
【2000万DL突破記念】日曜 剣の修練場 超級
【2000万DL突破記念】日曜 種火集め<ランダム編> 上級
【2000万DL突破記念】日曜 種火集め<ランダム編> 中級
【2000万DL突破記念】日曜 種火集め<ランダム編> 初級
【2000万DL突破記念】日曜 種火集め<ランダム編> 超級
【2000万DL突破記念】月曜 弓の修練場 上級
【2000万DL突破記念】月曜 弓の修練場 中級
【2000万DL突破記念】月曜 弓の修練場 初級
【2000万DL突破記念】月曜 弓の修練場 超級
【2000万DL突破記念】月曜 種火集め<槍・殺編> 上級
【2000万DL突破記念】月曜 種火集め<槍・殺編> 中級
【2000万DL突破記念】月曜 種火集め<槍・殺編> 初級
【2000万DL突破記念】月曜 種火集め<槍・殺編> 超級
【2000万DL突破記念】木曜 種火集め<槍・殺編> 上級
【2000万DL突破記念】木曜 種火集め<槍・殺編> 中級
【2000万DL突破記念】木曜 種火集め<槍・殺編> 初級
【2000万DL突破記念】木曜 種火集め<槍・殺編> 超級
【2000万DL突破記念】木曜 騎の修練場 上級
【2000万DL突破記念】木曜 騎の修練場 中級
【2000万DL突破記念】木曜 騎の修練場 初級
【2000万DL突破記念】木曜 騎の修練場 超級
【2000万DL突破記念】水曜 狂の修練場 上級
【2000万DL突破記念】水曜 狂の修練場 中級
【2000万DL突破記念】水曜 狂の修練場 初級
【2000万DL突破記念】水曜 狂の修練場 超級
【2000万DL突破記念】水曜 種火集め<弓・術編> 上級
【2000万DL突破記念】水曜 種火集め<弓・術編> 中級
【2000万DL突破記念】水曜 種火集め<弓・術編> 初級
【2000万DL突破記念】水曜 種火集め<弓・術編> 超級
【2000万DL突破記念】火曜 槍の修練場 上級
【2000万DL突破記念】火曜 槍の修練場 中級
【2000万DL突破記念】火曜 槍の修練場 初級
【2000万DL突破記念】火曜 槍の修練場 超級
【2000万DL突破記念】火曜 種火集め<剣・騎編> 上級
【2000万DL突破記念】火曜 種火集め<剣・騎編> 中級
【2000万DL突破記念】火曜 種火集め<剣・騎編> 初級
【2000万DL突破記念】火曜 種火集め<剣・騎編> 超級
【2000万DL突破記念】金曜 種火集め<剣・騎編> 上級
【2000万DL突破記念】金曜 種火集め<剣・騎編> 中級
【2000万DL突破記念】金曜 種火集め<剣・騎編> 初級
【2000万DL突破記念】金曜 種火集め<剣・騎編> 超級
【2000万DL突破記念】金曜 術の修練場 上級
【2000万DL突破記念】金曜 術の修練場 中級
【2000万DL突破記念】金曜 術の修練場 初級
【2000万DL突破記念】金曜 術の修練場 超級
【2200万DL突破記念】土曜 殺の修練場 上級
【2200万DL突破記念】土曜 殺の修練場 中級
【2200万DL突破記念】土曜 殺の修練場 初級
【2200万DL突破記念】土曜 殺の修練場 超級
【2200万DL突破記念】土曜 種火集め<弓・術編> 上級
【2200万DL突破記念】土曜 種火集め<弓・術編> 中級
【2200万DL突破記念】土曜 種火集め<弓・術編> 初級
【2200万DL突破記念】土曜 種火集め<弓・術編> 超級
【2200万DL突破記念】日曜 剣の修練場 上級
【2200万DL突破記念】日曜 剣の修練場 中級
【2200万DL突破記念】日曜 剣の修練場 初級
【2200万DL突破記念】日曜 剣の修練場 超級
【2200万DL突破記念】日曜 種火集め<ランダム編> 上級
【2200万DL突破記念】日曜 種火集め<ランダム編> 中級
【2200万DL突破記念】日曜 種火集め<ランダム編> 初級
【2200万DL突破記念】日曜 種火集め<ランダム編> 超級
【2200万DL突破記念】月曜 弓の修練場 上級
【2200万DL突破記念】月曜 弓の修練場 中級
【2200万DL突破記念】月曜 弓の修練場 初級
【2200万DL突破記念】月曜 弓の修練場 超級
【2200万DL突破記念】月曜 種火集め<槍・殺編> 上級
【2200万DL突破記念】月曜 種火集め<槍・殺編> 中級
【2200万DL突破記念】月曜 種火集め<槍・殺編> 初級
【2200万DL突破記念】月曜 種火集め<槍・殺編> 超級
【2200万DL突破記念】木曜 種火集め<槍・殺編> 上級
【2200万DL突破記念】木曜 種火集め<槍・殺編> 中級
【2200万DL突破記念】木曜 種火集め<槍・殺編> 初級
【2200万DL突破記念】木曜 種火集め<槍・殺編> 超級
【2200万DL突破記念】木曜 騎の修練場 上級
【2200万DL突破記念】木曜 騎の修練場 中級
【2200万DL突破記念】木曜 騎の修練場 初級
【2200万DL突破記念】木曜 騎の修練場 超級
【2200万DL突破記念】水曜 狂の修練場 上級
【2200万DL突破記念】水曜 狂の修練場 中級
【2200万DL突破記念】水曜 狂の修練場 初級
【2200万DL突破記念】水曜 狂の修練場 超級
【2200万DL突破記念】水曜 種火集め<弓・術編> 上級
【2200万DL突破記念】水曜 種火集め<弓・術編> 中級
【2200万DL突破記念】水曜 種火集め<弓・術編> 初級
【2200万DL突破記念】水曜 種火集め<弓・術編> 超級
【2200万DL突破記念】火曜 槍の修練場 上級
【2200万DL突破記念】火曜 槍の修練場 中級
【2200万DL突破記念】火曜 槍の修練場 初級
【2200万DL突破記念】火曜 槍の修練場 超級
【2200万DL突破記念】火曜 種火集め<剣・騎編> 上級
【2200万DL突破記念】火曜 種火集め<剣・騎編> 中級
【2200万DL突破記念】火曜 種火集め<剣・騎編> 初級
【2200万DL突破記念】火曜 種火集め<剣・騎編> 超級
【2200万DL突破記念】金曜 種火集め<剣・騎編> 上級
【2200万DL突破記念】金曜 種火集め<剣・騎編> 中級
【2200万DL突破記念】金曜 種火集め<剣・騎編> 初級
【2200万DL突破記念】金曜 種火集め<剣・騎編> 超級
【2200万DL突破記念】金曜 術の修練場 上級
【2200万DL突破記念】金曜 術の修練場 中級
【2200万DL突破記念】金曜 術の修練場 初級
【2200万DL突破記念】金曜 術の修練場 超級
【2日目昼】同人サークル力50万で開放
【2日目昼】活動力40万／空想力15万で開放
【3-1】シューティング・ドンピシャ
【3-2】シューティング・ドンピシャ
【3-3】シューティング・ドンピシャ
【3-4】シューティング・ドンピシャ
【3-5】シューティング・ドンピシャ
【3日目夜】同人サークル力25万で開放
【3日目夜】同人サークル力55万で開放
【3日目夜】活動力25万／探求力25万／空想力25万で開放
【3日目昼】同人サークル力20万で開放
【3日目昼】探求力25万／空想力10万で開放
【3日目昼】活動力10万／探求力30万で開放
【4-1】コスメショップ・ファラオ
【4-2】コスメショップ・ファラオ
【4-3】コスメショップ・ファラオ
【4-4】コスメショップ・ファラオ
【4-5】コスメショップ・ファラオ
【4周年記念】土曜 殺の修練場 上級
【4周年記念】土曜 殺の修練場 中級
【4周年記念】土曜 殺の修練場 初級
【4周年記念】土曜 殺の修練場 超級
【4周年記念】土曜 種火集め<弓・術編> 上級
【4周年記念】土曜 種火集め<弓・術編> 中級
【4周年記念】土曜 種火集め<弓・術編> 初級
【4周年記念】土曜 種火集め<弓・術編> 超級
【4周年記念】日曜 剣の修練場 上級
【4周年記念】日曜 剣の修練場 中級
【4周年記念】日曜 剣の修練場 初級
【4周年記念】日曜 剣の修練場 超級
【4周年記念】日曜 種火集め<ランダム編> 上級
【4周年記念】日曜 種火集め<ランダム編> 中級
【4周年記念】日曜 種火集め<ランダム編> 初級
【4周年記念】日曜 種火集め<ランダム編> 超級
【4周年記念】月曜 弓の修練場 上級
【4周年記念】月曜 弓の修練場 中級
【4周年記念】月曜 弓の修練場 初級
【4周年記念】月曜 弓の修練場 超級
【4周年記念】月曜 種火集め<槍・殺編> 上級
【4周年記念】月曜 種火集め<槍・殺編> 中級
【4周年記念】月曜 種火集め<槍・殺編> 初級
【4周年記念】月曜 種火集め<槍・殺編> 超級
【4周年記念】木曜 種火集め<槍・殺編> 上級
【4周年記念】木曜 種火集め<槍・殺編> 中級
【4周年記念】木曜 種火集め<槍・殺編> 初級
【4周年記念】木曜 種火集め<槍・殺編> 超級
【4周年記念】木曜 騎の修練場 上級
【4周年記念】木曜 騎の修練場 中級
【4周年記念】木曜 騎の修練場 初級
【4周年記念】木曜 騎の修練場 超級
【4周年記念】水曜 狂の修練場 上級
【4周年記念】水曜 狂の修練場 中級
【4周年記念】水曜 狂の修練場 初級
【4周年記念】水曜 狂の修練場 超級
【4周年記念】水曜 種火集め<弓・術編> 上級
【4周年記念】水曜 種火集め<弓・術編> 中級
【4周年記念】水曜 種火集め<弓・術編> 初級
【4周年記念】水曜 種火集め<弓・術編> 超級
【4周年記念】火曜 槍の修練場 上級
【4周年記念】火曜 槍の修練場 中級
【4周年記念】火曜 槍の修練場 初級
【4周年記念】火曜 槍の修練場 超級
【4周年記念】火曜 種火集め<剣・騎編> 上級
【4周年記念】火曜 種火集め<剣・騎編> 中級
【4周年記念】火曜 種火集め<剣・騎編> 初級
【4周年記念】火曜 種火集め<剣・騎編> 超級
【4周年記念】金曜 種火集め<剣・騎編> 上級
【4周年記念】金曜 種火集め<剣・騎編> 中級
【4周年記念】金曜 種火集め<剣・騎編> 初級
【4周年記念】金曜 種火集め<剣・騎編> 超級
【4周年記念】金曜 術の修練場 上級
【4周年記念】金曜 術の修練場 中級
【4周年記念】金曜 術の修練場 初級
【4周年記念】金曜 術の修練場 超級
【4日目夜】同人サークル力60万で開放
【4日目夜】活動力30万／空想力30万で開放
【4日目昼】同人サークル力30万で開放
【4日目昼】同人サークル力60万で開放
【4日目昼】活動力10万／空想力25万で開放
【5-1】ペットショップ・ポテト
【5-2】ペットショップ・ポテト
【5-3】ペットショップ・ポテト
【5-4】ペットショップ・ポテト
【5-5】ペットショップ・ポテト
【5周年記念】土曜 殺の修練場 上級
【5周年記念】土曜 殺の修練場 中級
【5周年記念】土曜 殺の修練場 初級
【5周年記念】土曜 殺の修練場 超級
【5周年記念】土曜 種火集め<弓・術編> 上級
【5周年記念】土曜 種火集め<弓・術編> 中級
【5周年記念】土曜 種火集め<弓・術編> 初級
【5周年記念】土曜 種火集め<弓・術編> 超級
【5周年記念】日曜 剣の修練場 上級
【5周年記念】日曜 剣の修練場 中級
【5周年記念】日曜 剣の修練場 初級
【5周年記念】日曜 剣の修練場 超級
【5周年記念】日曜 種火集め<ランダム編> 上級
【5周年記念】日曜 種火集め<ランダム編> 中級
【5周年記念】日曜 種火集め<ランダム編> 初級
【5周年記念】日曜 種火集め<ランダム編> 超級
【5周年記念】月曜 弓の修練場 上級
【5周年記念】月曜 弓の修練場 中級
【5周年記念】月曜 弓の修練場 初級
【5周年記念】月曜 弓の修練場 超級
【5周年記念】月曜 種火集め<槍・殺編> 上級
【5周年記念】月曜 種火集め<槍・殺編> 中級
【5周年記念】月曜 種火集め<槍・殺編> 初級
【5周年記念】月曜 種火集め<槍・殺編> 超級
【5周年記念】木曜 種火集め<槍・殺編> 上級
【5周年記念】木曜 種火集め<槍・殺編> 中級
【5周年記念】木曜 種火集め<槍・殺編> 初級
【5周年記念】木曜 種火集め<槍・殺編> 超級
【5周年記念】木曜 騎の修練場 上級
【5周年記念】木曜 騎の修練場 中級
【5周年記念】木曜 騎の修練場 初級
【5周年記念】木曜 騎の修練場 超級
【5周年記念】水曜 狂の修練場 上級
【5周年記念】水曜 狂の修練場 中級
【5周年記念】水曜 狂の修練場 初級
【5周年記念】水曜 狂の修練場 超級
【5周年記念】水曜 種火集め<弓・術編> 上級
【5周年記念】水曜 種火集め<弓・術編> 中級
【5周年記念】水曜 種火集め<弓・術編> 初級
【5周年記念】水曜 種火集め<弓・術編> 超級
【5周年記念】火曜 槍の修練場 上級
【5周年記念】火曜 槍の修練場 中級
【5周年記念】火曜 槍の修練場 初級
【5周年記念】火曜 槍の修練場 超級
【5周年記念】火曜 種火集め<剣・騎編> 上級
【5周年記念】火曜 種火集め<剣・騎編> 中級
【5周年記念】火曜 種火集め<剣・騎編> 初級
【5周年記念】火曜 種火集め<剣・騎編> 超級
【5周年記念】金曜 種火集め<剣・騎編> 上級
【5周年記念】金曜 種火集め<剣・騎編> 中級
【5周年記念】金曜 種火集め<剣・騎編> 初級
【5周年記念】金曜 種火集め<剣・騎編> 超級
【5周年記念】金曜 術の修練場 上級
【5周年記念】金曜 術の修練場 中級
【5周年記念】金曜 術の修練場 初級
【5周年記念】金曜 術の修練場 超級
【5日目夜】同人サークル力40万で開放
【5日目夜】同人サークル力70万で開放
【5日目夜】探求力20万／空想力50万で開放
【5日目昼】同人サークル力35万で開放
【5日目昼】同人サークル力70万で開放
【5日目昼】活動力25万／探求力10万で開放
【6】聖杯トーナメント案内
【6日目昼】同人サークル力45万で開放
【6日目昼】同人サークル力80万で開放
【6日目昼】活動力50万／探求力50万／空想力50万で開放
【7-1】ホテル地中海
【7-2】ホテル地中海
【7-3】ホテル地中海
【7-4】ホテル地中海
【7-5】ホテル地中海
【7日目昼】探求力15万／空想力15万で開放
【7日目昼】探求力40万／空想力10万で開放
【7日目昼】探求力7万5千で開放
【7日目昼】活動力10万／空想力40万で開放
【7日目昼】活動力15万／探求力15万で開放
【7日目昼】活動力15万／空想力15万で開放
【7日目昼】活動力1万／探求力1万／空想力1万で開放
【7日目昼】活動力40万／探求力10万で開放
【7日目昼】活動力7万5千で開放
【7日目昼】空想力7万5千で開放
【7章アニメ放送記念】土曜 殺の修練場 上級
【7章アニメ放送記念】土曜 殺の修練場 中級
【7章アニメ放送記念】土曜 殺の修練場 初級
【7章アニメ放送記念】土曜 殺の修練場 超級
【7章アニメ放送記念】土曜 種火集め<弓・術編> 上級
【7章アニメ放送記念】土曜 種火集め<弓・術編> 中級
【7章アニメ放送記念】土曜 種火集め<弓・術編> 初級
【7章アニメ放送記念】土曜 種火集め<弓・術編> 超級
【7章アニメ放送記念】日曜 剣の修練場 上級
【7章アニメ放送記念】日曜 剣の修練場 中級
【7章アニメ放送記念】日曜 剣の修練場 初級
【7章アニメ放送記念】日曜 剣の修練場 超級
【7章アニメ放送記念】日曜 種火集め<ランダム編> 上級
【7章アニメ放送記念】日曜 種火集め<ランダム編> 中級
【7章アニメ放送記念】日曜 種火集め<ランダム編> 初級
【7章アニメ放送記念】日曜 種火集め<ランダム編> 超級
【7章アニメ放送記念】月曜 弓の修練場 上級
【7章アニメ放送記念】月曜 弓の修練場 中級
【7章アニメ放送記念】月曜 弓の修練場 初級
【7章アニメ放送記念】月曜 弓の修練場 超級
【7章アニメ放送記念】月曜 種火集め<槍・殺編> 上級
【7章アニメ放送記念】月曜 種火集め<槍・殺編> 中級
【7章アニメ放送記念】月曜 種火集め<槍・殺編> 初級
【7章アニメ放送記念】月曜 種火集め<槍・殺編> 超級
【7章アニメ放送記念】木曜 種火集め<槍・殺編> 上級
【7章アニメ放送記念】木曜 種火集め<槍・殺編> 中級
【7章アニメ放送記念】木曜 種火集め<槍・殺編> 初級
【7章アニメ放送記念】木曜 種火集め<槍・殺編> 超級
【7章アニメ放送記念】木曜 騎の修練場 上級
【7章アニメ放送記念】木曜 騎の修練場 中級
【7章アニメ放送記念】木曜 騎の修練場 初級
【7章アニメ放送記念】木曜 騎の修練場 超級
【7章アニメ放送記念】水曜 狂の修練場 上級
【7章アニメ放送記念】水曜 狂の修練場 中級
【7章アニメ放送記念】水曜 狂の修練場 初級
【7章アニメ放送記念】水曜 狂の修練場 超級
【7章アニメ放送記念】水曜 種火集め<弓・術編> 上級
【7章アニメ放送記念】水曜 種火集め<弓・術編> 中級
【7章アニメ放送記念】水曜 種火集め<弓・術編> 初級
【7章アニメ放送記念】水曜 種火集め<弓・術編> 超級
【7章アニメ放送記念】火曜 槍の修練場 上級
【7章アニメ放送記念】火曜 槍の修練場 中級
【7章アニメ放送記念】火曜 槍の修練場 初級
【7章アニメ放送記念】火曜 槍の修練場 超級
【7章アニメ放送記念】火曜 種火集め<剣・騎編> 上級
【7章アニメ放送記念】火曜 種火集め<剣・騎編> 中級
【7章アニメ放送記念】火曜 種火集め<剣・騎編> 初級
【7章アニメ放送記念】火曜 種火集め<剣・騎編> 超級
【7章アニメ放送記念】金曜 種火集め<剣・騎編> 上級
【7章アニメ放送記念】金曜 種火集め<剣・騎編> 中級
【7章アニメ放送記念】金曜 種火集め<剣・騎編> 初級
【7章アニメ放送記念】金曜 種火集め<剣・騎編> 超級
【7章アニメ放送記念】金曜 術の修練場 上級
【7章アニメ放送記念】金曜 術の修練場 中級
【7章アニメ放送記念】金曜 術の修練場 初級
【7章アニメ放送記念】金曜 術の修練場 超級
【8-1】ステーキハウス・ドラッケン
【8-2】ステーキハウス・ドラッケン
【8-3】ステーキハウス・ドラッケン
【8-4】ステーキハウス・ドラッケン
【8-5】ステーキハウス・ドラッケン
【9-1】食堂ぽんぽこ軒
【9-2】食堂ぽんぽこ軒
【9-3】食堂ぽんぽこ軒
【9-4】食堂ぽんぽこ軒
【9-5】食堂ぽんぽこ軒
【AP回復アイテム】
APを100%分回復する。
【AP回復アイテム】
APを10回復する。
【AP回復アイテム】
APを40回復する。
【AP回復アイテム】
APを50%分回復する。
【FEVER】HIMEJIカードで遊ぶ VIP級
【FEVER】HIMEJIカードで遊ぶ ビギナー級
【FEVER】HIMEJIカードで遊ぶ レギュラー級
【FEVER】キャメロットルーレットで遊ぶ VIP級
【FEVER】キャメロットルーレットで遊ぶ ビギナー級
【FEVER】キャメロットルーレットで遊ぶ ミリオネア級
【FEVER】キャメロットルーレットで遊ぶ レギュラー級
【FEVER】ファラオくじで遊ぶ VIP級
【FEVER】ファラオくじで遊ぶ ビギナー級
【FEVER】ファラオくじで遊ぶ レギュラー級
【FEVER】ルカンレースで遊ぶ VIP級
【FEVER】ルカンレースで遊ぶ ビギナー級
【FEVER】ルカンレースで遊ぶ ミリオネア級
【FEVER】ルカンレースで遊ぶ レギュラー級
【FEVER】地下チンチロで遊ぶ VIP級
【FEVER】地下チンチロで遊ぶ ビギナー級
【FEVER】地下チンチロで遊ぶ ミリオネア級
【FEVER】地下チンチロで遊ぶ レギュラー級
【FEVER】水天宮スロットで遊ぶ VIP級
【FEVER】水天宮スロットで遊ぶ ビギナー級
【FEVER】水天宮スロットで遊ぶ レギュラー級
【{0}月{1}日{2:D2}時以降開放】黒い海の小紙片のクエストクリアで開放
【いずれかのみ！】「オルトリンデ＆霊衣イルス」獲得クエスト
【いずれかのみ！】「スルーズ＆霊衣リンド」獲得クエスト
【いずれかのみ！】「ヒルド＆霊衣エルン」獲得クエスト
【おまけクエスト】おとぎ話の森
【おまけクエスト】お料理を学ぼう！
【おまけクエスト】オヤブン？につづけ
【おまけクエスト】トモダチコンビネーション
【おまけクエスト】プールサイドの取り締まり
【おまけクエスト】再来！愛瞳祭神
【おまけクエスト】再来！波浪祭神
【おまけクエスト】再来！炎上祭神
【おまけクエスト】危険なお客様への説得
【おまけクエスト】暴走参加者への対処
【おまけクエスト】無許可営業は困ります！
【おまけクエスト】闇の精霊王を懲らしめろ！
【どちらかのみ！】「メカエリチャンⅡ号機」獲得クエスト
【どちらかのみ！】「メカエリチャン」獲得クエスト
【アキハバラ・エクスプロージョン！開催記念】土曜 殺の修練場 上級
【アキハバラ・エクスプロージョン！開催記念】土曜 殺の修練場 中級
【アキハバラ・エクスプロージョン！開催記念】土曜 殺の修練場 初級
【アキハバラ・エクスプロージョン！開催記念】土曜 殺の修練場 超級
【アキハバラ・エクスプロージョン！開催記念】土曜 種火集め<弓・術編> 上級
【アキハバラ・エクスプロージョン！開催記念】土曜 種火集め<弓・術編> 中級
【アキハバラ・エクスプロージョン！開催記念】土曜 種火集め<弓・術編> 初級
【アキハバラ・エクスプロージョン！開催記念】土曜 種火集め<弓・術編> 超級
【アキハバラ・エクスプロージョン！開催記念】日曜 剣の修練場 上級
【アキハバラ・エクスプロージョン！開催記念】日曜 剣の修練場 中級
【アキハバラ・エクスプロージョン！開催記念】日曜 剣の修練場 初級
【アキハバラ・エクスプロージョン！開催記念】日曜 剣の修練場 超級
【アキハバラ・エクスプロージョン！開催記念】日曜 種火集め<ランダム編> 上級
【アキハバラ・エクスプロージョン！開催記念】日曜 種火集め<ランダム編> 中級
【アキハバラ・エクスプロージョン！開催記念】日曜 種火集め<ランダム編> 初級
【アキハバラ・エクスプロージョン！開催記念】日曜 種火集め<ランダム編> 超級
【アキハバラ・エクスプロージョン！開催記念】月曜 弓の修練場 上級
【アキハバラ・エクスプロージョン！開催記念】月曜 弓の修練場 中級
【アキハバラ・エクスプロージョン！開催記念】月曜 弓の修練場 初級
【アキハバラ・エクスプロージョン！開催記念】月曜 弓の修練場 超級
【アキハバラ・エクスプロージョン！開催記念】月曜 種火集め<槍・殺編> 上級
【アキハバラ・エクスプロージョン！開催記念】月曜 種火集め<槍・殺編> 中級
【アキハバラ・エクスプロージョン！開催記念】月曜 種火集め<槍・殺編> 初級
【アキハバラ・エクスプロージョン！開催記念】月曜 種火集め<槍・殺編> 超級
【アキハバラ・エクスプロージョン！開催記念】木曜 種火集め<槍・殺編> 上級
【アキハバラ・エクスプロージョン！開催記念】木曜 種火集め<槍・殺編> 中級
【アキハバラ・エクスプロージョン！開催記念】木曜 種火集め<槍・殺編> 初級
【アキハバラ・エクスプロージョン！開催記念】木曜 種火集め<槍・殺編> 超級
【アキハバラ・エクスプロージョン！開催記念】木曜 騎の修練場 上級
【アキハバラ・エクスプロージョン！開催記念】木曜 騎の修練場 中級
【アキハバラ・エクスプロージョン！開催記念】木曜 騎の修練場 初級
【アキハバラ・エクスプロージョン！開催記念】木曜 騎の修練場 超級
【アキハバラ・エクスプロージョン！開催記念】水曜 狂の修練場 上級
【アキハバラ・エクスプロージョン！開催記念】水曜 狂の修練場 中級
【アキハバラ・エクスプロージョン！開催記念】水曜 狂の修練場 初級
【アキハバラ・エクスプロージョン！開催記念】水曜 狂の修練場 超級
【アキハバラ・エクスプロージョン！開催記念】水曜 種火集め<弓・術編> 上級
【アキハバラ・エクスプロージョン！開催記念】水曜 種火集め<弓・術編> 中級
【アキハバラ・エクスプロージョン！開催記念】水曜 種火集め<弓・術編> 初級
【アキハバラ・エクスプロージョン！開催記念】水曜 種火集め<弓・術編> 超級
【アキハバラ・エクスプロージョン！開催記念】火曜 槍の修練場 上級
【アキハバラ・エクスプロージョン！開催記念】火曜 槍の修練場 中級
【アキハバラ・エクスプロージョン！開催記念】火曜 槍の修練場 初級
【アキハバラ・エクスプロージョン！開催記念】火曜 槍の修練場 超級
【アキハバラ・エクスプロージョン！開催記念】火曜 種火集め<剣・騎編> 上級
【アキハバラ・エクスプロージョン！開催記念】火曜 種火集め<剣・騎編> 中級
【アキハバラ・エクスプロージョン！開催記念】火曜 種火集め<剣・騎編> 初級
【アキハバラ・エクスプロージョン！開催記念】火曜 種火集め<剣・騎編> 超級
【アキハバラ・エクスプロージョン！開催記念】金曜 種火集め<剣・騎編> 上級
【アキハバラ・エクスプロージョン！開催記念】金曜 種火集め<剣・騎編> 中級
【アキハバラ・エクスプロージョン！開催記念】金曜 種火集め<剣・騎編> 初級
【アキハバラ・エクスプロージョン！開催記念】金曜 種火集め<剣・騎編> 超級
【アキハバラ・エクスプロージョン！開催記念】金曜 術の修練場 上級
【アキハバラ・エクスプロージョン！開催記念】金曜 術の修練場 中級
【アキハバラ・エクスプロージョン！開催記念】金曜 術の修練場 初級
【アキハバラ・エクスプロージョン！開催記念】金曜 術の修練場 超級
【アルトリアクラフト】氷彫刻を作ります
【イベントアイテム】
『ぐだぐだ本能寺』で手に入れた
平蜘蛛の茶釜……らしきモノじゃぞ。
【イベントアイテム】
『ぐだぐだ本能寺』で手に入れた
最上級の天目茶碗……らしきモノじゃな。
【イベントアイテム】
『ほぼ週間サンタオルタさん』で
ごほうびとして与えられる謎のチケット。
【イベントアイテム】
『チョコレート・レディの空騒ぎ』で
マシュから届いた何の変哲もない手紙。
【イベントアイテム】
『チョコレート・レディの空騒ぎ』で手に入れた
シンプルなチョコレート。
【イベントアイテム】
『ネロ祭』で褒章として与えられる金のメダル
【イベントアイテム】
『ネロ祭』で褒章として与えられる銀のメダル
【イベントアイテム】
『ネロ祭』で褒章として与えられる銅のメダル
【イベントアイテム】
『天魔御伽草子 鬼ヶ島』で手に入れた
鬼が人々から奪った世にも珍しい珊瑚。
【イベントアイテム】
『天魔御伽草子 鬼ヶ島』で手に入れた
鬼が人々から奪った豪華絢爛な反物。
【イベントアイテム】
『月の女神はお団子の夢を見るか？』で回収した、
祭儀用の団子。
【イベントアイテム】
『歌うカボチャ城の冒険』で手に入れた
かわいいコウモリの飾りもの。
【イベントアイテム】
『歌うカボチャ城の冒険』で手に入れた
ちいさなカップケーキ。
【イベントアイテム】
『歌うカボチャ城の冒険』で手に入れた
とぼけたカボチャの置きもの。
【イベントアイテム】
『歌うカボチャ城の冒険』で手に入れた
艶やかな光を放つキャンドル。
【イベントキーアイテム】
『セイバーウォーズ２』
で賞金首をハントするために必要な手配書。
【イベントポイント】
『ぐだぐだ本能寺』で手に入れた
イベントポイント、で、あるか！
【イベントポイント】
『ハロウィン・ライジング！ 』
で手に入れた、シンデレラのおとぎ話パワー。
【イベントポイント】
『ハロウィン・ライジング！ 』
で手に入れた、白雪姫のおとぎ話パワー。
【イベントポイント】
『ハロウィン・ライジング！ 』
で手に入れた、赤ずきんのおとぎ話パワー。
【イベントポイント】
『小野小町古今抄』
で手に入れた、恋に恋する乙女のパワー。
【イベント交換アイテム】
2026年のお正月を祝う、めでたい交換券。
【イベント交換アイテム】
『インドラの大試練』で
インドラから貰った特別な交換券。
【イベント交換アイテム】
『カルデアボーイズコレクション2018』で
届けられた招待状。
【イベント交換アイテム】
『カルデアボーイズコレクション2019』で
届けられた招待状。
【イベント交換アイテム】
『カルデアボーイズコレクション2020』で
届けられた招待状。
【イベント交換アイテム】
『カルデアボーイズコレクション2021』で
届けられた招待状。
【イベント交換アイテム】
『カルデアボーイズコレクション2023』
で届けられた、お得な優待券。
【イベント交換アイテム】
『ポホヨラのクリスマス・イブ』
で手に入れた、特別な交換券。
【イベント交換アイテム】
『冥界のメリークリスマス』で
良い文明の子に授けられる謎のチケット。
【イベント交換アイテム】
『雪原のメリー・クリスマス2023』
で手に入れた、特別な交換券。
【イベント交換アイテム】
アサシンクラスの強化素材を
獲得できる交換券。
【イベント交換アイテム】
アーチャークラスの強化素材を
獲得できる交換券。
【イベント交換アイテム】
キャスタークラスの強化素材を
獲得できる交換券。
【イベント交換アイテム】
セイバークラスの強化素材を
獲得できる交換券。
【イベント交換アイテム】
バーサーカークラスの強化素材を
獲得できる交換券。
【イベント交換アイテム】
ライダークラスの強化素材を
獲得できる交換券。
【イベント交換アイテム】
ランサークラスの強化素材を
獲得できる交換券。
【イベント収集アイテム】
『ぐだぐだ新邪馬台国』
で手に入れた、熟成感のある赤色の茶葉。
【イベント収集アイテム】
『ぐだぐだ新邪馬台国』
で手に入れた、若々しい緑色の茶葉。
【イベント収集アイテム】
『ぐだぐだ新邪馬台国』
で手に入れた、華やかな黄色の茶葉。
【イベント収集アイテム】
『インドラの大試練』で手に入れた、
空の概念の破片。
【イベント収集アイテム】
『カルデア妖精騎士杯』
で手に入れた、
もふもふなぬいぐるみ。
【イベント収集アイテム】
『カルデア妖精騎士杯』
で手に入れた、
選手たちが身に着けるゼッケン。
【イベント収集アイテム】
『影の国の舞闘会』
で手に入れた、
人知れぬ戦士の名札。
【イベント改修アイテム】
『落涙の翼』で手に入れた、
テュフォン改修の必需品。
【イベント開催記念】土曜 殺の修練場 上級
【イベント開催記念】土曜 殺の修練場 中級
【イベント開催記念】土曜 殺の修練場 初級
【イベント開催記念】土曜 殺の修練場 超級
【イベント開催記念】土曜 種火集め<弓・術編> 上級
【イベント開催記念】土曜 種火集め<弓・術編> 中級
【イベント開催記念】土曜 種火集め<弓・術編> 初級
【イベント開催記念】土曜 種火集め<弓・術編> 超級
【イベント開催記念】日曜 剣の修練場 上級
【イベント開催記念】日曜 剣の修練場 中級
【イベント開催記念】日曜 剣の修練場 初級
【イベント開催記念】日曜 剣の修練場 超級
【イベント開催記念】日曜 種火集め<ランダム編> 上級
【イベント開催記念】日曜 種火集め<ランダム編> 中級
【イベント開催記念】日曜 種火集め<ランダム編> 初級
【イベント開催記念】日曜 種火集め<ランダム編> 超級
【イベント開催記念】月曜 弓の修練場 上級
【イベント開催記念】月曜 弓の修練場 中級
【イベント開催記念】月曜 弓の修練場 初級
【イベント開催記念】月曜 弓の修練場 超級
【イベント開催記念】月曜 種火集め<槍・殺編> 上級
【イベント開催記念】月曜 種火集め<槍・殺編> 中級
【イベント開催記念】月曜 種火集め<槍・殺編> 初級
【イベント開催記念】月曜 種火集め<槍・殺編> 超級
【イベント開催記念】木曜 種火集め<槍・殺編> 上級
【イベント開催記念】木曜 種火集め<槍・殺編> 中級
【イベント開催記念】木曜 種火集め<槍・殺編> 初級
【イベント開催記念】木曜 種火集め<槍・殺編> 超級
【イベント開催記念】木曜 騎の修練場 上級
【イベント開催記念】木曜 騎の修練場 中級
【イベント開催記念】木曜 騎の修練場 初級
【イベント開催記念】木曜 騎の修練場 超級
【イベント開催記念】水曜 狂の修練場 上級
【イベント開催記念】水曜 狂の修練場 中級
【イベント開催記念】水曜 狂の修練場 初級
【イベント開催記念】水曜 狂の修練場 超級
【イベント開催記念】水曜 種火集め<弓・術編> 上級
【イベント開催記念】水曜 種火集め<弓・術編> 中級
【イベント開催記念】水曜 種火集め<弓・術編> 初級
【イベント開催記念】水曜 種火集め<弓・術編> 超級
【イベント開催記念】火曜 槍の修練場 上級
【イベント開催記念】火曜 槍の修練場 中級
【イベント開催記念】火曜 槍の修練場 初級
【イベント開催記念】火曜 槍の修練場 超級
【イベント開催記念】火曜 種火集め<剣・騎編> 上級
【イベント開催記念】火曜 種火集め<剣・騎編> 中級
【イベント開催記念】火曜 種火集め<剣・騎編> 初級
【イベント開催記念】火曜 種火集め<剣・騎編> 超級
【イベント開催記念】金曜 種火集め<剣・騎編> 上級
【イベント開催記念】金曜 種火集め<剣・騎編> 中級
【イベント開催記念】金曜 種火集め<剣・騎編> 初級
【イベント開催記念】金曜 種火集め<剣・騎編> 超級
【イベント開催記念】金曜 術の修練場 上級
【イベント開催記念】金曜 術の修練場 中級
【イベント開催記念】金曜 術の修練場 初級
【イベント開催記念】金曜 術の修練場 超級
【エリア改良】ほーんてっど鬼屋を改良する Lv.10
【エリア改良】ほーんてっど鬼屋を改良する Lv.10クリアで開放
【エリア改良】ほーんてっど鬼屋を改良する Lv.2
【エリア改良】ほーんてっど鬼屋を改良する Lv.3
【エリア改良】ほーんてっど鬼屋を改良する Lv.4
【エリア改良】ほーんてっど鬼屋を改良する Lv.5
【エリア改良】ほーんてっど鬼屋を改良する Lv.5クリアで開放
【エリア改良】ほーんてっど鬼屋を改良する Lv.6
【エリア改良】ほーんてっど鬼屋を改良する Lv.7
【エリア改良】ほーんてっど鬼屋を改良する Lv.7クリアで開放
【エリア改良】ほーんてっど鬼屋を改良する Lv.8
【エリア改良】ほーんてっど鬼屋を改良する Lv.9
【エリア改良】わくわくエリセランドを改良する Lv.10
【エリア改良】わくわくエリセランドを改良する Lv.2
【エリア改良】わくわくエリセランドを改良する Lv.3
【エリア改良】わくわくエリセランドを改良する Lv.4
【エリア改良】わくわくエリセランドを改良する Lv.5
【エリア改良】わくわくエリセランドを改良する Lv.6
【エリア改良】わくわくエリセランドを改良する Lv.7
【エリア改良】わくわくエリセランドを改良する Lv.7クリアで開放
【エリア改良】わくわくエリセランドを改良する Lv.8
【エリア改良】わくわくエリセランドを改良する Lv.9
【エリア改良】ハワイアンＧＥＮＪＩを改良する Lv.10
【エリア改良】ハワイアンＧＥＮＪＩを改良する Lv.10クリアで開放
【エリア改良】ハワイアンＧＥＮＪＩを改良する Lv.2
【エリア改良】ハワイアンＧＥＮＪＩを改良する Lv.3
【エリア改良】ハワイアンＧＥＮＪＩを改良する Lv.4
【エリア改良】ハワイアンＧＥＮＪＩを改良する Lv.5
【エリア改良】ハワイアンＧＥＮＪＩを改良する Lv.5クリアで開放
【エリア改良】ハワイアンＧＥＮＪＩを改良する Lv.6
【エリア改良】ハワイアンＧＥＮＪＩを改良する Lv.7
【エリア改良】ハワイアンＧＥＮＪＩを改良する Lv.7クリアで開放
【エリア改良】ハワイアンＧＥＮＪＩを改良する Lv.8
【エリア改良】ハワイアンＧＥＮＪＩを改良する Lv.9
【エリア改良】フラワーパークを改良する Lv.10
【エリア改良】フラワーパークを改良する Lv.2
【エリア改良】フラワーパークを改良する Lv.3
【エリア改良】フラワーパークを改良する Lv.4
【エリア改良】フラワーパークを改良する Lv.5
【エリア改良】フラワーパークを改良する Lv.6
【エリア改良】フラワーパークを改良する Lv.7
【エリア改良】フラワーパークを改良する Lv.8
【エリア改良】フラワーパークを改良する Lv.9
【エリア改良】ミニサバフェス会場を改良する Lv.10
【エリア改良】ミニサバフェス会場を改良する Lv.10クリアで開放
【エリア改良】ミニサバフェス会場を改良する Lv.2
【エリア改良】ミニサバフェス会場を改良する Lv.3
【エリア改良】ミニサバフェス会場を改良する Lv.4
【エリア改良】ミニサバフェス会場を改良する Lv.5
【エリア改良】ミニサバフェス会場を改良する Lv.6
【エリア改良】ミニサバフェス会場を改良する Lv.7
【エリア改良】ミニサバフェス会場を改良する Lv.8
【エリア改良】ミニサバフェス会場を改良する Lv.9
【エリア改良】極北魔氷城を改良する Lv.10
【エリア改良】極北魔氷城を改良する Lv.10クリアで開放
【エリア改良】極北魔氷城を改良する Lv.2
【エリア改良】極北魔氷城を改良する Lv.3
【エリア改良】極北魔氷城を改良する Lv.4
【エリア改良】極北魔氷城を改良する Lv.5
【エリア改良】極北魔氷城を改良する Lv.6
【エリア改良】極北魔氷城を改良する Lv.7
【エリア改良】極北魔氷城を改良する Lv.8
【エリア改良】極北魔氷城を改良する Lv.9
【グランドサイン解放アイテム】
一等星のように強く輝く結晶。
その輝きは眩き宙に星冠を描く。
【ゲームデベロッパー】テストプレイをしよう！
【コラボイベント開幕直前】土曜 殺の修練場 上級
【コラボイベント開幕直前】土曜 殺の修練場 中級
【コラボイベント開幕直前】土曜 殺の修練場 初級
【コラボイベント開幕直前】土曜 殺の修練場 超級
【コラボイベント開幕直前】土曜 種火集め<弓・術編> 上級
【コラボイベント開幕直前】土曜 種火集め<弓・術編> 中級
【コラボイベント開幕直前】土曜 種火集め<弓・術編> 初級
【コラボイベント開幕直前】土曜 種火集め<弓・術編> 超級
【コラボイベント開幕直前】日曜 剣の修練場 上級
【コラボイベント開幕直前】日曜 剣の修練場 中級
【コラボイベント開幕直前】日曜 剣の修練場 初級
【コラボイベント開幕直前】日曜 剣の修練場 超級
【コラボイベント開幕直前】日曜 種火集め<ランダム編> 上級
【コラボイベント開幕直前】日曜 種火集め<ランダム編> 中級
【コラボイベント開幕直前】日曜 種火集め<ランダム編> 初級
【コラボイベント開幕直前】日曜 種火集め<ランダム編> 超級
【コラボイベント開幕直前】月曜 弓の修練場 上級
【コラボイベント開幕直前】月曜 弓の修練場 中級
【コラボイベント開幕直前】月曜 弓の修練場 初級
【コラボイベント開幕直前】月曜 弓の修練場 超級
【コラボイベント開幕直前】月曜 種火集め<槍・殺編> 上級
【コラボイベント開幕直前】月曜 種火集め<槍・殺編> 中級
【コラボイベント開幕直前】月曜 種火集め<槍・殺編> 初級
【コラボイベント開幕直前】月曜 種火集め<槍・殺編> 超級
【コラボイベント開幕直前】木曜 種火集め<槍・殺編> 上級
【コラボイベント開幕直前】木曜 種火集め<槍・殺編> 中級
【コラボイベント開幕直前】木曜 種火集め<槍・殺編> 初級
【コラボイベント開幕直前】木曜 種火集め<槍・殺編> 超級
【コラボイベント開幕直前】木曜 騎の修練場 上級
【コラボイベント開幕直前】木曜 騎の修練場 中級
【コラボイベント開幕直前】木曜 騎の修練場 初級
【コラボイベント開幕直前】木曜 騎の修練場 超級
【コラボイベント開幕直前】水曜 狂の修練場 上級
【コラボイベント開幕直前】水曜 狂の修練場 中級
【コラボイベント開幕直前】水曜 狂の修練場 初級
【コラボイベント開幕直前】水曜 狂の修練場 超級
【コラボイベント開幕直前】水曜 種火集め<弓・術編> 上級
【コラボイベント開幕直前】水曜 種火集め<弓・術編> 中級
【コラボイベント開幕直前】水曜 種火集め<弓・術編> 初級
【コラボイベント開幕直前】水曜 種火集め<弓・術編> 超級
【コラボイベント開幕直前】火曜 槍の修練場 上級
【コラボイベント開幕直前】火曜 槍の修練場 中級
【コラボイベント開幕直前】火曜 槍の修練場 初級
【コラボイベント開幕直前】火曜 槍の修練場 超級
【コラボイベント開幕直前】火曜 種火集め<剣・騎編> 上級
【コラボイベント開幕直前】火曜 種火集め<剣・騎編> 中級
【コラボイベント開幕直前】火曜 種火集め<剣・騎編> 初級
【コラボイベント開幕直前】火曜 種火集め<剣・騎編> 超級
【コラボイベント開幕直前】金曜 種火集め<剣・騎編> 上級
【コラボイベント開幕直前】金曜 種火集め<剣・騎編> 中級
【コラボイベント開幕直前】金曜 種火集め<剣・騎編> 初級
【コラボイベント開幕直前】金曜 種火集め<剣・騎編> 超級
【コラボイベント開幕直前】金曜 術の修練場 上級
【コラボイベント開幕直前】金曜 術の修練場 中級
【コラボイベント開幕直前】金曜 術の修練場 初級
【コラボイベント開幕直前】金曜 術の修練場 超級
【ゴーストルーム】 おぞましき創造の代償
【ゴーストルーム】 不死王の歓待
【ゴーストルーム】 付け火・鬼火にご用心
【ゴーストルーム】 危険な発明品
【ゴーストルーム】 哀れな死者に追悼を
【ゴーストルーム】 地下室に縛られた霊魂
【ゴーストルーム】 恐るべき宝物庫
【ゴーストルーム】 暗闇に響く笑声
【ゴーストルーム】 桃園の怪人
【ゴーストルーム】 死して守護する者
【ゴーストルーム】 終わらぬ戦士の闘争
【ゴーストルーム】 蘇りしミイラ
【ゴーストルーム】 行列のできる密売所
【ゴーストルーム】 迷宮を彷徨う物の怪
【サイン解放アイテム】
銀河の星々のように瞬き輝く砂。
その輝きは暗き宙に航路を刻む。
【サーヴァント強化素材】
サーヴァントの霊基のカケラ。
【スキル強化素材】
剣士の力が宿った光輝く石
【スキル強化素材】
剣士の強い力が宿った魔法石
【スキル強化素材】
剣士の強大な力が宿った宝石
【スキル強化素材】
弓兵の力が宿った光輝く石
【スキル強化素材】
弓兵の強い力が宿った魔法石
【スキル強化素材】
弓兵の強大な力が宿った宝石
【スキル強化素材】
暗殺者の力が宿った光輝く石
【スキル強化素材】
暗殺者の強い力が宿った魔法石
【スキル強化素材】
暗殺者の強大な力が宿った宝石
【スキル強化素材】
槍兵の力が宿った光輝く石
【スキル強化素材】
槍兵の強い力が宿った魔法石
【スキル強化素材】
槍兵の強大な力が宿った宝石
【スキル強化素材】
狂戦士の力が宿った光輝く石
【スキル強化素材】
狂戦士の強い力が宿った魔法石
【スキル強化素材】
狂戦士の強大な力が宿った宝石
【スキル強化素材】
騎士の力が宿った光輝く石
【スキル強化素材】
騎士の強い力が宿った魔法石
【スキル強化素材】
騎士の強大な力が宿った宝石
【スキル強化素材】
魔術師の力が宿った光輝く石
【スキル強化素材】
魔術師の強い力が宿った魔法石
【スキル強化素材】
魔術師の強大な力が宿った宝石
【スキル強化素材】へ交換
【スキル強化＆霊基再臨素材】
 妖精の羽根から舞い散る鱗粉。
 様々な『魔法の粉』の原料になる。
【スキル強化＆霊基再臨素材】
 罪人たちの涙。
 別れの際に遺す小さな鐘。
【スキル強化＆霊基再臨素材】
かつて美しく咲き誇っていた花、
その終の姿を留めた幻影。
【スキル強化＆霊基再臨素材】
この世ならざる超常の水。
膨大な魔力を一切の損失なく伝導できる。
【スキル強化＆霊基再臨素材】
この爪で傷をつけられた者は混沌の虜となる
【スキル強化＆霊基再臨素材】
ゴーレムの体内で造られる多結晶体
【スキル強化＆霊基再臨素材】
世界を体現する巨木の種
【スキル強化＆霊基再臨素材】
何人も読んではならない頁。
たいていは最初か最後にまぎれている。
【スキル強化＆霊基再臨素材】
古きより魔術的儀式や
錬金術に用いられてきた金色の釜。
【スキル強化＆霊基再臨素材】
呪いを纏った禍々しい骨
【スキル強化＆霊基再臨素材】
地獄の炎で焼かれたかのごとき
灼熱を纏った鬼灯の実。
【スキル強化＆霊基再臨素材】
天に召されゆく儚き魂を
現世に繋ぎ留めようとして造られた鎖。
【スキル強化＆霊基再臨素材】
廉潔なる騎士の忠義と勲功を讃える勲章。
【スキル強化＆霊基再臨素材】
強大な魔力を持つ精霊が
封じこめられているという妖艶なランプ。
【スキル強化＆霊基再臨素材】
月光のごとき輝きを湛える冠。
神々に身を捧げし者に与えられる。
【スキル強化＆霊基再臨素材】
東洋の霊鳥の羽根
【スキル強化＆霊基再臨素材】
永久機関の夢。
一度回転しだすといつまでも回転し続ける歯車。
【スキル強化＆霊基再臨素材】
神々の手によって造られた霊脈を流れる
神性を帯びた特別な霊子。
【スキル強化＆霊基再臨素材】
竜種の牙。竜牙兵はこの牙を使って作られる。
【スキル強化＆霊基再臨素材】
竜種の顎の下に逆さについた鱗
【スキル強化＆霊基再臨素材】
虚ろな影が消える時に飛び散る塵
【スキル強化＆霊基再臨素材】
蛇の瞳に睨まれているかのような宝玉
【スキル強化＆霊基再臨素材】
陽の光を当てると
虹のように妖艶に照り輝く糸の玉。
【スキル強化＆霊基再臨素材】
魂を書き込む前のホムンクルスの幼体
【スキル強化＆霊基再臨素材】
魂を油にして燃えるランタン
【スキル強化＆霊基再臨素材】へ交換
【スーパーボーナスクエスト】ハンズアップ！
【セイバー】得物の間合いを読もう！
【ダ・ヴィンチセレクト限定】 目覚めの大地 上級
【ダ・ヴィンチセレクト限定】 目覚めの大地 上級をクリアで開放
【ダ・ヴィンチセレクト限定】 目覚めの大地 悪魔級
【ダ・ヴィンチセレクト限定】 目覚めの大地 悪魔級をクリアで開放
【ダ・ヴィンチセレクト限定】 目覚めの大地 超級
【ダ・ヴィンチセレクト限定】 目覚めの大地 超級をクリアで開放
【ダ・ヴィンチセレクト限定】 目覚めの大地 魔王級
【チャレンジクエスト】
終局特異点クリアで開放
【チャレンジクエスト】「おまけ 悪はさった！」クリアで開放
【チャレンジクエスト】「終局特異点」をクリアで開放
【チャレンジクエスト】後日追加 開放条件：終局特異点をクリア
【チャレンジ！】宇宙生物襲来！ I
【チャレンジ！】宇宙生物襲来！ II
【チャレンジ！】宇宙生物襲来！ III
【チャレンジ！】宇宙生物襲来！ IV
【チャレンジ！】宇宙生物襲来！ IX
【チャレンジ！】宇宙生物襲来！ V
【チャレンジ！】宇宙生物襲来！ VI
【チャレンジ！】宇宙生物襲来！ VII
【チャレンジ！】宇宙生物襲来！ VIII
【チャレンジ！】宇宙生物襲来！ X
【チャレンジ！】宇宙生物襲来！ XI
【チャレンジ！】宇宙生物襲来！ XII
【チャレンジ！】宇宙生物襲来！ XIII
【ツアーロック解放アイテム】
一際眩しく輝くその星は、
未知の航路を照らし出す灯台となる。
【ツアーロック解放アイテム】
強く輝き始めたその星は、
新たな航路を切り開く篝火となる。
【ツアーロック解放アイテム】
決して動かぬその星は、
最果ての航路へと向かう道標となる。
【ティーブレイククエスト】お茶請けはお漬物
【ティーブレイククエスト】やっぱりチョコは外せない
【ティーブレイククエスト】クッキーで一息
【ティーブレイククエスト】パンプキンパイをめしあがれ
【ティーブレイククエスト】三色だんごだ！
【ティーブレイククエスト】定番のおせんべい
【ティーブレイククエスト】早くて旨い牛丼
【ディーラー】イカサマに要注意！
【トレーダー】デイトレードに挑戦！
【ニュー新選組クエスト】乱闘！ どすこい暴走力士
【ニュー新選組クエスト】御用！ はぐれ神剣組隊士 激情派
【ニュー新選組クエスト】成敗！ 酔いどれ浪士
【ニュー新選組クエスト】捕縛！ 死を運ぶ商人
【ニュー新選組クエスト】掃討！ 蔓延る無法者
【ニュー新選組クエスト】撃退！ 猿真似常習犯
【ニュー新選組クエスト】暗躍！？ 偽新選組騒動
【ハザードゴースト】おしまいを望む者
【ハザードゴースト】古代の遺物
【ハザードゴースト】巨大死霊の軍勢
【ハザードゴースト】徒党組む銃使いの死霊
【ハザードゴースト】悪戯死霊の集団
【ハザードゴースト】死霊の大宴会
【ハザードゴースト】死霊の大火勢
【ハザードゴースト】死霊の猛突進
【ハザードゴースト】死霊兵の凱旋
【ハザードゴースト】湧き出る闇の死霊
【ハザードゴースト】獰猛な死霊の群れ
【ハザードゴースト】蠢く死霊の大発生
【ハザードゴースト】角を持つ死霊の大群
【ハザードゴースト】跳ねる死霊の行進
【ハザードゴースト】連なる仮面の死霊
【ハザードゴースト】集う暗鬱な死霊達
【ハザードゴースト】骸の召喚師
【ボーナスクエスト】お宝の瞬き
【ボーナスクエスト】カリカリスクランブル
【ボーナスクエスト】キャットが作るビスケットだワン
【ボーナスクエスト】ハイエナのえじき
【ボーナスクエスト】バキュン！
【ボーナスクエスト】ファイヤワークス
【ボーナスクエスト】リヴァイアサン・パーティー
【ボーナスクエスト】幽霊当て
【ボーナスクエスト】怪獣 vs カルデア
【ボーナスクエスト】犯人とダンス！
【ボーナスクエスト】狼を探せ！
【ボーナスクエスト】番狼ロボロボ
【ボーナスクエスト】賽の河原・回復地獄
【ボーナスクエスト】魔猿も木からおちる
【ボーナスクエスト】黒ひー大爆発！
【ポートレイトクエスト】お酒はほどほどに
【ポートレイトクエスト】その足は、筋肉だった
【ポートレイトクエスト】でかすぎる被写体
【ポートレイトクエスト】アキレス腱を労ろう
【ポートレイトクエスト】古き良き日本の履物
【ポートレイトクエスト】弁慶の泣き所
【ポートレイトクエスト】流麗なるプリマドンナ
【ポートレイトクエスト】肉球マシマシ
【ポートレイトクエスト】至上の美脚
【ポートレイトクエスト】足自慢の速さ比べ
【ポートレイトクエスト】鋭い爪にご用心
【ポートレイトクエスト】陰陽師の足踏み
【ポートレイトクエスト】震脚鍛錬中
【ポートレイトクエスト】魅惑の素足撮影会
【ポートレイトクエスト】麗しのハイヒール
【マスター】令呪を以て命じよう！
【マフィア】抗争に備えよう！
【メインクエスト 第10節】
8月21日18時00分に開放
【メインクエスト 第10節】
幸せカウンター8,000以上
＆8月21日18時00分以降に開放
【メインクエスト 第11節】
8月22日18時00分に開放
【メインクエスト 第11節】
幸せカウンター8,500以上
＆8月22日18時00分以降に開放
【メインクエスト 第13節】
8月23日18時00分に開放
【メインクエスト 第13節】
幸せカウンター9,998到達
＆8月23日18時00分以降に開放
【メインクエスト 第3節】
8月15日18時00分に開放
【メインクエスト 第3節】
幸せカウンター500以上
＆8月15日18時00分以降に開放
【メインクエスト 第4節 進行度4】
幸せカウンター2,500以上で開放
【メインクエスト 第4節】
8月16日18時00分に開放
【メインクエスト 第4節】
幸せカウンター2,000以上
＆8月16日18時00分以降に開放
【メインクエスト 第5節】
8月17日18時00分に開放
【メインクエスト 第6節】
8月18日18時00分に開放
【メインクエスト 第6節】
幸せカウンター4,500以上
＆8月18日18時00分以降に開放
【メインクエスト 第7節 進行度2】
幸せカウンター5,000以上で開放
【メインクエスト 第8節】
8月19日18時00分に開放
【メインクエスト 第9節】
8月20日18時00分に開放
【メインクエスト 第9節】
幸せカウンター6,000以上
＆8月20日18時00分以降に開放
【ライブクエスト】サマー・シスターズ
【ライブクエスト】ザ・グローブ
【ライブクエスト】ヴァルハラ×ガールズ
【ライブクエスト】乙女ＳＨＯＷ年
【ライブクエスト】平安炎舞
【ライブクエスト】悠久のバーラト
【ライブクエスト】超次元色彩奇譚
【ライブクエスト】銀盤ナイツ
【ループ】演劇的魔人のメランコリー 前編
【ループ】演劇的魔人のメランコリー 後編
【交換アイテム】
マナを濃縮して作られた結晶体。
マナとは惑星上に満ちた魔力の総称。
【交換アイテム】
地獄の試練を乗り越えた証。
天使のバザールで貴重な品物と交換できる。
【交換アイテム】
巡り揺蕩う霊子を収集する装置。
【交換アイテム】
特別な環境下でマナを濃縮することで産まれる
希少なマナの結晶体。
【交換アイテム】
精製度をより高めたマナの結晶体。
【交換アイテム】
聖杯から零れ落ちた
魔力リソースのカケラ。
【交換アイテム】
魔術によって造られた木の苗。
魔力を注いで育てることで１度だけ果実を実らせる。
【偽典の帰還】もうひとつの目覚め
【偽典の帰還】エピローグ
【偽典の帰還】ホワイダニット
【偽典の帰還】因縁
【偽典の帰還】影武者
【偽典の帰還】戦友
【偽典の帰還】本物の記憶
【偽典の帰還】朱き聖槍
【偽典の帰還】特異点侵入
【偽典の帰還】魔眼蒐集列車
【入門編】新刊頒布中！最後尾はこちら！
【凸待ち】腕に自信がある者大歓迎！
【分岐選択】夜に北の城へ向かう
【分岐選択】夜に西の城へ向かう
【分岐選択】夜の戦場へ
【分岐選択】昼に北の城へ向かう
【分岐選択】昼に西の城へ向かう
【分岐選択】昼の戦場へ
【分岐選択】猛将と共に決戦へ
【分岐選択】老王と共に決戦へ
【厳選ＦＰＳ配信】全部のゲームでトップを狙う
【参加型】筋トレは裏切りません
【収穫クエスト】お米を収穫する（Lv1）
【収穫クエスト】お米を収穫する（Lv2）
【収穫クエスト】お米を収穫する（LvMAX）
【収穫クエスト】住民と交流する（Lv1）
【収穫クエスト】住民と交流する（Lv2）
【収穫クエスト】住民と交流する（LvMAX）
【収穫クエスト】土器を貰う（Lv1）
【収穫クエスト】土器を貰う（Lv2）
【収穫クエスト】土器を貰う（LvMAX）
【収穫クエスト】貝塚を掃除する（Lv1）
【収穫クエスト】貝塚を掃除する（Lv2）
【収穫クエスト】貝塚を掃除する（LvMAX）
【収穫クエスト】麦を収穫する（Lv1）
【収穫クエスト】麦を収穫する（Lv2）
【収穫クエスト】麦を収穫する（LvMAX）
【地獄の試練】妖精乱舞
【夢のリゾート巡り】ぎゃてぇブライダル
【夢のリゾート巡り】ひと針ひと刺しオーダーメイド
【夢のリゾート巡り】わくわく様は視た
【夢のリゾート巡り】アイランド叛逆記
【夢のリゾート巡り】オバケなんて嘘じゃ
【夢のリゾート巡り】セントラル攻防戦
【夢のリゾート巡り】マハトマ☆体験
【夢のリゾート巡り】北軍の得物事情
【夢のリゾート巡り】南軍ロマンス劇場
【夢のリゾート巡り】癒しのライフセーバー
【夢のリゾート巡り】絶対安心ジャングルガイド
【大怪異出現！】呪われし16人の魂
【大怪異出現！】悪い小人に惑わされ
【大怪異出現！】舌斬りの悪狐
【女性限定】 男の墓場 上級
【女性限定】 男の墓場 上級をクリアで開放
【女性限定】 男の墓場 悪魔級
【女性限定】 男の墓場 悪魔級をクリアで開放
【女性限定】 男の墓場 超級
【女性限定】 男の墓場 超級をクリアで開放
【女性限定】 男の墓場 魔王級
【寄せ書きクエスト】突撃！ サバフェスの達人
【寄せ書きクエスト】突撃！ サークル代表
【寄せ書きクエスト】突撃！ ホテルの皆様
【寄せ書きクエスト】突撃！ 正常化委員会
【寄せ書きクエスト】突撃！ 高級ホテルブリスティン
【寄せ書きクエスト】突撃！ 魔女とお手伝い妖精
【寄せ書きクエスト】突撃！ビーチの主役達
【巨怪あらわる！】パニック！ 南国の迷子牛
【巨怪あらわる！】待ち焦がれていた水妃
【巨怪あらわる！】過保護な守護神
【巨怪あらわる！】開拓者魂、大暴走！
【巨怪あらわる！】雷帝の厳選図書
【年間ベストバイ】今年買うべきロボはこれ！
【強敵】敵艦(虚数属性：α)を攻撃
【強敵】敵艦(虚数属性：β)を攻撃
【強敵】敵艦(虚数属性：γ)を攻撃
【強敵】敵艦(虚数属性：δ)を攻撃
【強敵】敵艦(虚数属性：ε)を攻撃
【強敵】敵艦(虚数属性：ε、γ、β)を攻撃
【強敵】敵艦(虚数属性：ζ)を攻撃
【強敵】燃え滾る敵(虚数属性：δ)を攻撃
【強敵】瑪瑙色の敵(虚数属性：α)を攻撃
【強敵】聳え立つ敵(虚数属性：ε)を攻撃
【強敵】舞い踊る敵(虚数属性：ζ)を攻撃
【復興クエスト】住居を修復(400FPを生産)
【復興クエスト】住居を修復(800FPを生産)
【復興クエスト】住居を修復クリアかつ10月10日18時00分以降に開放
【復興クエスト】住居を修復クリアかつ11月4日18時00分以降に開放
【復興クエスト】住居を再改良(1,000FPにアップ)
【復興クエスト】住居を再改良(2,000FPにアップ)
【復興クエスト】住居を改良(1,400FPにアップ)
【復興クエスト】住居を改良(700FPにアップ)
【復興クエスト】工房を修復(八連双晶×1を生産)
【復興クエスト】工房を修復(八連双晶×2を生産)
【復興クエスト】工房を修復クリアで開放
【復興クエスト】工房を再改良(双晶×1、カケラ×1を追加)
【復興クエスト】工房を再改良(煌星のカケラ×1を追加)
【復興クエスト】工房を改良(八連双晶×1を追加)
【復興クエスト】工房を改良(煌星のカケラ×1を追加)
【復興クエスト】水田を修復(100万QPを生産)
【復興クエスト】水田を修復(200万QPを生産)
【復興クエスト】水田を修復クリアで開放
【復興クエスト】水田を再改良(300万QPにアップ)
【復興クエスト】水田を再改良(600万QPにアップ)
【復興クエスト】水田を改良(200万QPにアップ)
【復興クエスト】水田を改良(400万QPにアップ)
【復興クエスト】貝塚を修復(塵×1、貝殻×1を生産)
【復興クエスト】貝塚を修復(虚影の塵×1を生産)
【復興クエスト】貝塚を修復クリアかつ10月11日18時00分以降に開放
【復興クエスト】貝塚を修復クリアかつ11月5日18時00分以降に開放
【復興クエスト】貝塚を再改良(塵×1、貝殻×1を追加)
【復興クエスト】貝塚を再改良(塵×1と貝殻×1を追加)
【復興クエスト】貝塚を改良(塵×1、貝殻×1を追加)
【復興クエスト】貝塚を改良(追憶の貝殻×1を追加)
【復興クエスト】高床式倉庫を10階建てにする(報酬獲得)
【復興クエスト】高床式倉庫を10階建てにするクリアで開放
【復興クエスト】高床式倉庫を2階建てにする(報酬獲得)
【復興クエスト】高床式倉庫を2階建てにするクリアで開放
【復興クエスト】高床式倉庫を3階建てにする(報酬獲得)
【復興クエスト】高床式倉庫を3階建てにするクリアで開放
【復興クエスト】高床式倉庫を4階建てにする(報酬獲得)
【復興クエスト】高床式倉庫を4階建てにするクリアで開放
【復興クエスト】高床式倉庫を5階建てにする(報酬獲得)
【復興クエスト】高床式倉庫を5階建てにするクリアで開放
【復興クエスト】高床式倉庫を6階建てにする(報酬獲得)
【復興クエスト】高床式倉庫を6階建てにするクリアで開放
【復興クエスト】高床式倉庫を7階建てにする(報酬獲得)
【復興クエスト】高床式倉庫を7階建てにするクリアで開放
【復興クエスト】高床式倉庫を8階建てにする(報酬獲得)
【復興クエスト】高床式倉庫を8階建てにするクリアで開放
【復興クエスト】高床式倉庫を9階建てにする(報酬獲得)
【復興クエスト】麦畑を修復(叡智の猛火×2を生産)
【復興クエスト】麦畑を修復(猛火×1、業火×1を生産)
【復興クエスト】麦畑を修復クリアで開放
【復興クエスト】麦畑を再改良(叡智の業火×1を追加)
【復興クエスト】麦畑を再改良(叡智の業火×2に変化)
【復興クエスト】麦畑を改良(叡智の業火×2に変化)
【復興クエスト】麦畑を改良(猛火×1、業火×1に変化)
【性能試験クエスト】を6つクリアで開放
【性能試験クエスト】大海の強者
【性能試験クエスト】海底に潜む巨艦
【性能試験クエスト】空を舞う竜
【性能試験クエスト】聳え立つ巨獣
【性能試験クエスト】財宝に佇む黄金
【性能試験クエスト】赤き鋼鉄城
【性能試験クエスト】黄昏の地の太祖竜
【怪異大量発生中！】廻り蠢く呪物と共に 淀ミ級
【怪異大量発生中！】廻り蠢く呪物と共に 穢レ級
【怪異大量発生中！】廻り蠢く呪物と共に 蝕ミ級
【怪異大量発生中！】彷徨うは意思なき妖 淀ミ級
【怪異大量発生中！】彷徨うは意思なき妖 穢レ級
【怪異大量発生中！】彷徨うは意思なき妖 蝕ミ級
【怪異大量発生中！】異形異類も温浴したい 淀ミ級
【怪異大量発生中！】異形異類も温浴したい 穢レ級
【怪異大量発生中！】異形異類も温浴したい 蝕ミ級
【怪異大量発生中！】白煙を舞い上げる翼 淀ミ級
【怪異大量発生中！】白煙を舞い上げる翼 穢レ級
【怪異大量発生中！】白煙を舞い上げる翼 蝕ミ級
【怪異大量発生中！】窟の中に潜む者 淀ミ級
【怪異大量発生中！】窟の中に潜む者 穢レ級
【怪異大量発生中！】窟の中に潜む者 蝕ミ級
【怪異大量発生中！】闇夜の牙は森の中 淀ミ級
【怪異大量発生中！】闇夜の牙は森の中 穢レ級
【怪異大量発生中！】闇夜の牙は森の中 蝕ミ級
【怪異大量発生中！】鬼哭啾啾の捧げ物 淀ミ級
【怪異大量発生中！】鬼哭啾啾の捧げ物 穢レ級
【怪異大量発生中！】鬼哭啾啾の捧げ物 蝕ミ級
【改修クエスト】を新たに１つクリアで開放
【改修クエスト】を１つクリアで開放
【改修クエスト】主砲の修理
【改修クエスト】偏向斥力フィールドの作成
【改修クエスト】副砲の修理
【改修クエスト】砲門出力の強化
【改修クエスト】自己修復機能の開発
【改修クエスト】装甲の修理
【改修クエスト】速度の再強化！！！
【改修クエスト】速度の強化
【改築＆お手伝い追加】はなれを復元 (満足度+35000)
【改築＆お手伝い追加】双剣使いと温泉魔人 (満足度+25000)
【改築＆お手伝い追加】天守閣を復元 (満足度+40000)
【改築＆お手伝い追加】屋上庭園を復元 (満足度+80000)
【改築＆お手伝い追加】鳳の間を復元 (満足度+14000)
【料理食材アイテム】
『カルデア南海大決戦！』
で手に入れた、沖縄のお肉食材。
【料理食材アイテム】
『カルデア南海大決戦！』
で手に入れた、沖縄の海鮮食材。
【料理食材アイテム】
『カルデア南海大決戦！』
で手に入れた、沖縄の野菜食材。
【新参者限定】 回帰の門 上級
【新参者限定】 回帰の門 上級をクリアで開放
【新参者限定】 回帰の門 悪魔級
【新参者限定】 回帰の門 悪魔級をクリアで開放
【新参者限定】 回帰の門 超級
【新参者限定】 回帰の門 超級をクリアで開放
【新参者限定】 回帰の門 魔王級
【日替わり】ルート整備大作戦！ パウダーダスト級（1日目）
【日替わり】ルート整備大作戦！ パウダーダスト級（2日目）
【日替わり】ルート整備大作戦！ パウダーダスト級（3日目）
【日替わり】ルート整備大作戦！ パウダーダスト級（4日目）
【日替わり】ルート整備大作戦！ パウダーダスト級（5日目）
【日替わり】ルート整備大作戦！ パウダーダスト級（6日目）
【日替わり】ルート整備大作戦！ フレークダスト級（1日目）
【日替わり】ルート整備大作戦！ フレークダスト級（2日目）
【日替わり】ルート整備大作戦！ フレークダスト級（3日目）
【日替わり】ルート整備大作戦！ フレークダスト級（4日目）
【日替わり】ルート整備大作戦！ フレークダスト級（5日目）
【日替わり】ルート整備大作戦！ フレークダスト級（6日目）
【期間限定】オルガマリークエスト_１・リプレイ
【期間限定】オルガマリークエスト_２・リプレイ
【期間限定】オルガマリークエスト_３・すごい本気：Re
【期間限定】オルガマリークエスト_３・やや本気：Re
【期間限定】オルガマリークエスト_３・リプレイ
【期間限定】オルガマリークエスト_４・リプレイ
【枝葉クエスト】害鳥駆除
【枝葉クエスト】擬態する海の生物
【枝葉クエスト】暴走する森の守護者たち
【枝葉クエスト】森林伐採！
【枝葉クエスト】浸食、暴走、鎮圧
【歌枠】我が愛を皆に贈ろう！
【正常化委員会本部】ＤＡＹ１のみ営業
【正義の者限定】 暗黒回廊 上級
【正義の者限定】 暗黒回廊 上級をクリアで開放
【正義の者限定】 暗黒回廊 悪魔級
【正義の者限定】 暗黒回廊 悪魔級をクリアで開放
【正義の者限定】 暗黒回廊 超級
【正義の者限定】 暗黒回廊 超級をクリアで開放
【正義の者限定】 暗黒回廊 魔王級
【武器商人】仕入れをしよう！
【海賊】お宝を奪い合おう！
【温泉追加】温泉を修理
【特別観光クエスト】
ドバイ観光ポイント140,000以上で開放
【特別観光クエスト】
ドバイ観光ポイント200,000以上で開放
【特別観光クエスト】
ドバイ観光ポイント25,000以上で開放
【特別観光クエスト】
ドバイ観光ポイント270,000以上で開放
【特別観光クエスト】
ドバイ観光ポイント350,000以上で開放
【特別観光クエスト】
ドバイ観光ポイント460,000以上で開放
【特別観光クエスト】
ドバイ観光ポイント50,000以上で開放
【特別観光クエスト】
ドバイ観光ポイント600,000以上で開放
【特別観光クエスト】
ドバイ観光ポイント90,000以上で開放
【特別観光クエスト】スペシャルなハマム・スパ！
【特別観光クエスト】テーマパークでアドベンチャー！
【特別観光クエスト】ドバイの海へダイビング！
【特別観光クエスト】巨大ウォータースライダーで遊ぼう！
【特別観光クエスト】来たるミライのDNAライブラリー！
【特別観光クエスト】歌劇場でコンサートに飛び入り参加！
【特別観光クエスト】熱気球で大冒険！
【特別観光クエスト】生物園で餌やり体験！
【特別観光クエスト】神秘の庭園をまわろう！
【特殊召喚アイテム】
溢れ出た霊基の残滓。
【狂愚】女神アーテー封伐戦 I
【狂愚】女神アーテー封伐戦 II
【狂愚】女神アーテー封伐戦 III
【狂愚】女神アーテー封伐戦 IIII
【狂愚】女神アーテー封伐戦 Π
【狂愚】女神アーテー封伐戦 ΠI
【狂愚】女神アーテー神滅戦
【狩人】獲物を狩ろう！
【王以外限定】 畏怖の洞窟 上級
【王以外限定】 畏怖の洞窟 上級をクリアで開放
【王以外限定】 畏怖の洞窟 悪魔級
【王以外限定】 畏怖の洞窟 悪魔級をクリアで開放
【王以外限定】 畏怖の洞窟 超級
【王以外限定】 畏怖の洞窟 超級をクリアで開放
【王以外限定】 畏怖の洞窟 魔王級
【男性限定】 誘惑の街 上級
【男性限定】 誘惑の街 上級をクリアで開放
【男性限定】 誘惑の街 悪魔級
【男性限定】 誘惑の街 悪魔級をクリアで開放
【男性限定】 誘惑の街 超級
【男性限定】 誘惑の街 超級をクリアで開放
【男性限定】 誘惑の街 魔王級
【祝福ティーパーティークエスト】さくさくスコーンとジャム
【祝福ティーパーティークエスト】アツアツリンゴにご注意を
【祝福ティーパーティークエスト】パンケーキ・バイキング
【祝福ティーパーティークエスト】出来立て生チョコレート
【祝福ティーパーティークエスト】本場仕込のバタークッキー
【祝福ティーパーティークエスト】極彩色のドライフルーツ
【祝福ティーパーティークエスト】魅惑の琥珀糖
【秘密の花畑クエスト】妖花咲く庭園
【秘密の花畑クエスト】無垢なる白き花
【秘密の花畑クエスト】至高の一輪
【竜殺剣クエスト】復活のP
【竜殺剣クエスト】業炎のワタナベ
【竜殺剣クエスト】絶対勝利のジークフリート
【竜殺剣クエスト】鮮血のウィドウヒルト
【童話クエスト】かぐや姫
【童話クエスト】ウサギとカメ
【童話クエスト】ジャックと豆の木
【童話クエスト】ブレーメンの音楽隊
【童話クエスト】マッチ売りの少女
【童話クエスト】人魚姫
【童話クエスト】北風と太陽
【童話クエスト】笠地蔵
【童話クエスト】花咲か爺
【童話クエスト】裸の王様
【童話クエスト】赤ずきん
【童話クエスト】金の斧
【第2部 第6章開幕直前】土曜 殺の修練場 上級
【第2部 第6章開幕直前】土曜 殺の修練場 中級
【第2部 第6章開幕直前】土曜 殺の修練場 初級
【第2部 第6章開幕直前】土曜 殺の修練場 超級
【第2部 第6章開幕直前】土曜 種火集め<弓・術編> 上級
【第2部 第6章開幕直前】土曜 種火集め<弓・術編> 中級
【第2部 第6章開幕直前】土曜 種火集め<弓・術編> 初級
【第2部 第6章開幕直前】土曜 種火集め<弓・術編> 超級
【第2部 第6章開幕直前】日曜 剣の修練場 上級
【第2部 第6章開幕直前】日曜 剣の修練場 中級
【第2部 第6章開幕直前】日曜 剣の修練場 初級
【第2部 第6章開幕直前】日曜 剣の修練場 超級
【第2部 第6章開幕直前】日曜 種火集め<ランダム編> 上級
【第2部 第6章開幕直前】日曜 種火集め<ランダム編> 中級
【第2部 第6章開幕直前】日曜 種火集め<ランダム編> 初級
【第2部 第6章開幕直前】日曜 種火集め<ランダム編> 超級
【第2部 第6章開幕直前】月曜 弓の修練場 上級
【第2部 第6章開幕直前】月曜 弓の修練場 中級
【第2部 第6章開幕直前】月曜 弓の修練場 初級
【第2部 第6章開幕直前】月曜 弓の修練場 超級
【第2部 第6章開幕直前】月曜 種火集め<槍・殺編> 上級
【第2部 第6章開幕直前】月曜 種火集め<槍・殺編> 中級
【第2部 第6章開幕直前】月曜 種火集め<槍・殺編> 初級
【第2部 第6章開幕直前】月曜 種火集め<槍・殺編> 超級
【第2部 第6章開幕直前】木曜 種火集め<槍・殺編> 上級
【第2部 第6章開幕直前】木曜 種火集め<槍・殺編> 中級
【第2部 第6章開幕直前】木曜 種火集め<槍・殺編> 初級
【第2部 第6章開幕直前】木曜 種火集め<槍・殺編> 超級
【第2部 第6章開幕直前】木曜 騎の修練場 上級
【第2部 第6章開幕直前】木曜 騎の修練場 中級
【第2部 第6章開幕直前】木曜 騎の修練場 初級
【第2部 第6章開幕直前】木曜 騎の修練場 超級
【第2部 第6章開幕直前】水曜 狂の修練場 上級
【第2部 第6章開幕直前】水曜 狂の修練場 中級
【第2部 第6章開幕直前】水曜 狂の修練場 初級
【第2部 第6章開幕直前】水曜 狂の修練場 超級
【第2部 第6章開幕直前】水曜 種火集め<弓・術編> 上級
【第2部 第6章開幕直前】水曜 種火集め<弓・術編> 中級
【第2部 第6章開幕直前】水曜 種火集め<弓・術編> 初級
【第2部 第6章開幕直前】水曜 種火集め<弓・術編> 超級
【第2部 第6章開幕直前】火曜 槍の修練場 上級
【第2部 第6章開幕直前】火曜 槍の修練場 中級
【第2部 第6章開幕直前】火曜 槍の修練場 初級
【第2部 第6章開幕直前】火曜 槍の修練場 超級
【第2部 第6章開幕直前】火曜 種火集め<剣・騎編> 上級
【第2部 第6章開幕直前】火曜 種火集め<剣・騎編> 中級
【第2部 第6章開幕直前】火曜 種火集め<剣・騎編> 初級
【第2部 第6章開幕直前】火曜 種火集め<剣・騎編> 超級
【第2部 第6章開幕直前】金曜 種火集め<剣・騎編> 上級
【第2部 第6章開幕直前】金曜 種火集め<剣・騎編> 中級
【第2部 第6章開幕直前】金曜 種火集め<剣・騎編> 初級
【第2部 第6章開幕直前】金曜 種火集め<剣・騎編> 超級
【第2部 第6章開幕直前】金曜 術の修練場 上級
【第2部 第6章開幕直前】金曜 術の修練場 中級
【第2部 第6章開幕直前】金曜 術の修練場 初級
【第2部 第6章開幕直前】金曜 術の修練場 超級
【第一花畑】百合の花畑を作る
【第一花畑】紫陽花の花畑を作る
【第一花畑】薔薇の花畑を作る
【第三花畑】ドクゼリモドキの花畑を作る
【第三花畑】ヤグルマギクの花畑を作る
【第三花畑】牡丹の花畑を作る
【第二花畑】アマリリスの花畑を作る
【第二花畑】スノードロップの花畑を作る
【第二花畑】スミレの花畑を作る
【第四花畑】ナデシコの花畑を作る
【第四花畑】ヒナギクの花畑を作る
【第四花畑】雛芥子の花畑を作る
【職業体験クエスト】を計6つクリアで開放
【育成クエスト】アイスブレスを覚えさせる
【育成クエスト】グリーンドラゴンに育てる
【育成クエスト】ファイアブレスを覚えさせる
【育成クエスト】ブルードラゴンに育てる
【育成クエスト】ポイズンブレスを覚えさせる
【育成クエスト】レッドドラゴンに育てる
【育成クエスト】一本角に育てる
【育成クエスト】中型竜タイプに育てる
【育成クエスト】二本角に育てる
【育成クエスト】地竜タイプに育てる
【育成クエスト】角なしに育てる
【育成クエスト】軽竜タイプに育てる
【花畑お手入れクエスト】ガジガジ害虫駆除
【花畑お手入れクエスト】サンサン陽だまり作戦
【花畑お手入れクエスト】デコボコ土壌整備
【花畑お手入れクエスト】ドロドロ水質改善
【花畑お手入れクエスト】ハラハラ花がら摘み
【花畑お手入れクエスト】ボウボウ雑草刈り
【血の恋愛ゲーム配信】恋愛なるものを調査します
【裏AKIBAクエスト】NINJA暗器店
【裏AKIBAクエスト】かわいいくまちゃん専門店
【裏AKIBAクエスト】アルトリウム専門店
【裏AKIBAクエスト】キュケオーンラーメン店
【裏AKIBAクエスト】スプラッタ専門映画館
【裏AKIBAクエスト】ノッブ研究所
【裏AKIBAクエスト】バトルタンクショップ
【裏AKIBAクエスト】パンケーキ・インフィニティ
【裏AKIBAクエスト】ヒーロー体験劇場
【裏AKIBAクエスト】ホビーショップ　デンジャらス
【裏AKIBAクエスト】モフモフカフェ
【裏AKIBAクエスト】合体ロボ歴史館
【裏AKIBAクエスト】呪術堂
【裏AKIBAクエスト】地下アイドルコンサート
【裏AKIBAクエスト】激アツくしざしおでん館
【裏AKIBAクエスト】神獣大戦デュエルスペース
【裏AKIBAクエスト】脱出の館
【裏AKIBAクエスト】違法クラブ　暴卓理
【裏AKIBAクエスト】高級メジェド服店
【裏AKIBAクエスト】魔石専門店
【裏・水着剣豪勝負】ちびっこオーナー
【裏・水着剣豪勝負】エーゲ海の漁師(ハンター)
【裏・水着剣豪勝負】グラス・Ｎｏ．１
【裏・水着剣豪勝負】グランドオリンピック選手
【裏・水着剣豪勝負】ライフセイバーお兄さん
【裏・水着剣豪勝負】海上ワイルドスピード
【裏・水着剣豪勝負】首切りバニー
【補填用アイテム】
ストーリー限定★4（SR）のサーヴァントコイン1枚を交換できます。
【補填用アイテム】
ストーリー限定★5（SSR）のサーヴァントコイン1枚を交換できます。
【補填用アイテム】
恒常★4（SR）のサーヴァントコイン1枚を交換できます。
【補填用アイテム】
恒常★5（SSR）のサーヴァントコイン1枚を交換できます。
【補填用アイテム】
期間限定★4（SR）のサーヴァントコイン1枚を交換できます。
【補填用アイテム】
期間限定★5（SSR）のサーヴァントコイン1枚を交換できます。
【西洋限定】 亜細亜の森 上級
【西洋限定】 亜細亜の森 上級をクリアで開放
【西洋限定】 亜細亜の森 悪魔級
【西洋限定】 亜細亜の森 悪魔級をクリアで開放
【西洋限定】 亜細亜の森 超級
【西洋限定】 亜細亜の森 超級をクリアで開放
【西洋限定】 亜細亜の森 魔王級
【要適役】佐渡金山を制圧(兵糧+5 火薬+5 鉄+5)
【要適役】六厩金山を制圧(火薬+15)
【要適役】小浜を制圧(兵糧+25)
【要適役】新発田城を制圧(兵糧+5 火薬+5 鉄+5)
【要適役】日光を制圧(火薬+10)
【要適役】津具金山を制圧(火薬+25)
【要適役】濱松を制圧(鉄+25)
【要適役】烏山を制圧(兵糧+15)
【要適役】甲賀の里を制圧(兵糧+10)
【要適役】砥沢金山を制圧(鉄+15)
【要適役】秩父鉱山を制圧(鉄+10)
【要適役】竜宮城を制圧(火薬+10)
【要適役】高山城を制圧(鉄+10)
【資金調達クエスト】伝説との邂逅
【資金調達クエスト】作物泥棒は誰？
【資金調達クエスト】取り立て屋の撃退
【資金調達クエスト】山の幸の調達
【資金調達クエスト】山賊討伐
【資金調達クエスト】炉心を奏でる二機の魔嬢
【資金調達クエスト】竜の骨探し
【資金調達クエスト】要人の警護
【資金調達クエスト】謎の道士捕獲依頼
【資金調達クエスト】邪竜の財宝
【超絶難易度】フィナーレ 赤色のオリンピア Encore
【超絶難易度】復刻: フィナーレ prototype
【超絶難易度】復刻: フィナーレ 永遠の都 Triumphus
【超絶難易度】復刻: フィナーレ「金色のメトロポリス」 Returns
【超難関ステージ】まぼろし岐路
【超難関ステージ】アンメア海戦
【超難関ステージ】ジャガーマンさん寝転んだ
【超難関ステージ】ノッブでちゅどーん！
【超難関ステージ】バクダン 危機一髪
【超難関ステージ】幽谷ヶ淵
【超高難易度】おいでよジャガーの国
【超高難易度】おむすびチェーン店・一号
【超高難易度】お宝は誰の手に？
【超高難易度】すべてのヴェールが落ちる前に
【超高難易度】オンリーワン／ナンバーワン・シャイニースター
【超高難易度】サリエリ先生と音楽の授業
【超高難易度】スイーツユニヴァース
【超高難易度】ドルセント・リースショップ
【超高難易度】フィナーレ 全力闘技
【超高難易度】フィナーレ 永遠の都
【超高難易度】フィナーレ 赤色のオリンピア
【超高難易度】フィナーレ「金色のメトロポリス」
【超高難易度】フィナーレは皆で
【超高難易度】フレイム・ゲート
【超高難易度】堕天の檻 (10/10)
【超高難易度】奥様が魔女（呪）
【超高難易度】復刻: おいでよジャガーの国
【超高難易度】復刻: おむすびチェーン店・一号
【超高難易度】復刻: スイーツユニヴァース
【超高難易度】復刻: ドルセント・リースショップ
【超高難易度】復刻: フィナーレ 全力闘技
【超高難易度】復刻: フィナーレ 永遠の都
【超高難易度】復刻: フィナーレ「金色のメトロポリス」
【超高難易度】復刻: フレイム・ゲート
【超高難易度】復刻: 奥様が魔女（呪）
【超高難易度】復刻: 摩天楼の怪人
【超高難易度】復刻: 本戦ファイナルマッチ
【超高難易度】復刻: 真紅の勇者伝説　HDリマスター
【超高難易度】復刻: 第一演技 十二の試練
【超高難易度】復刻: 第三演技 百殺夜行
【超高難易度】復刻: 第二演技 光と影の師弟
【超高難易度】復刻: 第五演技 戦士たちの母
【超高難易度】復刻: 第六演技 最古の英雄
【超高難易度】復刻: 第四演技 魔竜再臨
【超高難易度】復刻: 翠の彗星
【超高難易度】復刻: 道化師を捕まえろ！
【超高難易度】復刻: 麗しきゴルゴン三姉妹
【超高難易度】摩天楼の怪人
【超高難易度】无二打
【超高難易度】本戦ファイナルマッチ
【超高難易度】燃え上がれ憤炎
【超高難易度】真紅の勇者伝説　HDリマスター
【超高難易度】第一演技 十二の試練
【超高難易度】第一演技 超回復マッスル
【超高難易度】第三演技 流星、雨の如く
【超高難易度】第三演技 百殺夜行
【超高難易度】第二演技 光と影の師弟
【超高難易度】第二演技 大嶽丸呪い行
【超高難易度】第五演技 戦士たちの母
【超高難易度】第五演技 最後の晩餐
【超高難易度】第六演技 幽谷にて
【超高難易度】第六演技 最古の英雄
【超高難易度】第四演技 魔竜再臨
【超高難易度】第四演技 黒と白の兄弟
【超高難易度】翠の彗星
【超高難易度】賞金首ハント 『ダーク・ラウンズ・シャドウ』
【超高難易度】道化師を捕まえろ！
【超高難易度】鉄の規律の生徒会室
【超高難易度】青銅巨人に守られて
【超高難易度】麗しきゴルゴン三姉妹
【踊ってみた】歌舞伎の舞、とくと御覧じろ！
【鍛冶屋】金属を鍛えよう！
【閻魔亭改築】お大尽の間を復元 (満足度+65000)
【閻魔亭改築】お忍び用客間を復元 (満足度+5000)
【閻魔亭改築】ゆったりとした客間を修理 (満足度+1000)
【閻魔亭改築】イベントホールを復元 (満足度+60000)
【閻魔亭改築】エステルームを復元 (満足度+50000)
【閻魔亭改築】古風な客間を修理 (満足度+500)
【閻魔亭改築】大厨房を修理 (満足度+3000)
【閻魔亭改築】接待用客間を復元 (満足度+7000)
【閻魔亭改築】眺めの良い客間を復元 (満足度+10000)
【閻魔亭改築】第二厨房を復元 (満足度+18000)
【閻魔亭改築】趣きのある客間を修理 (満足度+1500)
【閻魔亭改築】遊技場を復元 (満足度+45000)
【閻魔亭改築】鐘撞き堂を修理 (満足度+30000)
【闇医者】手術を手伝おう！
【闇商人】秘密の市場を覗こう！
【隠し財宝クエスト】ほら穴の財宝
【隠し財宝クエスト】グツグツ島の財宝
【隠し財宝クエスト】サカズキ島の財宝
【隠し財宝クエスト】スリスリ島の財宝
【隠し財宝クエスト】トクガワ島の財宝
【隠し財宝クエスト】ドクロ島の財宝
【隠し財宝クエスト】ミズウミ島の財宝
【隠し財宝クエスト】大海原の財宝
【隠し財宝クエスト】幽霊船の財宝
【隠し財宝クエスト】廃墟の財宝
【隠し財宝クエスト】果ての財宝
【隠し財宝クエスト】海底城の財宝
【隠し財宝クエスト】海蛇の巣の財宝
【隠し財宝クエスト】滝つぼの財宝
【隠し財宝クエスト】雲の上の財宝
【雑談枠】もっともっと褒めてください
【霊基再臨素材】
『ぐだぐだ本能寺』で手に入れた
カッコいい金の髑髏アクセサリーなのじゃ！
【霊基再臨素材】
『ハロウィン・ライジング！ 』
で手に入れた、凶悪なフォルムのガラスの靴。
【霊基再臨素材】
『ポホヨラのクリスマス・イブ』
で手に入れた、
クリスマスの装いのユーゴ。
【霊基再臨素材】
『春の終わりに君を待つ』
で手に入れた、アッド型のリュック。
【霊基再臨素材】
アサシンクラスを称えるモニュメント
【霊基再臨素材】
アサシンクラスを象徴するピース
【霊基再臨素材】
アーチャークラスを称えるモニュメント
【霊基再臨素材】
アーチャークラスを象徴するピース
【霊基再臨素材】
キャスタークラスを称えるモニュメント
【霊基再臨素材】
キャスタークラスを象徴するピース
【霊基再臨素材】
セイバークラスを称えるモニュメント
【霊基再臨素材】
セイバークラスを象徴するピース
【霊基再臨素材】
バーサーカークラスを称えるモニュメント
【霊基再臨素材】
バーサーカークラスを象徴するピース
【霊基再臨素材】
ライダークラスを称えるモニュメント
【霊基再臨素材】
ライダークラスを象徴するピース
【霊基再臨素材】
ランサークラスを称えるモニュメント
【霊基再臨素材】
ランサークラスを象徴するピース
【霊基再臨素材】へ交換
【霊基召喚アイテム】
召喚を補助する道具。
時代を超えて輝く道しるべ。
【靴屋】靴を選んであげよう！
【音楽家】作曲しよう！
【高難易度】 「怒涛！ かかれ柴田！」
【高難易度】 『eclipse』
【高難易度】 『天魔轟臨』
【高難易度】8days,Grand Finale!
【高難易度】Extra Magic Number !
【高難易度】Five Star Idol
【高難易度】LIVE FES ～WE ARE ELIZABETH～
【高難易度】Whispers of Dawn
【高難易度】case.車上のお茶会
【高難易度】『激闘！ カルデア梁山泊！』
【高難易度】おしごとできるかな？
【高難易度】おまけ入りチョコ祭
【高難易度】こんにちはヨールプッキ
【高難易度】ときめきオルタ倶楽部
【高難易度】なかよしサーヴァント交流会
【高難易度】ぶっちぎり開運バトル 立てよ茶柱
【高難易度】むすめふさほせ
【高難易度】めしませ！至高の暗黒メイド喫茶
【高難易度】もう一つの主従
【高難易度】アルトリウム・ハンター
【高難易度】アークティック・サマーメモリー
【高難易度】アーネンエルベへようこそ！（ドラゴン島出張店）
【高難易度】イプちゃんの挑戦状
【高難易度】イミテーション・グレイルウォー
【高難易度】ウエスタン忍法帳
【高難易度】エキシビションマッチ 伝説の拳
【高難易度】ギャラクシー・ガーディアン
【高難易度】サイコーな監獄長
【高難易度】サンゴ礁に眠る財宝のゆくえ
【高難易度】サンタたちの忘年会
【高難易度】スーパー・マイホーム・ダディ
【高難易度】テンシとアクマに願いを
【高難易度】デッドヒート・アタランテ
【高難易度】デッドヒート・アルテミス
【高難易度】デッドヒート・ブーディカ
【高難易度】デッドヒート・マッスルクィーン
【高難易度】トゥイーニー・リトル
【高難易度】ドキッ！水着だらけの大決戦
【高難易度】ハチドリとヤヤウキおもちゃ工房
【高難易度】バトル・オブ・アイギス
【高難易度】パリピ、カルデアに降り立つ。
【高難易度】ビーストさん
【高難易度】ファラオの饗宴
【高難易度】ブレイブガール・アンコール！
【高難易度】プリズマ☆ライブ！
【高難易度】プリズンブレイク・DOGポリス
【高難易度】プリズンブレイク・エルキドゥ
【高難易度】プリズンブレイク・ゴルゴーン
【高難易度】プリズンブレイク・怪人∞面相
【高難易度】メガネよりeyeをこめて
【高難易度】ヤツを倒すその時まで
【高難易度】ライトニング・イン・ギルギルガメッシュ
【高難易度】ライヘンバッハの再戦
【高難易度】ワールドツアーの踏破者
【高難易度】伝説の源流
【高難易度】侵略の大木馬
【高難易度】司書のお仕事
【高難易度】吶喊バトル！　人理で一番強い猿！
【高難易度】喧嘩するほど仲がいい
【高難易度】堕天の檻 (1/10)
【高難易度】堕天の檻 (2/10)
【高難易度】堕天の檻 (3/10)
【高難易度】堕天の檻 (4/10)
【高難易度】堕天の檻 (5/10)
【高難易度】堕天の檻 (6/10)
【高難易度】堕天の檻 (7/10)
【高難易度】堕天の檻 (8/10)
【高難易度】堕天の檻 (9/10)
【高難易度】大喝采のカーテンコール
【高難易度】大江山大炎起
【高難易度】天の牡牛
【高難易度】太歳頭上動土
【高難易度】妖精乱舞
【高難易度】委員長の同人誌を読み尽くせ！
【高難易度】家に帰るまでが特異点修復です
【高難易度】寵愛は誰の手に
【高難易度】幕末ぐだぐだ神話 ニューノブ選組・MAKOTO
【高難易度】悪戯子天狗の遊戯
【高難易度】想いをチョコに込めて
【高難易度】戦場の鬼
【高難易度】戦士女王からの試練
【高難易度】星座に導かれし乙女
【高難易度】時のある間に薔薇を摘め
【高難易度】最上級のおもてなし 顧客満足度チェック
【高難易度】森の妖精の森
【高難易度】極寒の強者
【高難易度】死闘！　七人の悪魔サーヴァント編
【高難易度】残夜幻想
【高難易度】母という名の鬼
【高難易度】海の家『エハングウェン』
【高難易度】海の家新作メニュー大試食会
【高難易度】海の底の御伽噺
【高難易度】温泉宿ゲームセンター
【高難易度】炎上！ 天界よりの使者
【高難易度】炎天下の暴れん坊！
【高難易度】無彩色の陣営
【高難易度】無法！最強無敵の謙信ちゃん！
【高難易度】焼け野の雉夜のティラノサウルス
【高難易度】特異点F メモリアルクエスト
【高難易度】犯罪王から愛をこめて
【高難易度】真なる愛は数値ではなく
【高難易度】真夏のPeriod.
【高難易度】真実の愛
【高難易度】秘湯まるごと大決戦
【高難易度】終末録音・決
【高難易度】絢爛たる百王子
【高難易度】罪と罰 ～散華すべきは白い髭～
【高難易度】聖夜のサンタと子供たち
【高難易度】聖女を呼ぶ声
【高難易度】聖鹿の行進
【高難易度】舞い踊るは三色の調べ
【高難易度】花咲く園へ導く女神
【高難易度】護法少女スペシャルヒーローショー
【高難易度】賞金首ハント 『キングエリchan』
【高難易度】遅れて参戦！？ 偉大なる竜たちの逆襲！！
【高難易度】開講！ ヘルズキッチンお試し版
【高難易度】闇に舞うサクラ
【高難易度】風雲後夜祭 ～覇者の陣～
【高難易度】高杉重工特別優待
【高難易度】魔天を開けよ
【高難易度】鮮血ノ残滓
【高難易度】黄泉の申し子
【？？？】
地の力を宿した謎の金属片。
寛大、慢心。これぞ僕らの大統領。
【？？？】
宝物庫から出てくる謎のお酒。
【？？？】
水の力を宿した謎の金属片。
弁舌冴え渡る安心の大統領。
【？？？】
火の力を宿した謎の金属片。
らしくなく無口だが強敵だった。
【？？？】
風の力を宿した謎の金属片。
大統領の闇から目を背けない貴方へ。
【～11日17:59まで1回限定！】秘密の手稿庫（偽） I
【～11日17:59まで1回限定！】秘密の手稿庫（真） I
【～12日まで1回限定！】秘密の手稿庫（偽） I
【～12日まで1回限定！】秘密の手稿庫（真） I
【～27日まで1回限定！】 ぐだぐだ黄金天国 壱
〔TYPEⅠ系〕出現率アップ
〔ちびノブ系〕の追加出現率アップ
〔ちびノブ系〕出現率アップ
〔つわもの〕出現率アップ
〔やけど〕状態に対するクリティカル威力をアップ
〔やけど〕状態の敵に与えるダメージをアップ
〔アサシン〕に与えるダメージをアップ
〔アサシン〕のグランドサイン解放数12個以上で開放
〔アサシン〕クラスからクリティカル攻撃を受ける確率を減らす
〔アサシン〕クラスが装備した場合宝具威力を15%アップ
〔アサシン〕クラスが装備した場合宝具威力を25%アップ[最大解放]
〔アサシン〕クラスに対する攻撃力をアップ
〔アルターエゴ〕クラスからクリティカル攻撃を受ける確率を減らす
〔アルターエゴ〕クラスに対して相性有利になる
〔アルターエゴ〕クラスに対する攻撃力をアップ
〔アヴェンジャー〕クラスからクリティカル攻撃を受ける確率を減らす
〔アヴェンジャー〕クラスに対する攻撃力をアップ
〔アーチャー〕のグランドサイン解放数12個以上で開放
〔アーチャー〕クラスからクリティカル攻撃を受ける確率を減らす
〔アーチャー〕クラスが装備した場合宝具威力を15%アップ
〔アーチャー〕クラスが装備した場合宝具威力を25%アップ[最大解放]
〔アーチャー〕クラスに対する攻撃力をアップ
〔イリヤ〕特性を付与する
〔イーター系〕出現率アップ
〔ウィリアム・テル〕の宝具による回避状態特攻の対象となる状態(弱体扱い)
〔エクストラⅠ〕のグランドサイン解放数12個以上で開放
〔エクストラⅡ〕のグランドサイン解放数12個以上で開放
〔エクストラクラス〕に与えるダメージをアップ
〔エクストラクラス〕に対する攻撃力をアップ
〔エリザベート〕特性を付与する
〔オニ〕〔ブリキ〕〔かぼちゃ〕出現率アップ
〔カカシ〕〔おもちゃ〕〔ゆうれい〕出現率アップ
〔キャスター〕に与えるダメージをアップ
〔キャスター〕のグランドサイン解放数12個以上で開放
〔キャスター〕クラスからクリティカル攻撃を受ける確率を減らす
〔キャスター〕クラスが装備した場合宝具威力を15%アップ
〔キャスター〕クラスが装備した場合宝具威力を25%アップ[最大解放]
〔キャスター〕クラスに与えるクリティカル時のダメージをアップ
〔キャスター〕クラスに対して相性有利になる
〔キャスター〕クラスに対する攻撃力をアップ
〔キャスター〕クラスに対する相性不利を打ち消す
〔ギリシャ神話系男性〕特性に与えるダメージをアップ
〔ゴーストランタン〕のドロップ率を25%アップする<元のドロップ率に対して乗算>[最大解放]
〔ゴーストランタン〕のドロップ率を5%アップする<元のドロップ率に対して乗算>
〔サクラシリーズ系〕に与えるダメージをアップ
〔サクラ系〕出現率アップ
〔サル〕〔ヘビ〕〔メルヘン〕出現率アップ
〔サーヴァント〕による宝具で受けるダメージを減らす
〔サーヴァント〕に与えるクリティカル時のダメージをアップ
〔サーヴァント〕に与えるダメージをアップ
〔サーヴァント〕に与えるダメージをアップ[特別な星の力を持つサーヴァントには特攻無効]
〔シェイプシフター系〕出現率アップ
〔シャドウサーヴァント〕に与えるダメージをアップ
〔スキル封印〕状態の敵に与えるダメージをアップ
〔スケルトン系〕〔ゴースト系〕〔ラミア系〕出現率アップ
〔スケルトン系〕〔スケアクロウ系〕の追加出現率アップ
〔スケルトン系〕〔スケアクロウ系〕出現率アップ
〔セイバー〕に与えるダメージをアップ
〔セイバー〕に対するクリティカルの発生率をアップ
〔セイバー〕に対するスター発生率をアップ
〔セイバー〕のグランドサイン解放数12個以上で開放
〔セイバー〕クラスからクリティカル攻撃を受ける確率を減らす
〔セイバー〕クラスが装備した場合宝具威力を15%アップ
〔セイバー〕クラスが装備した場合宝具威力を25%アップ[最大解放]
〔セイバー〕クラスに与えるクリティカル時のダメージをアップ
〔セイバー〕クラスに対するクラス相性が攻撃優位になる
〔セイバー〕クラスに対する攻撃力をアップ
〔ターゲット集中〕状態の時に攻撃を受けるとスターを獲得
〔ドローン系〕〔ホムンクルス系〕〔オートマタ系〕の追加出現率アップ
〔ナイト系〕〔ゲイザー系〕〔量産型系〕の追加出現率アップ
〔ナイト系〕〔ゲイザー系〕〔量産型系〕出現率アップ
〔ハロウィン〕のフィールドにおいてのみ、クリティカル時のダメージをアップ
〔バーサーカー〕に与えるダメージをアップ
〔バーサーカー〕のグランドサイン解放数12個以上で開放
〔バーサーカー〕クラスからクリティカル攻撃を受ける確率を減らす
〔バーサーカー〕クラスが装備した場合、自身の宝具威力を60%アップ
〔バーサーカー〕クラスが装備した場合、自身の宝具威力を80%アップ[最大解放]
〔バーサーカー〕クラスが装備した場合宝具威力を15%アップ
〔バーサーカー〕クラスが装備した場合宝具威力を25%アップ[最大解放]
〔バーサーカー〕クラスに対する攻撃力をアップ
〔ビースト〕クラスに対する攻撃力をアップ
〔フォーリナー〕クラスに対する攻撃力をアップ
〔プリテンダー〕クラスからクリティカル攻撃を受ける確率を減らす
〔プリテンダー〕クラスに対する攻撃力をアップ
〔ホムンクルスベビー〕のドロップ率を25%アップする<元のドロップ率に対して乗算>[最大解放]
〔ホムンクルスベビー〕のドロップ率を5%アップする<元のドロップ率に対して乗算>
〔ボーナスエネミー〕出現率アップ
〔マイフェアソルジャー〕状態の間、攻撃力をアップ
〔マイフェアソルジャー〕状態の間、防御力をアップ
〔ムーンキャンサー〕クラスからクリティカル攻撃を受ける確率を減らす
〔ムーンキャンサー〕クラスに対する攻撃力をアップ
〔ライダー〕に与えるダメージをアップ
〔ライダー〕のグランドサイン解放数12個以上で開放
〔ライダー〕クラスからクリティカル攻撃を受ける確率を減らす
〔ライダー〕クラスが装備した場合宝具威力を15%アップ
〔ライダー〕クラスが装備した場合宝具威力を25%アップ[最大解放]
〔ライダー〕クラスに対する攻撃力をアップ
〔ランサー〕のグランドサイン解放数12個以上で開放
〔ランサー〕クラスからクリティカル攻撃を受ける確率を減らす
〔ランサー〕クラスが装備した場合宝具威力を15%アップ
〔ランサー〕クラスが装備した場合宝具威力を25%アップ[最大解放]
〔ランサー〕クラスに対する攻撃力をアップ
〔ルーラー〕に与えるダメージをアップ
〔ルーラー〕クラスからクリティカル攻撃を受ける確率を減らす
〔ルーラー〕クラスに対する攻撃力をアップ
〔レアエネミー〕出現率アップ
〔ローマ〕特性に与えるダメージをアップ
〔ローマ〕特性を付与する(弱体扱い)
〔ローマ〕特性を付与する(強化扱い)
〔七人御佐姫〕出現率アップ
〔七騎士クラス〕に与えるダメージをアップ
〔七騎士クラス〕に対する防御力をアップ
〔万死の毒針〕のドロップ率を25%アップする<元のドロップ率に対して乗算>[最大解放]
〔万死の毒針〕のドロップ率を5%アップする<元のドロップ率に対して乗算>
〔世界樹の種〕のドロップ率を25%アップする<元のドロップ率に対して乗算>[最大解放]
〔世界樹の種〕のドロップ率を5%アップする<元のドロップ率に対して乗算>
〔中庸〕特性に与えるダメージをアップ
〔中立〕特性に与えるダメージをアップ
〔中立のサーヴァント〕に与えるダメージをアップ
〔人の力〕に与えるダメージをアップ
〔人の力を持つ敵〕に与えるクリティカル時のダメージをアップ
〔人型〕特性に与えるダメージをアップ
〔人型〕特性に対する防御力をアップ
〔人間〕特性に与えるダメージをアップ
〔人間〕特性に対する即死付与率をアップ
〔人類の脅威〕に与えるダメージをアップ
〔今を生きる人類〕に与えるダメージをアップ
〔保護対象〕特性を付与する
〔保護対象外〕特性に与えるダメージをアップ
〔保護対象外〕特性を付与する
〔八連双晶〕のドロップ率を25%アップする<元のドロップ率に対して乗算>[最大解放]
〔八連双晶〕のドロップ率を5%アップする<元のドロップ率に対して乗算>
〔内務〕の獲得進行度アップ
〔円卓の騎士と妖精〕特性に与えるダメージをアップ
〔冥界の花園〕状態
〔冥界の花園〕状態に変身する<宝具が変化・解除不能>
〔冥界の護り〕特性を付与する
〔凶骨〕のドロップ率を25%アップする<元のドロップ率に対して乗算>[最大解放]
〔凶骨〕のドロップ率を5%アップする<元のドロップ率に対して乗算>
〔励振火薬〕のドロップ率を25%アップする<元のドロップ率に対して乗算>[最大解放]
〔励振火薬〕のドロップ率を5%アップする<元のドロップ率に対して乗算>
〔千年城〕のあるフィールドにおいてのみ、Artsカードの性能をアップ
〔千年城〕のあるフィールドにおいてのみ、Busterカードの性能をアップ
〔千年城〕のあるフィールドにおいてのみ、Quickカードの性能をアップ
〔即死耐性ダウン〕状態の敵に与えるダメージをアップ
〔原初の産毛〕のドロップ率を25%アップする<元のドロップ率に対して乗算>[最大解放]
〔原初の産毛〕のドロップ率を5%アップする<元のドロップ率に対して乗算>
〔呪い〕回復化
〔呪い〕状態の敵に与えるダメージをアップ
〔善〕特性に与えるクリティカル時のダメージをアップ
〔善〕特性に与えるダメージをアップ
〔善〕特性を付与する
〔善〕特性を持つサーヴァントが装備した場合宝具威力を15%アップ
〔善〕特性を持つサーヴァントが装備した場合宝具威力を25%アップ[最大解放]
〔地の力〕に与えるダメージをアップ
〔地の力を持つサーヴァント〕に与えるダメージをアップ
〔地獄〕のフィールドにおいてのみ、Busterカードの性能をアップ
〔地獄〕のフィールドにおいてのみ、〔地の力〕に与えるダメージをアップ
〔地獄〕のフィールドにおいてのみ、ターン終了時にNPが増える
〔地獄〕のフィールドにおいてのみ、宝具で与えるダメージをアップ
〔増殖〕状態の間、攻撃力をアップ
〔大騎士勲章〕のドロップ率を25%アップする<元のドロップ率に対して乗算>[最大解放]
〔大騎士勲章〕のドロップ率を5%アップする<元のドロップ率に対して乗算>
〔天の力〕に与えるダメージをアップ
〔天国〕のフィールドにおいてのみ、Artsカードの性能をアップ
〔天国〕のフィールドにおいてのみ、〔天の力〕に与えるダメージをアップ
〔天国〕のフィールドにおいてのみ、クリティカル時のダメージをアップ
〔天国〕のフィールドにおいてのみ、ターン終了時にHPが回復する
〔女性〕からの魅了耐性をダウン
〔女性〕に与えるダメージをアップ
〔宵哭きの鉄杭〕のドロップ率を25%アップする<元のドロップ率に対して乗算>[最大解放]
〔宵哭きの鉄杭〕のドロップ率を5%アップする<元のドロップ率に対して乗算>
〔封印〕状態の敵に与えるダメージをアップ
〔屍人〕出現率アップ
〔巨人〕特性に与えるダメージをアップ
〔弱体状態〕に与えるダメージをアップ
〔恐怖〕状態の敵に与えるダメージをアップ
〔悪〕特性に与えるクリティカル時のダメージをアップ
〔悪〕特性に与えるダメージをアップ
〔悪〕特性を付与する
〔愚者の鎖〕のドロップ率を25%アップする<元のドロップ率に対して乗算>[最大解放]
〔愚者の鎖〕のドロップ率を5%アップする<元のドロップ率に対して乗算>
〔拘束〕〔スタン〕〔石化〕状態の敵に与えるダメージをアップ
〔拘束〕状態の敵に与えるダメージをアップ
〔政務〕の獲得進行度アップ
〔新選組〕特性を付与する
〔日輪〕状態の時にスター発生率をアップ
〔星の力〕に与えるダメージをアップ
〔暗闇〕のフィールドにおいてのみ、Artsカードの性能をアップ
〔暗闇〕のフィールドにおいてのみ、Busterカードの性能をアップ
〔暗闇〕のフィールドにおいてのみ、Quickカードの性能をアップ
〔暗闇〕のフィールドにおいてのみ、宝具で与えるダメージをアップ
〔暗闇〕のフィールドにおいてのみ、攻撃力をアップ
〔月下〕状態の時にArtsカードの性能をアップ
〔月下〕状態の時にBusterカードの性能をアップ
〔月下〕状態の時にNP獲得量をアップ
〔月下〕状態の時にQuickカードの性能をアップ
〔梁山泊〕特性を付与する
〔森〕〔都市〕〔暗闇〕のフィールドにおいてのみ、攻撃力をアップ
〔森〕〔都市〕〔暗闇〕のフィールドにおいてのみ、防御力をアップ
〔森〕のフィールドにおいてクリティカル発生率がアップする
〔森〕のフィールドにおいてスターの集まりやすさがアップする
〔森〕のフィールドにおいてスター発生率がアップする
〔機械〕特性に与えるダメージをアップ
〔死霊〕に対する弱体耐性をアップ
〔死霊〕特性に与えるダメージをアップ
〔死霊〕特性を付与する
〔死霊と悪魔〕に与えるダメージをアップ
〔毒〕回復化
〔毒〕状態の敵に与えるダメージをアップ
〔毒〕状態の敵に与えるダメージをアップ<対象の〔毒〕状態の数に応じて威力アップ>
〔水辺〕のあるフィールドにおいてのみ、Artsカードの性能をアップ
〔水辺〕のあるフィールドにおいてのみ、Busterカードの性能をアップ
〔水辺〕のあるフィールドにおいてのみ、NP獲得量をアップ
〔水辺〕のあるフィールドにおいてのみ、クリティカルの発生率をアップ
〔水辺〕のあるフィールドにおいてのみ、クリティカル時のダメージをアップ
〔水辺〕のあるフィールドにおいてのみ、スターの集まりやすさをアップ
〔水辺〕のあるフィールドにおいてのみ、ターン終了時にNPが増える
〔水辺〕のあるフィールドにおいてのみ、ターン終了時にスターを獲得する
〔水辺〕のあるフィールドにおいてのみ、宝具で与えるダメージをアップ
〔水辺〕のあるフィールドにおいてのみ、攻撃力をアップ
〔水辺〕のあるフィールドにおいてのみ、自身に毎ターンNP獲得状態を付与
〔水辺〕のあるフィールドにおいてのみ、自身のクリティカル威力をアップ
〔水辺〕または〔空中〕のフィールドにおいてのみ、クリティカルの発生率をアップ
〔水辺〕または〔空中〕のフィールドにおいてのみ、クリティカル時のダメージをアップ
〔水辺〕または〔虚数空間〕のフィールドにおいてのみ、Artsカードの性能をアップ
〔水辺〕または〔虚数空間〕のフィールドにおいてのみ、回避を無視して、攻撃によるダメージを与える
〔水辺〕または〔虚数空間〕のフィールドにおいてのみ、宝具で与えるダメージをアップ
〔水辺〕または〔虚数空間〕のフィールドにおいてのみ、攻撃力をアップ
〔水辺〕または〔虚数空間〕のフィールドにおいてのみ、被ダメージを減らす
〔水辺〕または〔都市〕のあるフィールドにおいてのみ、Artsカードの性能をアップ
〔混乱〕状態の敵に与えるクリティカル時のダメージをアップ
〔混乱〕状態の敵に与えるダメージをアップ
〔混沌〕特性に与えるダメージをアップ
〔混沌〕特性を付与する
〔混沌の爪〕のドロップ率を25%アップする<元のドロップ率に対して乗算>[最大解放]
〔混沌の爪〕のドロップ率を5%アップする<元のドロップ率に対して乗算>
〔源氏〕特性に与えるダメージをアップ
〔炎上〕しているフィールドでBusterカードの性能をアップ
〔炎上〕しているフィールドで〔天の力〕に与えるダメージをアップ
〔炎上〕しているフィールドでクリティカル時のダメージをアップ
〔炎上〕しているフィールドで攻撃力をアップ
〔炎上〕しているフィールドにおいて、刻印されたカードのクリティカル威力を25%アップ
〔炎上〕しているフィールドにおいてのみ、Artsカードの性能をアップ
〔炎上〕しているフィールドにおいてのみ、やけど・延焼を受けなくなる
〔炎上〕しているフィールドにおいてのみ、ターン終了時にNPが増える
〔無間の歯車〕のドロップ率を25%アップする<元のドロップ率に対して乗算>[最大解放]
〔無間の歯車〕のドロップ率を5%アップする<元のドロップ率に対して乗算>
〔猛獣〕特性に与えるダメージをアップ
〔猛獣〕特性を付与する
〔猛獣と魔性〕特性に与えるダメージをアップ
〔獣の力〕に与えるダメージをアップ
〔獣人系〕〔ホムンクルス系〕〔騎士系〕出現率アップ
〔王〕特性に与えるダメージをアップ
〔男性〕からの狙われやすさをアップ
〔男性〕に与えるダメージをアップ
〔男性〕に対する防御力をアップ
〔睡眠〕状態の時に防御力をダウン
〔神性〕に対する防御力をアップ
〔神性〕特性に与えるクリティカル時のダメージをアップ
〔神性〕特性に与えるダメージをアップ
〔神性〕特性を持つサーヴァントが装備した場合宝具威力を15%アップ
〔神性〕特性を持つサーヴァントが装備した場合宝具威力を25%アップ[最大解放]
〔神性と死霊と悪魔〕に与えるダメージをアップ
〔祭神の怒り〕状態の間、Busterカードの性能をアップ
〔禁断の頁〕のドロップ率を25%アップする<元のドロップ率に対して乗算>[最大解放]
〔禁断の頁〕のドロップ率を5%アップする<元のドロップ率に対して乗算>
〔秩序〕特性に与えるクリティカル時のダメージをアップ
〔秩序〕特性に与えるダメージをアップ
〔秩序かつ善〕に与えるダメージをアップ
〔秩序のサーヴァント〕に与えるダメージをアップ
〔空中〕のフィールドにおいてのみ、自身の宝具威力をアップ
〔竜〕特性に与えるクリティカル時のダメージをアップ
〔竜〕特性に与えるダメージをアップ
〔竜〕特性に対する防御力をアップ
〔竜〕特性を付与する
〔竜の牙〕のドロップ率を25%アップする<元のドロップ率に対して乗算>[最大解放]
〔竜の牙〕のドロップ率を5%アップする<元のドロップ率に対して乗算>
〔竜の逆鱗〕のドロップ率を25%アップする<元のドロップ率に対して乗算>[最大解放]
〔竜の逆鱗〕のドロップ率を5%アップする<元のドロップ率に対して乗算>
〔精神異常〕状態の敵に与えるダメージをアップ
〔精霊根〕のドロップ率を25%アップする<元のドロップ率に対して乗算>[最大解放]
〔精霊根〕のドロップ率を5%アップする<元のドロップ率に対して乗算>
〔納刀体勢〕特性を付与する
〔素体〕出現率アップ
〔聖杯所持〕状態を付与する
〔英雄の証〕のドロップ率を25%アップする<元のドロップ率に対して乗算>[最大解放]
〔英雄の証〕のドロップ率を5%アップする<元のドロップ率に対して乗算>
〔虚影の塵〕のドロップ率を25%アップする<元のドロップ率に対して乗算>[最大解放]
〔虚影の塵〕のドロップ率を5%アップする<元のドロップ率に対して乗算>
〔虞美人〕に対する攻撃力をダウン
〔虫系〕〔ゴーレム系〕出現率アップ
〔蛇の宝玉〕のドロップ率を25%アップする<元のドロップ率に対して乗算>[最大解放]
〔蛇の宝玉〕のドロップ率を5%アップする<元のドロップ率に対して乗算>
〔蛇・竜〕からの狙われやすさをアップ
〔蛇・竜〕特性に与えるダメージをアップ
〔蛮神の心臓〕のドロップ率を25%アップする<元のドロップ率に対して乗算>[最大解放]
〔蛮神の心臓〕のドロップ率を5%アップする<元のドロップ率に対して乗算>
〔血の涙石〕のドロップ率を25%アップする<元のドロップ率に対して乗算>[最大解放]
〔血の涙石〕のドロップ率を5%アップする<元のドロップ率に対して乗算>
〔行動不能〕状態の敵に与えるダメージをアップ
〔超巨大〕なエネミーに与えるダメージをアップ
〔超巨大〕特性を付与する
〔身代わり〕状態が付与されている間、弱体を受けなくなる
〔軍務〕の獲得進行度アップ
〔追憶の貝殻〕のドロップ率を25%アップする<元のドロップ率に対して乗算>[最大解放]
〔追憶の貝殻〕のドロップ率を5%アップする<元のドロップ率に対して乗算>
〔都市〕のフィールドにおいてのみ、クリティカルの発生率をアップ
〔都市〕または〔水辺〕のあるフィールドにおいてのみ、宝具で与えるダメージをアップ
〔陽射し〕のあるフィールドにおいて、刻印されたカードのクリティカル威力を30%アップ
〔陽射し〕のあるフィールドにおいてのみ、Busterカードの性能をアップ
〔陽射し〕のあるフィールドにおいてのみ、Busterカード性能をアップ
〔陽射し〕のあるフィールドにおいてのみ、NP獲得量をアップ
〔陽射し〕のあるフィールドにおいてのみ、クリティカル時のダメージをアップ
〔陽射し〕のあるフィールドにおいてのみ、クリティカル発生率がアップする
〔陽射し〕のあるフィールドにおいてのみ、ターン終了時にスターを獲得する
〔陽射し〕のあるフィールドにおいてのみ、攻撃力をアップ
〔隕蹄鉄〕のドロップ率を25%アップする<元のドロップ率に対して乗算>[最大解放]
〔隕蹄鉄〕のドロップ率を5%アップする<元のドロップ率に対して乗算>
〔電蝕〕状態の敵に与えるダメージをアップ
〔霊体(死霊またはサーヴァント)〕に与えるダメージをアップ
〔非超巨大〕特性に与えるダメージをアップ
〔騎乗スキル〕を持つ敵に与えるダメージをアップ
〔鬼〕特性に与えるダメージをアップ
〔魅了〕状態の敵に与えるクリティカル時のダメージをアップ
〔魅了〕状態の敵に与えるダメージをアップ
〔魅了〕状態の時に防御力をダウン
〔魔性〕に与えるダメージをアップ
〔魔性〕に対する防御力をアップ
〔魔獣型のサーヴァント〕に与えるダメージをアップ
〔魔術髄液〕のドロップ率を25%アップする<元のドロップ率に対して乗算>[最大解放]
〔魔術髄液〕のドロップ率を5%アップする<元のドロップ率に対して乗算>
〔鳳凰の羽根〕のドロップ率を25%アップする<元のドロップ率に対して乗算>[最大解放]
〔鳳凰の羽根〕のドロップ率を5%アップする<元のドロップ率に対して乗算>
〔黒獣脂〕のドロップ率を25%アップする<元のドロップ率に対して乗算>[最大解放]
〔黒獣脂〕のドロップ率を5%アップする<元のドロップ率に対して乗算>
〔ﾄﾞﾛｰﾝ系、ﾎﾑﾝｸﾙｽ、ｵｰﾄﾏﾀ系〕出現率アップ
〔ﾏﾝｼｮﾝ霊、ｽｹﾙﾄﾝ〕出現率アップ
あい、ここにはなく
あいあん・ましゅまろ
あいあん・めいでん
あいあん・めいでん（なつ）
あいうつしゅくめい
あいくるしい廊下
あいくるしい部屋
あいしらぬかなしきりゅう
あいしんのしんかく
あいすうぉーりあー
あいすきゃんでぃ
あいすべきこのもとで、しょをよむ
あいときぼうのものがたり
あいとこうどうとちえのやり
あいどら☆はっと
あいどるのかがやき
あいにくの空模様
あいのかりうど
あいのほくろ
あいのれいやく
あいらんど・れすきゅー
あうとれいじ
あうれあ・ぼーくら
あうれあ・ぽーく・ぽーくあ
あうれりあぬすのこうい（こう）
あう゛ぁろん・せれぶれいと
あおいおびどめ
あおいとりのようなまうす
あおきなつのころも
あおきほしのうみ
あおきほしのひとみ
あおきまじょのれいいん
あおきりょうしのれいいん
あおざめたしのぶとう
あおのきょぎゅう
あおのこっけん
あかいからかさ
あかいかわジャン
あかいじゃんぱー
あかいつるぎ
あかいはな
あかえだのきし
あかきしのかめん
あかきひげしんしのれいいん
あかきほうせきじょうのれいいん
あかきほしのひとみ
あかきほのお
あかきらくいんのゆめ
あかきりゅうのしるし
あかすもの
あかのこっけん
あがるたのおんな
あくごうしょかん・えんまほうおう
あくしんのあと
あくせるたーん
あくのへんまん
あくまのぐんりゃく
あくまのばんだな
あくやくれいじょうはあくじょをぶちぬきたい
あぐに・がーんでぃーゔぁ
あけのこううん
あけめねすのほこり
あこがれのゆうきゅうきゅうか
あさげいちぜん
あさねのあとで
あさのひばり
あさると・めでぃすん
あざけりのだんとうだい
あざまるのきり
あしあらいやしきのよぶんなひととき
あしがらぶらざーず
あしどりはかろやかに
あしのうみ
あすとらん・まいほーむ
あすのさき
あずきのおてだま
あず・あ・だっど
あず・ゆーじゅある
あず・ゆー・うぃっしゅ
あちめのわざ
あっかんだは
あっせんぶる
あつあつ湯豆腐
あつあつ湯豆腐のドロップ獲得数を1個増やす【『ぐだぐだ新選組・ジ・エンド』イベント期間限定】
あつあつ湯豆腐のドロップ獲得数アップ
あつきもん
あつもりびーと
あてなるもの2021
あてなる・さまーすいーつ
あでやかな廊下
あとごうら
あとみっくぷらんと
あとらすいん
あとらすのえいじ
あとらすのまもり
あなたにくちづけしたわ
あなたのがくりょくをしょうめいする
あなたのためののろい
あなたのためのメロディ
あなたのちゅうじつなるひつじ
あなたの学力を証明する
あなたの首が欲しいのかしら？
あなたの首なんて欲しくはないの
あなたへのいのり
あなたへのふろらりあ
あなたへのフロラリア EX
あにばーさりー・ひろいんず
あねなるせいじょのじゅうしゃ
あねのおせっかい
あのとおいよるのひに
あのなつにみた、じゅんぱくの
あのひのそら
あの人の事
あの夏に見た、純白の
あの日の空
あの遠い夜の日に
あびしゃぐにささぐあい
あふたぬーん・ぱーてぃー
あふたー・ぱーてぃー
あふろでぃーてのおんけい
あぼうきゅうもけい
あぽろんのこ
あまいもの
あまいものがたり
あまかけるりゅうがごとく
あまくさしろうじんちゅうき
あまくりこちよこれいと
あまさかほこ（そう）
あまぞねすのじょおう
あまでうす
あまるがむごーと
あまんぐ・ざ・にんふぁえあ
あみあげるもの
あみぐるみ（あすてりおす）
あみぐるみ（アステリオス）
あめあがりのきみ
あめとほしのどうわ
あめにであう
あめのくにのこうけい
あめのくにのようせい
あやしいくすり
あやしい薬 A
あやしい麦茶屋調査
あらいあんす
あらごとまい
あらしのこうかいしゃ
あらゆる願いを叶えるという器。
形而上のものを汲み上げ、
物質に転換する第三魔法の産物。
あらんにゃ
ありあどねのいと
ありあどねのいのり
ありえざるあす
ありえざるげんま
ありえざる明日
ありきたりちょこ（？）
ありきたりでわるい？
ありきたりで悪い？
ありきたりの奇跡的な石
ありきたりチョコ（？）
ありしひのえいこう
ありしひのまい
あるかでぃあごえ
あるしんりとし
あるてぃめっと・ゆー
あるてみすのあつ
あるてら
あるとたすれんぞくたい
あるとりあのほし
あるとりありょうざんぱく
あるへびをころしたやり
ある・ぶくーる
ある予言
ある侠客の死
ある日、森で……
ある皐月の王の一日
ある真理と死
ある聖杯戦争で使用された、麗しき騎士の魔術礼装
ある魔法使いが通っていた高校の制服
思い出パワーがすごい
あれ？　もしかして
あわあおきものまさのれいいん
あんくんのかりすま
あんこくのしんかく
あんさつしゃのいただきにたつもの
あんさつのてんし
あんそくのやかた
あんたん
あんだー・すらむ
あんどらすたのかご
あんどれあす・あまらんとす
あんぶろしあけっしょう
あんやのぶれん
あんりまゆ
あゔぁろんのようせい
あーきたいぷ
あーす・はーとりずむ
いいね！のちから
いいね！の力 EX
いい国作ろう鎌倉幕府
いい気分の廊下
いかいさくせい
いかいのかじつ
いかづちのせいふくしゃ
いきおいはちくのごとし
いきばなきあいのやいば
いぎょうのかみ
いくさおとめのりょうしょく
いくさばのおに
いけにえのおとめ
いさましきはかめんのもの、おんようけんびのりょうおうなり
いざ、地獄の底へ
いざ、天国のような島へ
いざかまくら
いざガリアへ
いざ不夜城へ
いざ鎌倉
いざ鎌倉 A
いざ鎌倉 B
いざ鎌倉 EX
いざ鎌倉にさよならを ～Little Big Tengu～
いざ！ 絢爛ラスベガス！
いしすがごとき
いしすのあめ
いしのとりのもんしょう
いしゅたるがいせんもんおこし
いしょうべやよりむげんあいをこめて
いしん
いしんのえいゆう
いしんのえいゆう（き）
いしんのりゅう
いじゅつ
いすかんだるへのみち
いずみにて
いずれかの聖杯戦線クリアで開放かつ9月24日18時00分以降に開放
いずれは終わる繰り返し
いずれ完成する物語
いずれ等しき魂たちよ（Ⅰ）
いずれ等しき魂たちよ（Ⅱ）
いずれ等しき魂たちよ（Ⅲ）
いずれ等しき魂たちよ（Ⅳ）
いせいのかみ
いせきをあらすもの
いそうかっけん
いそらまい
いぞめのいちや
いたずらコウモリ
いたずら上手のアビーちゃんの手配書
いただきたかきじゅうじのみね
いただき貴き十字の峰
いたるべきばしょ
いたんなるせいれむ
いたんのやが
いたんのらくいん
いだいなるわしさまがえらんださいこうのおび
いちいせんしん
いちいせんしん（あい）
いちいたいすい
いちごいちえ
いちじょうのほう
いちじょうもどりばしのうできり
いちのたち
いちりんのはな
いっしょに、ひなたぼっこ
いっせいとつげき
いっつ・おんりー・あ・ぺーぱーむーん
いっぱいのさけとおしおちょこ
いっぽうそのころ
いつか、全てを守れる力になるように
いつか、電子の海で会いましょう
いつかのなつ
いつかの夏
いつかの空で
いつかほしのかわをこえて
いつかみた、あのひびの
いつかみたまぼろし
いつか星の河を越えて
いつか見た、あの日々の
いつか見た幻
いつの日か、彼方で
いつもの通い道
いつわりのゲッシュ
いであぶらっど
いとおそきつのぶえ
いとお菓子
いとしきだいしょう
いとしきややこへ、ははのめを
いとたかききぼうのはなよ
いと気高き希望の花よ
いと遅き角笛 EX
いな子
いにしえの港
いのこり特訓
いのししのかぶりもの
いのせんと・だーく
いのちのつな
いのべいたー・いやー
いのべいたー・ばにー
いふうどうどうたるがいせん
いぶきのみたま・はちみゃくどとう
いぶきやまのみこ
いまからまにあうかじせっと
いまじなり・あらうんど
いまじなり・えくすぷろーらー
いまじなり・だいばー
いまだけは、ただともとして
いまに在りし夢想の城
いまはあまきへんごくのびみ
いまはすぎしほしみのしるし
いまはもろきせっかのかべ
いまは脆き夢想の城
いまは過ぎし星見の証
いまは遙か理想の城
いまわしきはわがじんせい
いみぎむる
いみてーしょんいもーたりてぃ
いりやずむ
いりゅーじょにすと（ぎ）
いれたてのこーひー
いろうかいはおわらない
いろはにほへと
いわいのかざり
いわくつきの御札
いわくつきの御札のドロップ獲得数を1個増やす【『魔法使いの夜アフターナイト』イベント期間限定】
いわくつきの御札のドロップ獲得数アップ
いわさきたかし
いんがぎゃくてんのまそう
いんしほしょく（いくさめがみ）
いんしゅうむらのみこ
いんすとーる
いんすぱいあ
いんせくとさーち
いんせくとすてぃーる
いんてっせん
いんてつのふいご
いんふぃにてぃくりあんこ
いんふぃにてぃくろあんこ
いんふぃにてぃぶるー
いんふぃにてぃ・いんじけーたー
いんぼうさくせい
いんようぎょ
いんようどう（ほう）
いゔぁんらいていのしょこ
うぃざーど＆ぷりーすと
うぃずまいふぁーざー
うぃず・ざ・むーん
うぃず・まい・ふぁみりー
うぃっちず・きっちん
うぃなーず・あい
うぃんず・おぶ・すぷりんぐ
うぃんたーぱーてぃー
ういんどぐりーん
うぇいてぃんぐいんざすかい
うぇざー・りぽーと＜ぴー＞
うぇるかむとぅおにらんど
うぇるかむとぅーえきすぽ
うぇるかむ・だいなー
うぇるかむ・ばにー
うぉーく・いん・ざ・ぱーく
うぉーたー・しゃいん
うかのもり
うきよだこ
うけつがれるたましい
うさぎにんげんののろい
うしなわれたみぎうで
うしろのせきのかわいいやつ
うすあかききょぞうのれいいん
うすみどり
うずうずする廊下
うたうやり、さけぶやり
うたかたのかなた
うたかたのこい
うたかたのゆめ
うたかたの夢 A
うたかたの夢 EX
うたかたの夢を抱いて、そして眠るの
うたかたの恋 B
うたかたの恋 EX
うちあげおーだー！
うちなーお肉盛り
うちなーバケーション
うちなーバケーション A
うちなーバケーション B
うちなーバケーション EX
うちなー水族館
うちなー海鮮盛り
うちなー野菜盛り
うちなー野菜盛り、うちなー海鮮盛り、うちなーお肉盛りのドロップ獲得数アップ
うちのえんたく
うちゅうけん
うちゅうのてんびん
うっとりする廊下
うつくしいてのがれす
うつくしすぎるこうていちょこ
うつけさっぽう
うつけ殺法 A
うつけ瓢箪
うつしみのかのうせい（せいけん）
うつしみのかのうせい（せいそう）
うつりぎへのくさび
うつろなるこくしょへのなげき
うつろなるせいじゃのなげき
うつろなるま
うとうとする廊下
うなさかひらくみちひきのたま
うなるこいぬ
うみのいえのかご
うみへ
うみへのとびら
うみゆりのかりすま
うみをつなぐさくらのゆめ
うみを湧かす獅子の勇姿
うらぎりのちょこれーとたち
うらにわのちゅうぼう
うるとらまにふぇすと
うるわしきはびきのゆびわ
うるわしのひめぎみ
うるわしのひめぎみ（うみ）
うるわしのふうぼう
うわさのしんにゅうしゃいん
うんはてんに、よろいはむねに、てがらはあしに
うんはてんにあり
うんめいしんのしんかく
うんめいのつむぎて（かこ）
うんめいのはたおり
うんめいのへび
うんよう
うーさーみーみー
うーりーのかりうど
えいえんのわかむしゃ
えいえんふめつのま
えいきょうのぶれん
えいげつのぎ
えいごうのこどく
えいごうのふくしゅうき
えいせいていい
えいせいのほうけん
えいちのけっしょう
えいちのひかり
えいちへのせっしょく
えいてんりゅうじゅほうようじんしゅう
えいぺっくす
えいみんぐ
えいゆうがんぼう
えいゆうけんごうななばんしょうぶ
えいゆうさくせい
えいゆうのかいぞえ
えいゆうのこうろ
えいゆうのたいてき（ぎ）
えいゆうのぶそう
えいゆうふうさい　さんえいけつ
えいれいしょうぞう:うしわかまる
えいれいしょうぞう:アルジュナ
えいれいしょうぞう:アルテラ
えいれいしょうぞう:アルトリア・ペンドラゴン
えいれいしょうぞう:ジャンヌ・ダルク
えいれいしょうぞう:スカサハ
えいれいしょうぞう:ダレイオスさんせい
えいれいしょうぞう:ヘンリー・ジキル＆ハイド
えいれいしょうぞう:マシュ・キリエライト
えいれいしょうぞう:メフィストフェレス
えいれいしょうぞく：じゃんぬ・だるく
えいれいしょうぞく：ねろ・くらうでぃうす
えいれいしょうぞく：めどぅーさ
えいれいしょうぞく：れおなるど・だ・ゔぃんち
えいれいすてぃっくちょこ
えいれいせいそう：アステリオス
えいれいせいそう：アタランテ
えいれいせいそう：アマデウス
えいれいせいそう：アルジュナ
えいれいせいそう：アルテラ
えいれいせいそう：アルトリア・ペンドラゴン
えいれいせいそう：アーサー・ペンドラゴン
えいれいせいそう：イシュタル
えいれいせいそう：エウリュアレ
えいれいせいそう：エドワード・ティーチ
えいれいせいそう：エミヤ
えいれいせいそう：エルドラドのバーサーカー
えいれいせいそう：カエサル
えいれいせいそう：カルナ
えいれいせいそう：ギルガメッシュ
えいれいせいそう：クー・フーリン
えいれいせいそう：ケツァル・コアトル
えいれいせいそう：シャーロック・ホームズ
えいれいせいそう：シュヴァリエ・デオン
えいれいせいそう：ジャガーマン
えいれいせいそう：ジャンヌ・ダルク
えいれいせいそう：スカサハ
えいれいせいそう：ナイチンゲール
えいれいせいそう：ニトクリス
えいれいせいそう：ネロ・クラウディウス
えいれいせいそう：フランケンシュタイン
えいれいせいそう：ブーディカ
えいれいせいそう：ヘラクレス
えいれいせいそう：ベディヴィエール
えいれいせいそう：マシュ・キリエライト
えいれいせいそう：マリー・アントワネット
えいれいせいそう：メドゥーサ
えいれいせいそう：メフィストフェレス
えいれいせいそう：モードレッド
えいれいせいそう：ランスロット
えいれいせいそう：レオナルド・ダ・ヴィンチ
えいれいせいそう：ロムルス
えいれいせいそう：ヴラド三世
えいれいせいそう：不夜城のアサシン
えいれいせいそう：呪腕のハサン
えいれいせいそう：坂田金時
えいれいせいそう：女王メイヴ
えいれいせいそう：清姫
えいれいせいそう：牛若丸
えいれいまつりそう：あすとらいあ
えいれいまつりそう：あなすたしあ
えいれいまつりそう：あびげいる・うぃりあむず
えいれいまつりそう：あまでうす
えいれいまつりそう：あるじゅな
えいれいまつりそう：あるとりあ・ぺんどらごん
えいれいまつりそう：あれきうす
えいれいまつりそう：あんでるせん
えいれいまつりそう：あんとにお・さりえり
えいれいまつりそう：いばらきどうこ
えいれいまつりそう：えれしゅきがる
えいれいまつりそう：えれな・ぶらっきー
えいれいまつりそう：えんせい
えいれいまつりそう：おかだいぞう
えいれいまつりそう：おさかべひめ
えいれいまつりそう：かつしかほくさい
えいれいまつりそう：ぐびじん
えいれいまつりそう：けつぁる・こあると
えいれいまつりそう：さかもとりょうま
えいれいまつりそう：さんそん
えいれいまつりそう：しこうてい
えいれいまつりそう：しとない
えいれいまつりそう：しゅてんどうじ
えいれいまつりそう：じゃんぬ・だるく
えいれいまつりそう：すかさは＝すかでぃ
えいれいまつりそう：せっしょういんきあら
えいれいまつりそう：でぃるむっど・おでぃな
えいれいまつりそう：ともえごぜん
えいれいまつりそう：なぞのひろいん
えいれいまつりそう：ぱーるゔぁてぃー
えいれいまつりそう：ぶらだまんて
えいれいまつりそう：べでぃゔぃえーる
えいれいまつりそう：ぽーる・ばにやん
えいれいまつりそう：まりー・あんとわねっと
えいれいまつりそう：まるた
えいれいまつりそう：もーどれっど
えいれいまつりそう：らんりょうおう
えいれいまつりそう：れおなるど・だ・ゔぃんち
えいれいまつりそう：ろびんふっど
えいれいりょそう：あすてりおす
えいれいりょそう：あたらんて
えいれいりょそう：あびげいる・うぃりあむず
えいれいりょそう：あまでうす
えいれいりょそう：あるじゅな
えいれいりょそう：あるてら
えいれいりょそう：あるとりあ・ぺんどらごん
えいれいりょそう：あんとにお・さりえり
えいれいりょそう：あーちゃー・いんふぇるの
えいれいりょそう：えれしゅきがる
えいれいりょそう：おけあのすのきゃすたー
えいれいりょそう：おさかべひめ
えいれいりょそう：かつしかほくさい
えいれいりょそう：かるな
えいれいりょそう：かーみら
えいれいりょそう：きよひめ
えいれいりょそう：げんじょうさんぞう
えいれいりょそう：ささきこじろう
えいれいりょそう：さんそん
えいれいりょそう：しゃーろっく・ほーむず
えいれいりょそう：しんじゅくのあさしん
えいれいりょそう：しんめんむさしのかみふじわらはるのぶ
えいれいりょそう：すかさは
えいれいりょそう：すずかごぜん
えいれいりょそう：たまものまえ
えいれいりょそう：だびで
えいれいりょそう：ないちんげーる
えいれいりょそう：なぞのひろいんえっくす
えいれいりょそう：なた
えいれいりょそう：ねろ・くらうでぃうす
えいれいりょそう：ぶりゅんひるで
えいれいりょそう：ぽーる・ばにやん
えいれいりょそう：ましゅ・きりえらいと
えいれいりょそう：まるた
えいれいりょそう：まーりん
えいれいりょそう：みなもとのらいこう
えいれいりょそう：やぎゅうたじまのかみむねのり
えいれいりょそう：れおなるど・だ・ゔぃんち
えがおのしるし
えくすかりばー
えくすとら・えんはんすめんと
えじぷとまじゅつ
えすえーえむろくじゅうろく
えすえーむじー／えすえーえーむろくじゅうろく
えすけーぷ・ぽっど
えたーなる・ろーま
えっちゃん anko 写真集
えっちゃん　あんこ　しゃしんしゅう
えとわーる・おーなめんと
えにす・ぐいとりん
えぬえふえふからあいをこめて
えぬえふえふさーびす
えぬま でぃんぎる
えふじーおー ぶいあーる ましゅ・きりえらいと
えふじーおーふじまるりつかはわからないしーずんすりー
えふじーおーふじまるりつかはわからないしーずんつー
えふじーおーふじまるりつかはわからないしーずんふぉー
えふじーおー・ざ・すてーじ
えまきちょこれーと
えむ・どらいぶ
えめらるど・ふろーと
えらばれしもの
えりくさー
えりざべーと・えゔぉるつぃお
えりざりゅうし
えりにゅすのたいどう
えりーぜらんとこうしきぬい
えるめろいきょうしつ
えるめろい・てぃーたいむ
えれくとろ・うぇでぃんぐ
えれめんたる
えろうイケちょるスーツ
えんくろみあのあんるい
えんげきてきまじんのめらんこりー
えんごしゃげき
えんしょくのせっぷん
えんせいけん
えんちゃんと
えんどれす・えんじょい・さまー！
えんぶぜっそう
えんぷれす・くえすと
えんまていのでっちたち
えーだっしゅ
えーれがんど
おあしすないと
おいこみのびがく
おいてなお
おうきゅうしえん
おうきゅうてあて
おうきゅうはやべん
おうけのたに
おうけのはくば
おうごんえんたくかいてんばん
おうごんじゅかいきこう
おうごんとたいようのしょうぶし
おうごんのかじ
おうごんのしゅくめい
おうごんのつきのみやこ
おうごんのや
おうごんのりんご
おうごんりつ
おうごんりつのはつろ
おうごんりつ（きょう）
おうごんりつ（たい）
おうごんりつ（とみ＆たい）
おうごんりつ（び）
おうごんりつ（へび＆からだ）
おうさかのせき
おうとうのねいろ
おうどうとうは
おうにかえるいぎょう
おうのいぶつ
おうのうたごえ
おうのうつしみ
おうのうま
おうのきかん
おうのしょうばん
おうのみえざるて
おうひのおくりもの
おうひのくびかざり
おうゆうしめすきけん
おうりつけん
おおいなるごうがんへのけいしょう
おおえのおにあばれ
おおえやまはなび
おおえやま・ぼだいきさつ
おおかみはねむらず
おおきなキャンディー
おおきなキャンディーのドロップ獲得数を1個増やす【『妖精双六虫籠遊戯』イベント期間限定】
おおきなキャンディーのドロップ獲得数アップ
おおきなクッキー
おおきなクッキーのドロップ獲得数を1個増やす【『妖精双六虫籠遊戯』イベント期間限定】
おおきなクッキーのドロップ獲得数を2個増やす[最大解放]【『妖精双六虫籠遊戯』イベント期間限定】
おおきなクッキーのドロップ獲得数アップ
おおきなケーキ
おおきなケーキのドロップ獲得数を1個増やす【『妖精双六虫籠遊戯』イベント期間限定】
おおきなケーキのドロップ獲得数を2個増やす[最大解放]【『妖精双六虫籠遊戯』イベント期間限定】
おおきなケーキのドロップ獲得数アップ
おおきなビルの木の下で
おおぶり蛤
おおぶり蛤のドロップ獲得数アップ
おおわにのかご
おかあさんへ
おかえしはきすで
おかしな小屋
おきたさんだいしょうり！
おくと・のーてぃか
おくにじゅうはちばん・いづもあらがみかぶき
おさるさんちょこ
おさるさんチョコ
おしえて！ けんこうのひみつ！
おしえて！ 健康のひみつ！
おしえること、まなぶこと
おしおきチョーカー
おしごとウォレット
おしごとウォレットのドロップ獲得数を1個増やす【『春の終わりに君を待つ』イベント期間限定】
おしごとウォレットのドロップ獲得数アップ
おしごとストラップ
おしごとストラップのドロップ獲得数を1個増やす【『春の終わりに君を待つ』イベント期間限定】
おしごとストラップのドロップ獲得数アップ
おしごとバンド
おしごとバンドのドロップ獲得数を1個増やす【『春の終わりに君を待つ』イベント期間限定】
おしごとバンドのドロップ獲得数アップ
おしまい　～戴冠式～
おしりすのちり
おせち・ぱっけーじ
おそばにまいります、まいりました
おそるべききょうだんまにゅある
おそろいえぷろん
おそろいのこぐま
おそろいエプロン
おぞましきりょうげんのひ
おぞましき燎原の火 A+
おぞましき魔王のチョコ
おたまステッキ
おちゃのっぶ
おてがる銅鏡
おてがる銅鏡のドロップ獲得数アップ
おでんちょこ
おでんチョコ
おとぎ話のパッチワーク
おとこのいじ
おとめたちのごさんかい
おとめのえいゆう
おとめをさらうにしかぜ
おともだちポイント
おどるつばさのように
おにぎり伝来
おににころも
おにのくび
おにのちゃかい
おにのふくちょう
おにのめん
おにむさしのゆいごんじょう
おはだのみかた
おはよう、金星の女神
おぺら・いん・あーけーど
おぺれーしょん・ふぃおな
おぼろうらづきじゅういちしき
おまけ 北の財宝
おまけ 南の財宝
おまけ 夏の魔王と女神
おまけ 悪はさった！
おまけ 最後の財宝
おまけ 東の財宝
おまけ 西の財宝
おまけクエスト9つクリアで開放
おまけシナリオクエスト7つクリアで開放
おまじない
おまじない EX
おむすび・れむなんと
おもい、さんぜにわたり
おもいのはいたつにん
おもかげははるのごとく
おもちゃのぴあの
おもちゃのピアノ
おもちゃの国の招待状
おもてなしりょく
おもてなし力
おもてなし力 A
おもてなし力 B（ケヤキ）
おもてなし力 B（スギ）
おもてなし力 B（ヒノキ）
おもてなし力 EX
おやこのきずな
おやじのりょうり
おやすみヴィイ
おやつ隠しの廊下
おやどさくせい
おりえんてーりんぐ
おるがないざー
おるてんしあ
おるとりあくたー
おるれあんのおとめ
おろちのかしり
おろちの呪 B
おわらぬなつ
おわりなきめぶき
おわりのおおうつけ
おんがくしんのかご（ぎ）
おんせんきゅうそう
おんびのかめん
おんみょうこうさ
おんりょうちょうふく
おーきっどらうんず・えっくす
おーだーちぇんじ
おーどとわれ・ほわいとはにー
おーばーほーる
おーばーろーど
おーばーろーどかい
おーばー・ちゃーじゃー
おーびっと・らでぃあんす・しんぐ
おーるうぇい・ばーん
おーるないと・ふぃーばー
おーる・あうと・あたっく
お供え物の部屋
お化けの森
お台場
お喜びくださいプレシデンテ！
お土産売り場
お大尽の間を復元＆温泉のフリークエストを開放
お姫様の折り紙
お宝を回収
お宝ポイント
お宝マークの廊下
お客様！ 英雄でも特別扱いはできません！
お宿作成 B
お忍びサングラス
お忍びマジムンボーイ
お手伝い 上客歓待
お手伝い 大窓磨き
お手伝い 奉納殿の見回り
お手伝い 女湯掃除
お手伝い 宴会配膳
お手伝い 山菜採り
お手伝い 川魚獲り
お手伝い 庭の手入れ
お手伝い 男湯掃除
お手伝い 道案内
お手伝い 鍼灸サービスアシスタント
お手伝い 雑巾がけ
お揃いの仔グマ
お料理修行Ⅰ 味見のプロにおまかせ
お料理修行Ⅱ 素早く提供オツマミ修行
お料理修行Ⅲ 食材目利きのコツは？
お料理修行Ⅳ ティーンに御評価いただく
お料理修行Ⅴ 本番見立ててリハーサル
お料理修行Ⅵ 盛り付けは芸術的に
お月見 団子集め 上級
お月見 団子集め 中級
お月見 団子集め 初級
お月見 団子集め 女神級
お月見 団子集め 超級
お月見 団子集め上級
お月見 団子集め中級
お月見 団子集め初級
お月見 団子集め女神級
お月見 団子集め超級
お月見 第0話 月下の狩人
お月見 第1話 アントワネットご一行さま
お月見 第1話 クリアで開放
お月見 第1話 特選団子[00FF00]10[-]個で開放
お月見 第1話 特選団子[00FF00]10[-]個獲得で開放
お月見 第2話 クリアで開放
お月見 第2話 海岸線の戦い
お月見 第2話 特選団子[00FF00]40[-]個で開放
お月見 第2話 特選団子[00FF00]40[-]個獲得で開放
お月見 第3話 クリアで開放
お月見 第3話 特選団子[00FF00]100[-]個で開放
お月見 第3話 特選団子[00FF00]100[-]個獲得で開放
お月見 第3話 荒城の月
お月見 第4話 クリアで開放
お月見 第4話 月の女神はお団子の夢を見るか
お月見 第4話 特選団子[00FF00]200[-]個で開放
お月見 第4話 特選団子[00FF00]200[-]個獲得で開放
お正月2026交換券
お気に入りの一枚
お疲れ様でした
お疲れ様です！
お米ゴーレム
お肉。
お肌の味方
お茶ノッブ
お菓子の国 EXTRAⅠ
お菓子の国 EXTRAⅡ
お菓子の国 Rank A
お菓子の国 Rank B
お菓子の国 Rank C
お菓子の国 Rank D
お菓子の国 Rank EX
お菓子の城
お菓子の家
お菓子の家のドロップ獲得数を1個増やす【『ハロウィン・ライジング！』イベント期間限定】
お菓子の家のドロップ獲得数アップ
お菓子の森
お菓子の街
お返しはキスで
かいおうりゅう
かいき
かいけいぜろしきせっけいず
かいしんのかご
かいしんのしゅくふく
かいしんのしんかく
かいしんのへんあい
かいしんのるーん
かいじゅう・べいびー
かいぞくしんし
かいぞくのほまれ
かいたくのおに
かいちゅうどけい＆かえるちょこ
かいていえんせき
かいてんしきひなわじゅう
かいとうのよこくじょう
かいとうらんま
かいどうりゅうせいぐん
かいのあか
かいのとら
かいびゃくのことわり
かいぶつのおうごんけん
かいもの帰り
かいらくしゅぎ
かいりき
かいろせつぞく
かいろせつぞく（いほう）
かうんたー・おふぇんしぶ
かうんと・すとれっち
かえさるしきけーな
かえらずのざくろ
かえらずのじん
かえりみすれば
かえんはくしゃく
かおのないおう
かかおのみ
かかお・はーべすたー
かがやかしきしゃかいじんのあかし
かがやかしきばらのはなたば
かがやきのえすこーと
かがやくいしのように
かがやくかお
かがやくばかりの
かがやくよるのように
かがやけるだいおうかん
かがやけるみずのころも
かがやけるみち
かぎゃくたいしつ
かくごのはちがね
かくされためがみ
かくして紡糸は極点へ誘う
かくして長き贖罪の旅へ
かくせい
かくたす・してぃ
かくて、約束された勝利の剣
かくて勝者は獅子となり敗者は虎となる
かくよくさんれん
かくりよのししゃ
かぐわしい廊下
かけいのじごく
かけぬけるおうごんりつ
かげきよはしなず
かげのふうきいいんちょう
かげろうけん・つるのばかんす きみとみずぎでらんでぶー
かしおぺあのむすめ
かじつのしゅき
かじひゃっぱん
かせいをすくいしやり
かせいをつぐもの
かせきふじんのだいはっけん
かせつすいろん
かせんのしか
かぜよけのかご
かそく・せいれいがんきゅう
かぞくのしょうぞう
かたちのないしま
かたらずのじん
かたられるいちや
かたりて
かちなきたから
かっこいいしんくの（？）ねくたい
かっこいい真紅の（？）ネクタイ
かっこーのすのうえで
かっさいのほむら
かつての夢、これからの夢
かつて天の牡牛を捕縛した逸話のある鎖。
対象の神性が高いほど硬度を増すという。
かつぼうのかりすま
かていのあじ
かなたにむかうものたち
かなたのこうや
かなたのさきには
かなたのひび
かなたへのおもい
かなたへのじゅんれい
かなたよりいただきにいたるもの
かのうせいのひかり
かばら
かふぇ・きゃめろっと
かぷせるさーばんと
かぷせるせいばーどらごん
かぷりしゃす
かぼちゃランタン
かみあそびのにわ
かみうちのめすむち
かみがのるぞう
かみがみのおう
かみがみののこしたあい
かみがみのみけ
かみごろし
かみちごのねがい
かみにはべるもの
かみぬいのくさり
かみのおんちょう
かみのかご
かみのむち
かみのもんはとざされず
かむいゆから
かむらんのたたかい
からくりぎし
からくりげほう・ししふんじん
からくりげんぽう
からくりげんぽう・どんぎゅう
からくりさくせい
からくりそたい・むぼう
からくりようじゅつし
からくりプロテクター
からくりプロテクターのドロップ獲得数を1個増やす【『風雲からくりイリヤ城』イベント期間限定】
からくりプロテクターのドロップ獲得数アップ
からくりヘルメット
からくりヘルメットのドロップ獲得数を1個増やす【『風雲からくりイリヤ城』イベント期間限定】
からくりヘルメットのドロップ獲得数アップ
からくり妖術師
からくり水鉄砲
からくり水鉄砲のドロップ獲得数を1個増やす【『風雲からくりイリヤ城』イベント期間限定】
からくり水鉄砲のドロップ獲得数アップ
からくり義肢
からだなきもの
かりうどのほんりょう
かりすま
かりゅうどのゆめ
かりゅどーんがり
かりゅどーんのけがわ
かりょくしえん（ほう）
かるであげーむざんまい
かるであげーむざんまい　あるとりあさんとあそぼう
かるであでか
かるであのおとこ
かるであのけんがく
かるであのたてとけん
かるであのとくそうはん
かるであふぁいたー
かるであをみちびくおとめ
かるであ・あにばーさりー
かるであ・えーじぇんつ
かるであ・てぃーたいむ
かるであ・でぃなーたいむ
かるであ・ぱすてるめもりー
かるであ・びーちばれー
かるであ・ぷてぃふーる
かるであ・らいふせーばーず
かるであ・らんちたいむ
かるであ草子
かるでにあのしゅくふく（うら）
かるでにあのしゅくふく（おもて）
かるなへのいっし
かれいどさふぁいあ
かれいどるびー
かれいほんぽう
かれきにはなをさかせましょう
かれさんすいちょこれーと
かれのくれたつえ
かれもまたいすかんだるなのだから（ぎ）
かわいたこぶし
かんいにんぎょうし
かんしきがん
かんしゃのしろばら
かんしょうへのふせき
かんしょう・ばくや（けんじゅう）
かんじょうとうけつ
かんじんちょうよみあげ
かんぜんこうぞうたい
かんぜんなるかたち
かんぜんりゅうたい
かんたいへいようちたいにて
かんぺきなるちょっこらーと
かんわきゅうたい
かーまのはい
がいせんのかりすま
がいねんかいりょう
がいねんれいそうEXPかーど：いのおう
がいねんれいそうEXPかーど：くじかねさだ
がいねんれいそうEXPかーど：ぐだぐだうぇるかむ
がいねんれいそうEXPかーど：ぐだぐだめいじいしん
がいねんれいそうEXPかーど：びぃびぃしょっと！
がいねんれいそうEXPかーど：まじかるるびー
がいねんれいそうEXPカード：おきた
がいねんれいそうEXPカード：ノッブ
がきょうのおおふで
がごう・いせいたこ
がごう・りゅうもん
がちりんくよう
がとー・お・しょこら
がむしん
がらす・しんでれら
がりあせんき
がるにえからのよびごえ
がるばにずむ
がれきのせいどう
がんきょう
がんけん
がんけん（どく）
がんぞうせいめい（あしゅ）
がんど
がんりゅうじま
きいろいいえ
きえざるほのお
きおくのだいとしょかん
きかくいちじん
きかんのよろい
きが
きげんだん
きこそうとう
きざまれていたもの
きざむもの
きしおうへのかんげん
きしじょくん
きしだんのちかい
きしとして
きしのきょうじ
きしのぐんりゃく
きしのちかい
きしのぶりゃく
きしはとしゅにてしせず
きしゃのすえ
きしゃのすすめ
きしゅのま
きしゅのま（ご）
きしんのけん
きじゅつのてんし
きじょう
きすま
きずなのちから
きせいばくだんちゅう
きせき
きそくひゃっぱん
きたのさいやく
きたのやなぎ
きつねのよめいり
きつねのよるのゆめ
きどう
きどう（ほろび）
きばとぐあんけん
きひされしさいれいぎょうれつ
きへいたるにんたい
きへいのいただきにたつもの
きぼうのかりすま
きみにおくるとろふぃー
きみに紡ぐ刻の車輪
きみに贈るトロフィー
きみのぼうけん
きみは、見知った人に似て
きみもどらごんせっと
きみをいだく希望の星
きみをおもう、きぬのうた
きゃとるふぃーゆ
きゃりこ・じゃっく
きゃんぷふぁいやー
きゅういじんのよろい
きゅうきゅうせっと
きゅうきょくのびみにいたるまで
きゅうけつ
きゅうさいのかりすま
きゅうさいのひかり
きゅうしゅぎゅうまらおう
きゅうしょそう
きゅうじゅつだんぎ
きゅうせいこうじょ
きゅうせつこんししんくん
きゅうせのこうかいしゃ
きゅうそ
きゅうちのおとも
きゅうちのちえ
きゅうひんのれい
きゅうへいのいただきにたつもの
きゅーと・おらんじぇっと
きょうか
きょうかいしきてづくりくっきー
きょうかいにて
きょうかいねこぼうし
きょうかいをみる
きょうか（さび）
きょうき
きょうこうのこえ
きょうこうよびおこせしまてき
きょうこうろんぎ
きょうごく
きょうしゅうのはくろう
きょうじゅたちのらんちたいむ
きょうせんしのいただきにたつもの
きょうちょうのもうしご
きょうてんどうち
きょうどうせいさくちゅう！
きょうらんどとう
きょうらんどとう・あくりょうさふ
きょえいのちりふうかきごおり
きょかいじゅうりん
きょくせいよみちをしめせ
きょくだいえんかい・りょうざんぱく
きょくち
きょくちゅうはっと
きょくほくじょおうのつえ
きょじゅうがり
きょじゅうらいこう
きょじんのあなぐらのもんしょう
きょすうのかばん
きょすうびじゅつ
きょすうびじゅつ（りったい）
きょすうまじゅつ
きょすうらしんばん
きょんしーあたっく
きょんしーによくきくちょこもち
きよしこのあお
きらきらへいあんじょし
きらぼしのもんしょう
きらめきポイント
きらめきポイント100,000以上
＆2月15日18時00分以降に開放
きらめきポイント200,000以上
＆2月16日18時00分以降に開放
きらめきポイント25,000以上
＆2月13日18時00分以降に開放
きらめきポイント310,000以上
＆2月17日18時00分以降に開放
きらめきポイント60,000以上
＆2月14日18時00分以降に開放
きらめきポイントのドロップ獲得量を10%増やす【『小野小町古今抄』イベント期間限定】
きらめきポイントのドロップ獲得量を30%増やす【『小野小町古今抄』イベント期間限定】
きらめきポイントのドロップ獲得量を60%増やす[最大解放]【『小野小町古今抄』イベント期間限定】
きらめきポイント獲得量アップ
きらめき探索絵巻『かぐわしの喝采の華』
きらめき探索絵巻『ウサギの仮面』
きらめき探索絵巻『ラヴとナイフ』
きらめき探索絵巻『人理に残る妖女になったわ』
きらめき探索絵巻『疾風大名』
きらめき探索絵巻『神様してます』
きらめき探索絵巻『私の幸せな日常』
きらめき探索絵巻『花より愉悦』
きらめき探索絵巻『誠耀く』
きらめき探索絵巻『錬金術師が恋をテーマに研究してみた』
きら星の紋章 EX
きりのじょうけい
きりよのさつじん
きりよのろんどん
きるけーのおしえ
きんがんしんおう
きんきのしょ
きんきゅうかいひ
きんきゅうそうたい
きんきんにこおったすぽどり
きんぐえりざちょこ
きんぐだむ・おぶ・ゆあーず
きんぐめいかーのつえ
きんぐ・じょーかー・じゃっく
きんじょうてんか
ぎこう
ぎしんてんせい
ぎしんのしょ
ぎそうこうさく
ぎまん
ぎみっく・ますたー
ぎゃっきょうのカリスマ
ぎゃっこう
ぎょくざさくせい
ぎょくずいちょこ
ぎょっこうたまわりました！
ぎりょう、しんいきにたっする
ぎるがめっしゅいんにゅーよーく
ぎんがでんれい
ぎんがりゅうせいけん
ぎんがりゅうせいけんぜっくす
ぎんけんのみこ
ぎんけんのろざりお
ぎんせつのめがみたち
ぎんのすずがごとき
くぃりぬすのぎょくざ
くいっくどろう
くいーんず・ぼやーじゅ
くいーん・きらー
くいーん・きーぱー
くうかんほぞん
くうぜんぜつご
くうちゅうていえんのじょてい
くうのほとけ
くうはくのおとこ
くぉんたむ・あーまー
くおんのかがみ
くさんとす
くしざしこうのがいせん
くずりゅうのらいか
くちよせ・いぶきだいみょうじんえんぎ
くつした集め こな雪級 クリスマスオブラウンド
くつした集め ぼたん雪級 逆襲のクリスマス
くつした集め わた雪級 英雄王のクリスマス
くつした集め 上級 みこみこクリスマス
くつした集め 上級 わんぱくクリスマス
くつした集め 中級 微笑むクリスマス
くつした集め 中級 魔女のクリスマス会
くつした集め 初級 クリスマスライブ
くつした集め 初級 夢見るクリスマス
くつした集め 聖夜級 大人でもクリスマス
くつした集め 超級 ぎりぎりクリスマス
くつした集め 超級 クリスマスの計
くどくのごほうし
くなのじゅほう
くびきりバニー2016
くびとりおきなのしんざんけん
くもいとのはて
くらいたかきおとめのあい
くらいだかきおとめのきょうじ
くらいむ・ばれえ
くらいもりのやさしいあめ
くらうんあんどおーぎゅすと
くらきにわのせんてい
くらくらする廊下
くらくらたんのうせっと
くらくらのぜん
くらくらの膳 A
くらくらポイント
くらくら堪能セット
くらまのもうしご
くらまやまめいさん・やつでまんじゅう
くらんのもうけん
くりすたる・おぶ・うぃずだむ
くりすますくっきんぐ
くりすますさっぽう
くりすますのきせき
くりすます・さばいばー
くりゅーさーおーる
くるいざきのおう
くるーじんぐでーと
くれよんちょことおえかき
くれるもんのいさおし
くろいたいよう
くろいろのへやのひみつ
くろきいのち
くろきしくん
くろきしのかぶと
くろきしんとのれいいん
くろきまがたま
くろきやいば
くろすびっきのまほうひめとかいぶつ
くろのかぶと
くろのせいはい
くろひめものがたり・かみながし
くーる・すけーてぃんぐ
ぐおうのさろう
ぐこうのかご
ぐだお
ぐだぐだかしんぱわー
ぐだぐだかろうぱわー
ぐだぐだかんばんむすめ
ぐだぐだしんせんぐみ
ぐだぐだてんまおう×３
ぐだぐだとさどうめい
ぐだぐだまじんさん
ぐだぐだまじん戦争
ぐだぐだキ神計画
ぐだぐだパビリオンクエスト1
ぐだぐだパビリオンクエスト1クリアで開放
ぐだぐだパビリオンクエスト2
ぐだぐだファイナル本能寺：
マップテーマ
ぐだぐだ家老パワー
ぐだぐだ家老パワー A
ぐだぐだ家臣パワー
ぐだぐだ家臣パワー A
ぐだぐだ家臣パワー B
ぐだぐだ家臣パワー EX
ぐだぐだ帝都聖杯奇譚
～極東魔戦線1945～
ぐだぐだ帝都聖杯奇譚：
マップテーマ
ぐだぐだ掃討戦 勇士級
ぐだぐだ掃討戦 大名級
ぐだぐだ掃討戦 大将級
ぐだぐだ掃討戦 文明開化級
ぐだぐだ掃討戦 旗本級
ぐだぐだ掃討戦 書生級
ぐだぐだ掃討戦 浪士級
ぐだぐだ掃討戦 烈士級
ぐだぐだ掃討戦 番頭級
ぐだぐだ掃討戦 組頭級
ぐだぐだ掃討戦 足軽級
ぐだぐだ掃討戦 門生級
ぐだぐだ掃討戦 隊士級
ぐだぐだ新選組
ぐだぐだ新選組・ジ・エンド
ぐだぐだ明治維新
ぐだぐだ本能寺 最終幕 クリアで開放
ぐだぐだ本能寺 第ー幕 クリアで開放
ぐだぐだ本能寺 第三幕 クリアで開放
ぐだぐだ本能寺 第二幕 クリアで開放
ぐだぐだ本能寺 第四幕 クリアで開放
ぐだぐだ温泉物語
ぐだぐだ激走パワー
ぐだぐだ激走パワー A
ぐだぐだ激走パワー B
ぐだぐだ激走パワー EX
ぐだぐだ看板娘
ぐだぐだ茶器集め 上級
ぐだぐだ茶器集め 中級
ぐだぐだ茶器集め 初級
ぐだぐだ茶器集め 地獄変 ～叫喚地獄～
ぐだぐだ茶器集め 地獄変 ～大叫喚地獄～
ぐだぐだ茶器集め 地獄変 ～大焦熱地獄～
ぐだぐだ茶器集め 地獄変 ～無間地獄～
ぐだぐだ茶器集め 地獄変 ～焦熱地獄～
ぐだぐだ茶器集め 地獄変 ～等活地獄～
ぐだぐだ茶器集め 地獄変 ～衆合地獄～
ぐだぐだ茶器集め 地獄変 ～黒縄地獄～
ぐだぐだ邪馬台国：
マップテーマ
ぐっさまにんぎょう
ぐっ様人形
ぐらっぷらーまるた
ぐらんだるめ
ぐらんど・ぎゃざりんぐ
ぐらん・かゔぁっろ
ぐりんがれっと
ぐりーでぃー・だいす
ぐれいてすと・じゃーにー
ぐれいまるきん
ぐれんなりかげのくに
ぐれーすのーと
ぐれーと・まざー
ぐろうあっぷ・めにゅー！
ぐわーりやるのていこう
ぐんぐん肥料
ぐんぐん肥料のドロップ獲得数を1個増やす【『カルデアン・フロラリア』イベント期間限定】
ぐんぐん肥料のドロップ獲得数アップ
ぐんしのしき
ぐんしのちゅうげん
ぐんしのほんかい
ぐんしん
ぐんしんほうこう
ぐんゆうかっきょ
ぐんようりょうしょく（かんづめ）
ぐんりゃく
けいこくのしんぴ
けいこくのちょうき
けいじ
けいじのちょっかん
けいやくてんし
けいやくのはこ
けがれししのかめん
けがれのゆびさき
けがわのかたかけ
けずりぐし
けだものだった頃
けっせんきょうか
けっちおうのきょうじ
けつみゃくれいき
けはいかんち
けはいしゃだん
けはいしゃだん(いん)
けはいしゃだん(へび)
けはいしゃだん（Ｊ）
けはいじゅんのう
けものごろし
けもののけんのう
けもののすうじ
けるべろすちょこ
けれど私は、炎でありたい
けんおうのほうが
けんきょう
けんきょう(きわみ)
けんこんけん
けんしのいただきにたつもの
けんしんのかくご
けんじゃのいし
けんじゃのたる
けんじゅつむそう・けんぜんいちにょ
けんせせつびしょうねんろく
けんてきひっさつ
けんにいのりをいのちにねがいを
けんにんのろうきょう
けんのがいせん
けんはすこしだけおきざりにして
けんばつどちょう
けんぶはあざやかに
けんらんのかいぞくき
けんらんまかいにちりんじょう
けーえむあーるさんぜん－えむえいち
げいしょううい ひよくれんり
げいじゅつしんび
げいじゅつしんび（さ）
げかしゅじゅつ
げきからまーぼーどうふ
げきけんきょうしょうなることはやぶさのごとし
げきじょうのさざなみ
げきりゅうのねぐら
げさくざんまい
げっかしょうよう／にちりんごすい
げっかのよんひき
げっけいじゅのゆびわ
げつれいずいえき
げんしじゅじゅつ
げんしへいほう
げんしょのいち
げんしょのひ
げんしょのるーん
げんしょのるーん(せいか)
げんしょのるーん（うみ）
げんしょのるーん（けんし）
げんしょのれぎおん
げんじ、しにそうらえ
げんじのぶれん
げんじものがたり・あおい・もののけ
げんじゅうひょうい
げんじゅつ
げんじゅつ（きそうてんがい）
げんじゅつ（げじゅつ）
げんそうきょうか
げんそうしゅ
げんそうしゅのたべあるき
げんそうのせいじん
げんそうのぷりま
こいしらぬれいじょう
こいするつきのめがみ
こいだんかえんこう
こいにこいしてさめざめとなみだ
こいのうた
こいのついせきしゃ
こいびとたちのせいがいふ
こううのけん
こううんのいとつむぎ
こうかい
こうかいのしゅごしゃ
こうがりゅう
こうがんのびしょうねん
こうがんのびしょうねん（いかずち）
こうき
こうきなるつぼちょこ
こうきゅうかれーぱん
こうきゅうのかりすま（なつ）
こうきゅうわがし
こうきんのにわし
こうぎょくのしょ
こうけつなるほことたて
こうけのがいとう
こうけのきずな
こうしされざるおうけん
こうせきかのロード
こうそくえいしょう
こうそくえいしょう（よう）
こうそくしんごん
こうそくどっきょう
こうていたるさーこーとぷらす
こうていとっけん
こうていとっけん（かっさい）
こうていどうしのぴんいん
こうていどうじゅつ
こうていチョコ
こうてつのけつい
こうてつのけつい（ほのお）
こうはくのちょこ
こうひこはんごかん・てんかばくやほうけん
こうふくのりじぇねれいと
こうりゅうしきらいとにんぐくっきー
こうろほうのゆき
こえたからかにあいをたたえん
こえつどうしゅう
こえんしゃくあいらんどちょこ
こおりのえいちチョコ
こおりのごとし
こかえでばし
こくあのはかもり
こくいんちゅう
こくおういちざ
こくがいめんぼお
こくしのあんしょう
こくしのけん
こくじん
こくみつらしょくけい
こくよう
ここうにてひらめく
ここに
ここに在りし人理の終
ここほれわんわん
ここほれワンワン EX
こころあかきしんかのれいいん
こころきよきたて
こころをこめたちょこれーと（おせっきょうつき）
こころをとめるもの
こごえるふぶき
こじまたけし
こすもりあくたー
こちょこちょアーム
こちょこちょアームを所持で開放
こっとう（むめい）
こてつ・ぶれいど
こなたよりいただきにいたるもの
このだいちのせいれい
このよのいかなるほうせきより
この世ならざる幻馬
この世のいかなる宝石より
この大地の精霊
こはんのてんにょ
こまちでんせつ・かじんはくめい
こまちでんせつ・すがたのいろどり
こまちのめがね
こまのまいおどり
こまんどしゃっふる
こみからいずぷろじぇくと
こみっく・がーる
こむ・あん・さぶりえ
こめのかずだけだきしめて
こゆうけっかい
こるきすのまじょ
これくたー
これなるはふろうふしのれいやくなり、うそですけど
こをおもうはは
こをすくいしえいゆうのいしゆみ
こんかのつめかざり
こんきすたどーる
こんけつ
こんげんせつぞく
こんごうたい
こんじきのさんさほこ
こんにちは、太陽の女神
こんぺいとうのせいのおどり
こんぼうじゅつ
こんぼう（ばーべきゅーあじ）
こんぼう（バーベキュー味）
こーちんぐ
こーどきゃすと
こーど：いーびる
こーど：きゅあー
こーど：ぐりったー
こーど：こーぷす
こーど：にんばす
こーど：ばーすと
こーど：ふぉーかす
こーど：ぶるーと
こーど：ぶれす
こーど：もーたる
こーる・らヴぁ
ごうちん・ゆみはりづき
ごうのめ
ごうもんぎじゅつ
ごおうしょうらい・てんもうかいかい
ごおうだいしんし
ごおうはんてん・じんらいふうれつ
ごがつのかぜ
ごぎょうさん・しゃかにょらいしょう
ごくじょうげんじかしわもち
ごくじょうなまちょこたると
ごくふつうのかれー
ごく普通のカレー
ごこくらいさん
ごしきしんぎゅう
ごじょうおおはしのかいこう
ごじょうしんかん
ごっずほるだー
ごっです・おぶ・うぉー
ごっです・しゅがー
ごひゃくねんのもうしゅう
ごひゃくらかんふだらくとかい
ごほうしょうじょちょこ
ごほうしょうじょ・くずりゅうおうさつ
ごほうつきだんご
ごほうのまつろ
ごほうびはべんきょうのあとで
ごりんのやいば
ごるでぃあすのむすびめ
ごーふぉーいっと
ごーるでん☆せれぶないと
ごーるでんぐらす
ごーるでんずもう～いわばしょ～
ごーるでんべあーごう
ごーるでんりぎょをとらうず
ごーるでん・ごーるど・せっと
ごーるどふぃっしゅ・すくーぴんぐ
ご当地B級グルメフードバトル！
ご機嫌な廊下
ご褒美は勉強の後で
さいえんのゆめ
さいかいのうちゅうへ
さいかりゅういあいじゅうじゅつ
さいこうのにんじん
さいころのせんたく
さいごのかけら
さいごのかたりべ
さいごのたたかい
さいごのぶき
さいしょのおくりもの
さいしんのともしび
さいしんのみこ
さいせつされしきば
さいそくのしょうめい
さいちのしゅくふく
さいていげんのたしなみ
さいはてにのぞむだいおう
さいはてのかご
さいはてのかご（うちゅう）
さいはてのせいぎ
さいはてのとう
さいはてより
さいまつのおくりもの
さいりゅうのみずうみ
さいん・おぶ・すぷりんぐ
さかえゆくぱるみら
さかおつでいう
さかもとたんていじむしょ
さきがけせんせい
さきがけ・いちばんぼし！！
さきぞめにつる
さきぶれのきょうちょう
さくらいろのふうけい
さくらいーたー
さくらのとくせいべんとう
ささくれ鱗道
ささめき短冊
ささめき短冊のドロップ獲得数を1個増やす【『小野小町古今抄』イベント期間限定】
ささめき短冊のドロップ獲得数を2個増やす[最大解放]【『小野小町古今抄』イベント期間限定】
ささめき短冊のドロップ獲得数アップ
ささやかなたのしみを、きみと
ささやかな愉しみを、君と
さしかえまにあいますよ
さずかりのえいゆう
さっかやろうぜ！
さつきのおう
さつりくおうしゅう
さつりくきこう
さつりくぎこう（ひと）
さつりくじゅうだん
さてらいとすてーしょん23-24
さてらいとすてーしょん24-25
さてらいとすてーしょん26
さばいばるきっと
さばきゃんぱー
さばくのよるのかぜ
さばんのざんえい
さぷらい・うぉーたー
さまよえるドン・キホーテたち
さまよえる幽霊船
さまーうぉーず
さまーたいむとらぶるがーる
さまーたいむらばーず
さまーたいむ・こんばっと
さまーたいむ・にきちっち！
さまーたいむ・みすとれす
さまーたいむ・らゔぁーず（えん）
さまーないとぶらっくうぃどう
さまーふぃーるず・ふぉーえばー
さまーふらっぐ
さまー・あーまー
さまー・いんふぇるの
さまー・かたすとろふ
さまー・がるばにずむ
さまー・きゃすと
さまー・すいーぱー！
さまー・すとりーと！
さまー・すぷらっしゅ！
さまー・はけーしょん！
さまー・ばけーしょん（こども）
さまー・ぶれいかー！
さまー・ぶれいく
さまー・みらーじゅ
さまー・りとる
さむらいれむなんと
さめのかりすま
さよなら、冥界の女神
さよならぐだぐだまた逢う日まで
さよならは言わずに
さらば常夏の楽園
さらば邪馬台国また来る日まで
さらば青春の学び舎
されど、復讐には届かず
さんかのほうが
さんがのりょりょく
さんさんにっこう　ひるやすみしゅちにくりん
さんしょくけんび
さんじゅうけっかい
さんじゅうちりょう
さんじゅうわのとり
さんせかいほうろう
さんせっと・じゃむ
さんせっと・びーち
さんぜんたるせいこうのふっけん
さんぜんちょうあいざいいっしん
さんそんのえいようちょこどりんく
さんぞうのおしえ
さんたくろーすのしょうたいじょう
さんたびすた
さんたまりあ・ぼらんて
さんだつのほこ
さんだんうち
さんちゅうのてん
さんでー・でぃなー
さんとうのしし、みつかげのむすめたち
さんばんめのちょこれーと
さんばんめのぷれぜんと
さんびゃくのふんとう
さん・しゃわー
さん・ぼーと
さーびす・げーむす
さーふぃん
さーゔぁんと・ちあ！
ざっくーむのき
ざりちぇ
ざんかのめいきゅう
ざんげのはこ
ざんまいしんか
ざ・すーく
ざ・とれじゃー
し、し、し
しあわせとはぬくいこいぬ
しあわせなはなよめへ
しいんにあらず
しえんじゅじゅつ
しえんのついそう
しえんほうげき
しえんほうげきXEX
しおさい・りふれいん
しおみつたま・しおひるたま
しがれっと・らいおん
しきりなおし
しきりなおし（さいそうてん）
しぎゃくのかりすま
しぎょくのふえ
しくら・うしゅむ
ししのきし
ししんちそう（しらさぎ）
しじょうれいそう・ゔぉーるめん・はいどらぐらむ
しずかな放課後
しずむよるにほほえむ
しせい
しせいのひとはり
しぜんのえいじ
しぜんのしずく
しそうかぎもん
しそんのせんし
しぞこねさのすけ
したあますずめのわさんぼん
しちざいのこくいん
しちざいふよ（たいだ）
しっくする
しっこくのしきぼう
しっついのまじょ
しっぷうどとう
しっぷうのりゃくだつ
しつらくのひつぎ
してんのおう
してんのはい
しどうのじゅうりん
しどくのせきびょう
しなずいちもんじ
しなずのまぐす
しなずのバールー
しにがみ
しにく
しぬひまもない
しのげいじゅつ
しのとうこ
しののめにきらめくむみょうのひかり
しのふち
しばん
しふそうくん
しまいのきずな
しまつけん
しめつがんぼう
しゃいたんのうで
しゃいにんぐよはんなちょこ
しゃいにーとらんぺっと
しゃいにー・ごっです
しゃがみこむ廊下
しゃくだいかんいん・こんごうしょ
しゃくてんりんじざいふざ
しゃくにのさいころ
しゃくねつのほうよう
しゃげき
しゃげき（ＦＰＳ）
しゃこうかいのはな
しゃさつふうさつ
しゃとー・でぃふ
しゃなおうりゅうりたん
しゃにくさい
しゃふうのりかい
しゃふりやーるのおうのねや
しゃーくちぇす・ちょこ
しゃーまにずむ
しゅうえん、されどおもいはつづく
しゅうえんとっけん
しゅうちゅう
しゅうどうきしのたて
しゅうまつのみこ
しゅくせいぱわー
しゅくち
しゅくふくされたこうけい
しゅくふくされぬせいたん
しゅくめいのしんてき
しゅくんのたいけん
しゅこうのつばさ
しゅごきし
しゅごきしれんめい
しゅごきし（せいそう）
しゅごしんじゅう
しゅごちょう
しゅごのけもの
しゅごのせいやく
しゅごようせい
しゅしんのしろおうし
しゅしんのしんかく
しゅしんのちょうあい
しゅしんのほし
しゅせいのかりすま
しゅちこんこん
しゅっこうのじょげん
しゅっぱつしんこう！
しゅつえんぞっこう
しゅらいんめいでん・まーず
しゅんいのけしん
しゅんかんきょうか
しゅんようさんさん
しゅゔぁるつばると・ふぁるけ
しゅゔぃぶじっく（なつ）
しゅヴぃぶじっく・すのー
しょうがいたるだりゅう
しょうがつくらいやすめよ
しょうがつのしんぴ
しょうきそうしつ
しょうきゃくしき ベレト
しょうこつぼたん
しょうさい
しょうしゃのよゆう
しょうじょのいじ
しょうじょのかかおさんてんもり
しょうじょまんがおきにいりせっと
しょうじんりょうり
しょうねんあっかんおう
しょうねんおうののろい
しょうばいはんじょう
しょうめいとはんしょう
しょうりのかわき
しょうりのじょおう
しょうりのへいそう
しょうりへのかくしん
しょうわくせいのりきがく
しょう・たいむ
しょぎょうむじょう・じょうしゃひっすい
しょけいにん
しょこくたきめぐり
しょこのおう
しょこらてぃえ
しょこらようせいこく
しょだんじゅよ
しょちょうのおきにいり
しょはたんすべし
しらの・ど・べるじゅらっく
しらはねのきし
しらび
しらゆりにかがやきを
しるばーばれっと
しるばーぼっくす
しろいかかん
しろいはな
しろいふくのすいへいさん
しろきうつわのれいじゅ
しろきほうこう
しろきほのお
しろきまれいぬ
しろきみごろも
しろばけもの
しろばらのはなよめ
しろばらのひめ
しをまとうもの
しんあいなるきみへ
しんいきのまじゅう
しんえんにてひかりとなれり
しんえんのしんでんきし
しんえんのじゃし
しんえんのらすとりぞーと
しんえんのらぶりゅす
しんかいでんのうらくどせらふ
しんかくてんせい
しんかげりゅう
しんがりのきょうじ
しんがんじょうじゅ
しんがん（ぎ）
しんがん（しん）
しんがん（Ｊ）
しんぎゅらりてぃえふ
しんくのどれす
しんくのゆうしゃでんせつ
しんくのゆうしゃでんせつ・げきじょうばん
しんけんしょうぶ
しんけん・くさなぎのたち
しんげきするしぱーひー
しんこうのいのり
しんこうのかご
しんこうのかご（どく）
しんしてきなあい
しんしょう・ちゅうだんげんすい
しんじたんくしゅつげき
しんじゅくげんれいじけん
しんじゅのちえ
しんじゅのぶぐ
しんじゅのまきたね
しんずるはわがかみのみ
しんせい
しんせつもの
しんせんおにぎり
しんせんぐみ
しんそうにのうちいらず
しんそうのれいじん
しんぞうへいそう
しんたいけっかい
しんたくさねれいです
しんたくのくさり
しんちょくいかがですか
しんてつのたて
しんぴごろし
しんぴのかいたい
しんぴのたてごと
しんぺんきどくしゅ
しんまおうさつ
しんめいかんぱ
しんめいさいけつ
しんめいさいけつ（ぎ）
しんめいななじゅうに
しんらばんしょう
しん・かいさきかん
しん・げんじものがたりえまき
しん・こおりのえいち
しーくれっと・ミッション
しーさいど・らぐじゅありー
しーしーしー・ぱにっしゅめんと
しーとべると
しーにっく・びゅーてぃー
しーはうす・しゃわー
しーぷ・いず・ざ・ごーと
しー・うぁれす・うぁれお
しー・えんじぇる
しー・けー・てぃー
じあい
じぇっとさんだんづき
じぇっとてんねんりしんりゅう
じぇろにもしきもかしん
じがんおんようのにそう
じきとうしゅかいぎ
じこあんじ
じこかいぞう
じこかいぞう（あい）
じこかいぞう（こい）
じこかいぞう（なつ）
じこかいふく(まりょく)
じこしんか
じこへんかく
じこへんよう
じこほぞん
じごくこんぱくと
じごくのぐんりゃく
じつげつ
じどうさいせい
じばくだいばくはつちょこ
じひなきもの
じまんのいっちょう
じむなす・ばれえ
じゃあくきょうてん
じゃいあんとばべっじ
じゃがーのせんし
じゃがー・きっく
じゃがー・ぱんち
じゃくたい（ぐびじん）
じゃしんのしんかく
じゃちのかりすま
じゃっきょうごほかく
じゃんぬふぁんくらぶせっと
じゅうおうはんけつ・つづらのみちゆき
じゅうおうまんぷく・つづらのえんかい
じゅうか
じゅうしん・やたがらす
じゅうせいのごうわん
じゅうとほたるとちょこれーと
じゅうばこようがしここのえめぐり
じゅうめんまいふく・むえいのごとく
じゅうもんじやり
じゅうよんのいし
じゅうりょくそうさ
じゅうをはいけん
じゅえるかっと・すたーず
じゅえる・ぶらいど
じゅがー・ばけーしょん
じゅくりょすべし
じゅじゅつ
じゅじゅつ（うた）
じゅそう・こうひでり
じゅそう・ねこひでり
じゅっぽさついちじん
じゅにくせいれい
じゅはこうすべし
じゅらしっくちょこじゃ
じゅんきょうしゃのたましい
じゅんけつのこーでぃねいと
じゅんぜんたるはかい
じゅんまいだいぎんじょういぶき
じゅんれいのしゅくさい
じゅんれいのしゅくさいいち
じゅんれいのしゅくさいきゅう
じゅんれいのしゅくさいご
じゅんれいのしゅくさいさん
じゅんれいのしゅくさいし
じゅんれいのしゅくさいしち
じゅんれいのしゅくさいじゅう
じゅんれいのしゅくさいじゅういち
じゅんれいのしゅくさいじゅうさん
じゅんれいのしゅくさいじゅうし
じゅんれいのしゅくさいじゅうに
じゅんれいのしゅくさいに
じゅんれいのしゅくさいはち
じゅんれいのしゅくさいろく
じゅんれいのしゅごしゃ
じゅゔぃぶじっく
じゆうなるかかわとる
じゆうなるとうそう
じょいんと・りさいたる
じょうおうのからだ
じょうおうのけいやく
じょうおうのしつけ
じょうおうのはか
じょうか
じょうかかいふく
じょうききかんしゅつりょくじょうしょう
じょうさいのごご
じょうちゃく
じょうねつのえんか
じょうほうまっしょう
じょおうのれいこう
じょけつのいふう
じょさいしょうふく
じょちゅうえいしゅ
じょていのかりすま
じょていへるめっと
じょなんのび
じょふくでんせつ
じるくんにんぎょう
じるクン人形
じんあくのかりすま
じんおうのはい
じんぎはっこう
じんぎはっこうみずまんじゅう
じんこうえいゆう(ぎ)
じんぞうくのいち
じんぞうしし（からくり）
じんたいけんきゅう
じんたいりかい
じんちさくせい
じんちさくせい(りょうざんぱく)
じんちさくせい（いんしゅう）
じんちさくせい（かぐら）
じんちさくせい（たけだ）
じんちさくせい（わび）
じんちしんか（そんらく）
じんつうりき
じんつうりき（じぇいけい）
じんつうりき（すみ）
じんつうりき（なつ）
じんりさてい（こう）
じんりさてい（ぼう）
じんりのさきもり
じんりのと
じんりのもんしょう
じんりほしょうのちょう
すいえいじょうず
すいげつ
すいてんにっこう　あまてらすやのしずいし
すいてんのと
すいよくてんしん
すいれいのいぶき
すいんぐばい
すいーとでびるすろっと
すいーと・くりすたる
すいーと・でいず
すいーと・ふらわー
すいーと・れもん
すいーぱー
すうがくてきしこう
すかいどーむ
すかいぶるー
すぎさりしゆめ
すくすく肥料
すくすく肥料のドロップ獲得数を1個増やす【『カルデアン・フロラリア』イベント期間限定】
すくすく肥料のドロップ獲得数アップ
すけーぷごーと
すけーぷ・ごーと
すこーる・ぱにっく！
すごくべんり
すごく便利
すさぶあらしにゆめみる
すずめのぎょうすい
すずめのやどのおかみさん
すずめもんのつづら
すずめ紋の葛籠
すたんでぃんぐ・ぼいるどえっぐ
すたーらいと・ふぇすと
すたー・おぶ・きゃめろっと
すたー・ぶらすたー
すちーむえれくとりかるちょこ
すてきなおくりもの（さめ）
すでに過ぎし人理の終
すとぅーでぃお・れがーれ・じー
すとらいく・うぇーざー
すとれんじゃー ふぉーくろあ
すとれんじゃー・あまんど
すとーきんぐ
すとーみー・ないと
すないぷどはーと
すなのうみのしんきろう
すなはまらぶれたー（きょうふ）
すのーふぇありー
すのーほわいと・ぷりんせす
すのーぼーる・ふぁいと
すのー・はーと
すばらしきかいばおけ
すぱーくす・るーと
すぱーりんぐ・きゃろる
すふぃんくす・あうらーど
すぷらっしゅれいんぼーなしょうじょ
すべてのみなもとはかず
すべての偽美術館巡りクリアで開放
すべての源は、数
すべての続編バトルクリアで開放
すべての設備を開発し、チョコを15,000,000個製造することで開放
すべての設備を開発し、条件を満たすことで開放
すべては我が槍に通ずる
すべてを
すべてをみたもの
すべてを見たもの EX
すぺーすはんたー
すぺーす・みすとれす
すまいる・ないと
すまほへんけいきのうつきしょうためとも
すまーと・えすこーと
すみす
すむーす・せーりんぐ
すめらぎ琥珀
すもーるさんだーくらんちちょこすてぃっく
すらいどるーる・うぇぽん
すりーぴんぐ・えりざ
すりー・あんぐらー
すりー・いん・ざ・ぶらっく
すわんれいく
すーぱーえーじぇんと
すーぱーどくたー
すーぱーないるふらわーず
すーぱーばにやんみーる
すーぱーぽじてぃぶすとーかー
ずいてんかりゅうすみびやきさーろいん
ずつうもち
ずんがずんが！
せいあつぐんりゃく
せいおとめのかたわらにて
せいおとめのがいせん
せいおんなひととき
せいかのおもいで
せいがいふ（ぎ）
せいきしてい
せいけんさくせい
せいけんそうじゅう
せいけんつかい
せいけんのエピタフ
せいさんかんりしゃ
せいしゃひっちゅう
せいしゅんごうれい
せいしょくしゃのばんさん
せいしるてんのぶ
せいしんおせん
せいしんおせん（きょう）
せいしんおせん（どく）
せいしんかいぞう
せいしんかたどるきゅうえんきょう
せいじゃくのぶとう
せいじゃのおくりもの
せいじゃのこうしん
せいじゃのしょうたい
せいじゃのすうじ
せいじゃのよりしろ
せいじょのきょうじ
せいじょのちかい
せいじょのやすらぎ
せいそうのあるじ
せいぞんけん
せいぞんのねや
せいぞんへのふせき
せいぞん（さんや）
せいなるいずみ
せいなるけんしん
せいなるよるにしゅくふくを
せいはいのかご
せいはいのちょうあい
せいばーおぶせいばーず
せいばーのほし
せいふくおうのせんしゃ
せいぶのはかいそう
せいめいしゅくふく
せいやのうんてんしゃ
せいやのおくりもの
せいやのきょっこう
せいやのけしん
せいやのつばさあるへび
せいやのどくしょ
せいやのばんさん
せいやのほわいとけーき
せいやをになうとなかいぼう
せいりゅうのきゅうせつこん
せいれいのかご
せいれいのきょうそう
せいれいのでし
せいれいのめ
せいれつたるみちゆき
せいれつなるいのりのはてに
せいれむのまじょ
せかいをないほうせしもの
せきえだのこうけい
せきげんりょうへい
せきじつのしんいん
せきらいのきし
せきりゅうのいぶき
せくしーぴんなっぷ
せっしょういんとくじょうおはぎ
せっせいとうそとびたーすいーと
せつげんとつげき
せつげんのえいじ
せつどあるべし（なつ）
せつなのまほろば
せつなむえいけん
せめて、死の刹那までは
せらぴゅーてぃっく・すぱ
せるふ・ぎあす・すくろーる
せるりあんらいど
せんかいうじん
せんかひゃっぱん
せんかんせしゔぁじゅら
せんがん
せんきのあかし
せんけつのゆあみ
せんこう
せんこうのこぶし
せんしのおたけび
せんしのかめん
せんしばんこう・しんぺんきどく
せんしょうのあうぐすた
せんじゅつくたい
せんじょうのかて
せんじょうのなかへ
せんじんのぐんたい
せんせい
せんちのはざまにて
せんちゅうはっさく
せんていのけん
せんていのしき
せんていのもっぷ
せんとうかそく（かげ）
せんとうきどう(うま)
せんとうぞっこう
せんとうてったい
せんどう
せんねんおうごんじゅ
せんのせん
せんぱ……
せんめつりすと
せんゆう
せんらんのあだばな
せんりがん
せんりがん（けもの）
せんりがん（しゃしゅ）
せんりがん（ちょうえつ）
せんりがん（やみ）
せんりしっそう
せんりしっそう(うま)
せんりつのふししゃ
せんりゃく
せんれいえいしょう
せんれいひせき
せーふてぃ・おいる
せーぶ・わいやー
ぜっけん・むきゅういっせん
ぜっけん・むきゅうさんだん
ぜっしょう
ぜったいごううんほうせきけん
ぜったいのだいこうしゃ
ぜっとう
ぜっとうのかりすま
ぜつぎ・はっきどとう
ぜにあらざる
ぜひもないチョコ
ぜひもなし
ぜんしんのちえ
ぜんせんかいふく
ぜんたいかいふく
ぜんたいきょうか
ぜんちなるねんどばん
そうえんのろんど
そうきゅうのぶれん
そうきゅうをこえて
そうぎょくのまほうしょうじょ
そうしせんこうみだらばけいおす
そうしんのしんかく
そうてんすでにしす、こうてんまさにたつべし
そうへいのいただきにたつもの
そうべん
そうめいえいち
そうめつのあまるな
そうわのこころえ
そげきかんきょう
そして、あなたたちは応報を見る
そして、大江山にて
そして、霧の彼方にて
そしてせいけんはかがやく
そしてふねはゆく
そして聖剣は輝く
そして船は征く
そつぎょうのあかしに
そとおりひめ・くものおこない
その10 双子や一人二役の存在は予めフェア…
そのじだいに、もういちど
そのてにひかりを
そのめいみゃくをたつ
その名に勝利を冠する剣。
纏う光には人々の想いが込められているという。
その命脈を絶つ A-
その夏露は硝子のように
その後に続くもの
その心、人に似て
その手に光を B
その手を、君に
その時代に、もう一度 EX
その瞳は逃がさない
その羽化を見よ
その輝きは誰が為に
その魂に安らぎを
その１ 犯人は物語の序盤に登場していなけれ…
その１クリアで開放
その２ 超自然能力な探偵方法を用いてはなら…
その２クリアで開放
その３ 犯行現場に秘密の部屋や通路が二つ以上…
その３クリアで開放
その４ 未知の毒薬や難解な科学的説明を要す…
その４クリアで開放
その５ 不思議な東洋人を物語に登場させては…
その５クリアで開放
その６ 偶然や第六感に頼って事件を解決して…
その６クリアで開放
その７ 探偵役が犯人であってはならない
その７クリアで開放
その８ 読者に提示されていない手がかりを使…
その８クリアで開放
その９ ワトソン役は自分の思考を読者に隠し…
その９クリアで開放
そよめき栞
そよめき栞のドロップ獲得数を1個増やす【『小野小町古今抄』イベント期間限定】
そよめき栞のドロップ獲得数を2個増やす[最大解放]【『小野小町古今抄』イベント期間限定】
そよめき栞のドロップ獲得数アップ
そらとうみの試練
そらわたるてんげんのはな
そらをみちとし
それからも邪悪の話をしよう
それってとってもマハトマね☆
それでも、少女狼は
それは、りょうていっぱいの
それは、両手いっぱいの
それは、生まれ持ったものではなく
それは、迷子じゃなくて
それはいっしゅんのできごと
それはひかりのかたすみで
それは一瞬の出来事
それは光の片隅で
それーゆ
そろもんおうへのみつぎもの
そろもんのゆびわ
そろ・すてーじ
そわそわする廊下
そんざいしょうめい
そんざいのしょうめい
そんらくさくせい
そーるずべりーでもういちど
ぞうお
ぞうちのししょ
たいえいゆう
たいえいゆう（たん）
たいがのきょじゅう
たいけんりょうし
たいさがたじどうにんぎょう
たいさのなつやすみ
たいしんのえいち
たいじゃあく（とくしゅ）
たいじんり
たいせいばーようけっせんへいき
たいせんのざんし
たいどく
たいどく（きみつ）
たいへいようじゅつ
たいぼをせおうもの
たいまじゅつ
たいまじゅつそうこうロケラン
たいまりょく
たいまりょく（れい）
たいまりょく（Ｊ）
たいようからのたまわりもの
たいようしんのかご
たいようしんのせんこう
たいようしんのめ（ぎ）
たいようとのけつべつ
たいようのおとめおおかみ
たいようのかりすま
たいようのはな
たいようのようながれす
たいらんと・べいびー
たいりくのかぜ
たいりくのきぬおりもの
たいりゅうせんとうじゅつ（みずべ）
たいりょうせいさん
たいれいせんとう
たおしえぬもの
たかちほのしろきおろち
たかなしのほうとう
たかのすのらくじつ
たかのまじょのうたげ
たかのめ
たかむらのむすめ
たくみたるしんこん
たけだのほこり
たけどもつきぬ
たけるらいこう
たこたこメイデン
たそがれにかがやく
たそがれのおうせい
たそがれのかぜにふかれて
たそがれのまりゅう
たたかいおわってひがくれて
たたずむ摩天楼
たたーるのやり
ただ、あやめるのみ
ただ、一夏の……
ただあかく
ただいちどのうそ
ただいまにゅうよくちゅう！
ただいま入浴中！
ただのにぎりめし
ただの学生服に見えるが、何者かにより
礼装に相当する神秘が付加されている
ただの握り飯
ただれた廊下
ただ一度の嘘
ただ紅く
たったひとりのせんそう
たった一人の戦争
たった二人の戦争
たてなし
たとえ、それが　　だとしても
たとえ、それが贋物だとしても
たびだちの駅
たびのはじまり
たびのみちびき
たびをもてなす
たまごちょこ
たまごちょこ（ふくすう）
たまごチョコ
たまごチョコ（複数）
たましいぐい
たましいのとうか
たまもくらぶ
たまも倶楽部
たみのえいち
ためしもの
たもりただぢ
たらすこんのせいじょ
たるうぃ
たわむれのつぼみ
たわわな廊下
たんていえどもん～いほうせんにゅうへん～
たんていえどもん～はるさきりょじょうへん～
たんていくりすと～みらいかいこうへん～
たんできのほうかん
たんどくけんげん
たんどくけんげん（てんし）
たんどくこうかい
たんどくこうどう
たんどくこうどううぃずゔぃい
たんどくこうどう（かのぽす）
たんぽぽ隼丸
だいこうしゃ
だいこうしゃ（ゆみ）
だいこうりんれんかんばもうしゅうげき
だいこくてんからのおくりもの（いちょうやく）
だいごせい
だいごもり
だいさんのめ
だいすきなぱんけーき
だいちのしんかく
だいちをのむもの
だいてんしのしんかく
だいとうりょうれい
だいぶ・とぅ・ぶるー
だいまじょのむぎがゆ
だいろくてんまおう
だうじんぐ
だうん・すらいど
だかいへんしょう
だから私は、私として此処で死ぬ
だしんべん
だずりんぐ・むーん
だてんのま
だぶるくらす
だぶるくろす
だぶるさもん
だぶる・すいーと
だらくのじょにん
だれがこまどりをころしたか
だんがんとじゅう
だんしんのちょうあい
だんぜつ
だんぞうのうし
だんのうら・はっそうとび
だ・ヴぃんちちゃん
ちあ・ふぉー・ますたー
ちいさなよるのきょく
ちいさな猫のロンド
ちぇいてのよる
ちぇっくめいと・いんたーせぷたー
ちえのさかな
ちかいのはおり
ちかづきがたいもの
ちからのおにぎり
ちきゅうのおもいで
ちくたくくん
ちしょうのひらめき
ちすすりのじゅうふ
ちせつなぼうりゃく
ちとせのほうおん
ちどりかざりのわがさ
ちにはなを
ちにみちよ
ちぬられたぎんぼん
ちぬれのばんゆう
ちのそこのしんこう
ちひそうれい かせんそう
ちびっこ王国の冒険
ちびのぶ
ちびらーさぬ・ハベトロット
ちびノブ
ちまみれのあくま
ちまみれのおうじ
ちまみれのくびかざり
ちゃんぴおんかっぷ
ちゅうけんまったなし
ちゅうこんぎたんのしんずい
ちゅうごくけんぽう
ちゅうごくぶじゅつ(はっきょくけん)
ちゅうごくぶじゅつ（ろくごうたいそう）
ちゅうしのそう
ちゅんちゅん亭
ちゆのたてごと
ちょうきのこうしん
ちょうきゅういしん・きへいたい
ちょうせいおう
ちょうぞうのおとめ
ちょうほう
ちょうぼうぜっか、しんいんひょうびょう
ちょうり（きのこ）
ちょくしのまがん
ちょくりゅうしきぐれいとふるくっきー
ちょこしきみにごーれむ
ちょこのかぎ
ちょこみんとくーるばれっと
ちょこれいとどらいばー
ちょこれーと
ちょこれーとかけるろくじゅうさん
ちょこれーとのはなぞの
ちょこ・えんぜる
ちょこ・ばれっと
ちょこ・ぱいなっぷる
ちょこ・みさいる
ちょこ・らふてぃんぐ
ちょこ庵
ちょっかん
ちょっかん（めいきゅう）
ちょっと湖畔へ
ちょっと焦げたクロワッサン
ちょとつもうしんちょこ
ちよがみそうほう
ちよがみだいたいちょう
ちよこちよこたこかいな
ちよこちよこ蛸かいな
ちよこちよこ蛸ねつけ
ちをすするおの
ちんせつゆみはりづき
ちんぜいはちろう
ちんちゃくれいせい
ちーあず・とぅ・2017
ちーむ ふぇにっくす
ついんている
つういんするもの
つうかくきょうゆう
つうかくざんりゅう
つかいま（はと）
つきとらぶりゅす
つきにほえる
つきのうさぎ
つきのうみのせいとかい
つきのさなぎ
つきのしょうりしゃ
つきのだんぺん
つきのとうじ
つきのみやこ
つきのれがりあ
つきへのいてんとどけ
つきめがみのみこ
つきめがみのもくよく
つきよのまじょ
つきよりだんご
つくみはらがくえんのおう
つくみはらせいとかいのかいけい
つちのみ
つつましきぶた
つばめがえし
つばめのはやわざ
つまからのれいじょう
つまらないものですが
つみかさねたじかんのけっしょう
つみなるかな。とがなるかな。あくなるかな
つみのつるぎ
つむかりむらまさ
つややかな廊下
つややかな部屋
つよつよドラゴンハート
つりびときたる
つるぎをくわに
つるとここあとひなぬいと
つるのちぎりおもいはとこしえ
つわものどもが、夢の跡
つーはん
ていしゅくのびとく
ていすとおぶうぃっしゅ
ていとせいはいせんそう
ていろそうぎ
てかてかした廊下
てかてかした部屋
てかてかばらずし
てかてかばらずしのドロップ獲得数を1個増やす【『ぐだぐだ新選組・ジ・エンド』イベント期間限定】
てかてかばらずしのドロップ獲得数アップ
てがらはあしにあり
てすらこいる
てずくりクッキーとぶったいX
てっかんのんちゃ（？）
てつのせんしん
てづくりあいじょうちょこ
てづくりいくちおちょこ
てづくりつたんごはん
てづくりともちょこ
てづくりらいすぼーる
てにいれることあたわず
てのひらにあるともしび
てるめーのかがやき
てんいせい
てんいせい（なつ）
てんいむほう
てんいむほうのむしゃ
てんいむほう・つるのえにしなみだのわかれ
てんいんのらくいん
てんかばんせいのけん
てんかふぶ
てんがん
てんきあめ
てんきひめ
てんくうしんのちょうあい
てんぐなりきりせっと
てんぐのはうちわ
てんぐのはうちわ・あからしまかぜ
てんぐのひょうほう
てんぐのゆうほう
てんけい
てんけつののろい
てんこうしょうぐん
てんこうせい
てんしがせいやにならすかね
てんしのあんさつ
てんしのうた
てんしのさけび
てんしのしらべ
てんしのつるぎ
てんしのにくたい
てんしのべっど
てんしょうのいし
てんしんかしょうざんまい
てんせいのにくたい
てんせいのにくたい（うみ）
てんせいのにくたい（からだ）
てんせいのほしょくしゃ
てんせいのま
てんたいきどうちょうせい
てんていのきひ
てんにほしを
てんねんのしたい
てんねんのにくたい
てんねんりしんりゅう(きわみ)
てんのおんなしゅじん
てんのくさび
てんのくさり
てんのけいじ
てんのころも
てんのさかずき
てんのさかづき
てんのしゃりん
てんのはいざい（あんさつ）
てんのばんさん
てんびせいのはおり
てんびんのまもり
てんぶのえいち
てんぶのけんしき
てんまごうがん
てんまのはるしゅぎょう
てんめいのねんどばん
てんりんじょうおう
てーばいのいずみにて
であいの交差点
でぃあとれこーん・あすてーる・ろんけーい
でぃっせんばーとぅえんてぃーさーど
でぃーえいちえー
でい・あふたー
でい・あんど・ないと
でい・おふ・ますたー
できるかな？
でざーとめいでん
でたらめしょー・ぷらんにんぐ
でたらめぷらんにんぐ
でたらめショー・プランニング A
でたらめプランニング D+
でっどかうんと・しぇいぷしふたー
でっぱつかつどうしゃしんかん
ではまた、一から
でびるず・しゅがー
でゅある・ばーにんぐ
でりばりー・ひーりんぐ
でんしょうぼうぎょ
でんじしゃみせん
でんじゃらす・びーすと
でんせつとじじつ
でんせつのおーぶちょこ
でんせつのオーブチョコ
でんれいしんのかご
とあるしんぷのばんさんかい
とあるやまでのできごと
とあるマスターの令印。
その身に宿した体術、その源流を模している。
とあるマスターの令印。
人々の願いによって生まれた少女が着用した制服を模している。
とあるマスターの令印。
定命を持つ者たちへの羨望と憎悪の炎を模している。
とあるマスターの令印。
小さな器を模している。
とあるマスターの令印。
彼が仕えた偉大な王の外套を模している。
とあるマスターの令印。
数多の思惑に翻弄され懊悩する男の情念を模している。
とあるマスターの令印。
春を象徴する花を模している。
とあるマスターの令印。
遠い月の海で懸命に走り続けた、ある人間の英霊との繋がり。
とあるマスターの令印。
魔力を込めた宝石を模している。
とある並行世界にあるという、
ある学園の制服を模した魔術礼装
とある並行世界にあるという、
ある学園の旧制服を模した魔術礼装
とある休憩時間のおはなし
とある山での出来事
とある海での出来事
とある神父の晩餐会
とい・げーと
とぅりふぁすにて
とぅーす・ふぃっしんぐ
とうえいまじゅつ
とうか
とうきせいそうたいさくそうび
とうけんしんび
とうしのまがん
とうせいふうぞうとうかし
とうそう
とうそうのかりすま
とうそうのはじまりとおわりをつげるちょこ
とうぞくだは
とうだいふきつ
とうてき（たんとう）
とうてき／かいしゅう
とうはちびしゃもんてん
とうひのはじまり
とうほうのじょおう
とうほうぶぎ
とおいほしのあたしへ
ときにけむるはくあのかべ
ときのおわり
ときのこえ・りょうざんぱく
ときめきあいあんうぃっぷ
ときめきアイアンウィップ
ときめき書筆
ときめき書筆のドロップ獲得数を1個増やす【『小野小町古今抄』イベント期間限定】
ときめき書筆のドロップ獲得数を2個増やす[最大解放]【『小野小町古今抄』イベント期間限定】
ときめき書筆のドロップ獲得数アップ
とくせいおだんご
とけいとう
とけいとうのきほう
とげとげ鱗道
とげのはえたちょこかたまり
とこなつにっこう・ひよけがさちょうあいいっしん
ところでちびノブの声……！？
としかいぞう
としこっかどうめい
としょかんのかぎとらしんばん
とじるはげんじつのとばり
とっくんさぽーたー
とつぜんの呼び出し
とてもたいせつなおくりもの
とても大切な贈り物
とどめおかましやまとだましい
となかい・どらいぶ
とねりこのき
とみをはこぶもの
とみー・さむのひみつのえほん
ともからのてがみ
ともとゆくはるかなるうみじ
ともにあゆもう、われらのくにを
とらい・ざ・ぱんち
とらがりぎょうじゃ
とらじぇくとりー・おぶ・ふぇいと
とらっしゅ＆くらっしゅ
とらべりんぐだいさーかす！
とりしゅーらちょこ
とりとんぎふとかーど
とりにてぃ・めたとろんちょこ
とれじゃーはんたー
とれじゃーはんと（うみ）
とれじゃー・ちぇっかー
とろいあのしゅごしゃ
とろいのもくば（てのひらさいず）
とろける廊下
とろける部屋
とわいらいと・めでぃてーしょん
とわいらいと・めもりー
とんちゃん
とんでもないものを盗んでいくためのチョコ
どうぐさくせい
どうぐさくせい（からくり）
どうぐさくせい（ぎ）
どうぐさくせい（じゅう）
どうけのおおわらい
どうこうじゅうしゃ
どうこくがいそう
どうしようもなく奇跡的な
どうじきりやすつな
どうじぎりやすつな
どうじのやり
どうじゅつ
どうじゅつ（げ）
どうじゅつ（にんぎょうそうさ）
どうじょうじかねひゃくはちしきかりゅうなぎ
どうぞくけんお
どうちょう
どうでもよかったもの
どうぶつかいわ
どうまんののろい
どくじまじゅつ
どくじゃいちげい
どくのしょくせん
どくのやいば
どくやくちょうごう
どっぺるげんがー
どのガッツ効果を得るか選択してください
どの効果を得るか選択してください
どみな・ころなむ
どみねいたー・きゃっぷ
どみねいたー・ふぉっくす
どらごんとれっきんぐ
どらごんはーと
どらごん・だんす
どるいどのつえ
どるせんと・しょっぷ
どろどろの廊下
どろどろの部屋
どろめうす・こめーてーす
どんぐりちょこ
どんぐりチョコ
どんよくなるおうごん
ないしょの待ち合わせ
ないつ・おぶ・まりーんず
ないとぷーる・すらいだー
ないるのめぐみ
ないんらいぶず・ろーま
なかよしゴルゴン三姉妹
ながきたびじへのいのり
ながれぼしちあがーる
なぎさとせいしゅんのまぼろし
なぎさのだいろくてんまおう
なげきのくいぞの
なげきのはは
なごり雪の谷
なし
なぜ貴女は盾を持ったのか
なぞのかめん
なぞのかめんぐん
なぞのねこじー
なぞのぶっしつあるふぁ
なぞのぶっしつがんま
なぞのぶっしつべーた
なぞのほっとここあ
なだめのかおり
なだめの香り
なつかしのあんぶれら
なつとじぶんにうそはつけない
なつのあめ
なつのえんまてい
なつのおもいで
なつのごくそつ
なつのしゅっちょうしゃ
なつのしょうにんよっきゅう
なつのじゅにくせいれい
なつのなごりに、いのりをあむ
なつのみらいし
なつのようせい
なつのよにさくはな
なつのよのゆめ
なつのよふけにわれおもう
なつのわがあいば
なつもりじょうど・こうりんていえん
なつをかける
ななつのおか
ななつのかんむり
ななつのじゅうかん
ななつのべーるのおどり
ななとうのせんついした
ななふしぎ調査
なにものかのほうけん
なまえのないし
なまなましい廊下
なまなま八ツ橋
なまなま八ツ橋のドロップ獲得数を1個増やす【『ぐだぐだ新選組・ジ・エンド』イベント期間限定】
なまなま八ツ橋のドロップ獲得数アップ
なみだのばれんたいんどうじょう
なむはちまんだいぼさつ・このやにかごを
なもしれぬきねんぎんか
なもなきへいし
なんかいのだいけっせん
なんかいのはなのいしょう
なんごくのしゅごしんじゅう
なんそうさとみはっけんでん
なんだろう？
なんてんのほし
なんでぃーちょこ（１／１スケール）
なんのへんてつもないちょこ
なーがのがどく
にあうぼうし
におうだち
にかいがさ
にがいきおく
にくにくしい廊下
にしきのひめ
にしんさんきゃく
にじのあめざいく
にじのうみのおうごんげきじょう
にじのまがん
にじゅうそんざいしゃ
にせんにじゅうさんねんの
にせんにじゅうさんねんのホーリーラン
にちりんしるこ
にちりんのしろ
にちりんのちょうき
にてんいちりゅうのおんな
にてんどうらくのかたな
にのうちいらず
にまんりをゆくおうむがい
にゃんにゃんちょこ（かり）
にゃんにゃんチョコ（仮）
にゃーふ！
にゅーいやー・ぐりーてぃんぐ
にゅーおくにかぶき
にゅー・びぎにんぐ
にょらいのかご
にんぎょうかぐら
にんぎょうしのきゅうそく
にんぎょのにく
にんぎょひめのあい
にんげんかんさつ
にんげんへのどうてい
にんげんまりょくこうじょう
にんげんむこつ
にんじゅつ
にーにゃごう
にーまるさんごーしつのえんそうかい
ぬめぬめした廊下
ぬめぬめした部屋
ぬるぬるの廊下
ぬんのすがったいちょこ
ねえ、この森から帰れなくなくない？
ねがいごと
ねがいのさき
ねが・さもん
ねが・すぺーす
ねが・せいゔぁー
ねが・せるふ
ねが・めさいや
ねくたーる・ぼんぼん
ねぐら
ねこえぷろん
ねここ・ねここらいと
ねじれ穴
ねずみじょうど
ねずみじょうどのじゅうにんたち
ねっけつのあんこーる
ねっさのおうどう
ねっさのかたらい
ねっさのしんおう
ねのくに
ねばーぎぶあっぷ
ねびゅらすいーと
ねむれるもりのせんし
ねらい、かまえて、うつ
ねゔぁーらんど
ねーむれす・せいんと
のこせるもの
のぞきたくなる廊下
のぞきたくなる部屋
のっとはーと・ちょこれーと
のどかな丘
のどかな川
のにさくはな
のびのび肥料
のびのび肥料のドロップ獲得数を1個増やす【『カルデアン・フロラリア』イベント期間限定】
のびのび肥料のドロップ獲得数アップ
のぶせんぐみ
のぶながたくてぃくす
はいさい！ 八郎ひとり旅
はいとともに
はいどん・せっと
はい・さーゔぁんと
はい・ぷれっしゃー！
はい・りろーでっど
はうとぅらいふ
はえいのせんこうしゃ
はおうのきざし
はおうのひめ
はおうのぶ
はかい
はかいこうさく
はかいするほし
はかいとそうぞうのつるはし
はかなきしまい
はかなくこいにとける
はかもりのたから
はがねのかんご
はがねのかんご（せいや）
はがねのしんこう
はがねのたんれん
はきゃくせんげん
はぎあ・そふぃあのいのり
はぎのたば
はくしのかんじんちょう
はくしのかんじんちょう（べんけいさいんつき）
はくしのきょうてん（きのしょう）
はくちょうのじん
はくちょうれいそう
はくちょうれいそう（なつ）
はくとうだいしょう
はくりゅう
はくろじょうのひゃっきはちてんどうさま
はくろじょう・せんしきミリミリナイトフィーバー
はこにわのおさなきひめ
はじまり
はじまりとおわりのけん
はじまりのじかん
はじまりのよかん
はじまりの時間
はじめちゃんグラス
はじめてのかれー
はじめてのばれいんたいん
はじめてのバレンタイン
はじゅんへんじょう・さんぜんだいせんてんまおう
はすのみのちぇーあんどわたすきのなかったちょこ
はたらきもののこびとたち
はちきれんばかりの廊下
はちきれんばかりの部屋
はちどりはひみつのへや
はちみゃくどとう
はちようのかがみ
はてんのきりんじ
はとうとさざなみ
はとうのけもの
はとうをこえて
はながすみ
はなさかじいさんのえんがわ
はなさかポイント
はなさかポイント100,000以上
＆1月26日18時00分以降に開放
はなさかポイント160,000以上
＆1月27日18時00分以降に開放
はなさかポイント25,000以上
＆1月24日18時00分以降に開放
はなさかポイント310,000以上
＆1月28日18時00分以降に開放
はなさかポイント34,000以上で開放
はなさかポイント340,000以上で開放
はなさかポイント460,000以上
＆1月29日18時00分以降に開放
はなさかポイント530,000以上で開放
はなさかポイント60,000以上
＆1月25日18時00分以降に開放
はなさかポイント620,000以上で開放
はなさかポイント7,000以上で開放
はなさかポイント71,000以上で開放
はなさかポイント740,000以上で開放
はなさかポイントのドロップ獲得量を30%増やす【『カルデアン・フロラリア』イベント期間限定】
はなさかポイント獲得量アップ
はなさけるゆきにとうとし
はなぞのさくせい
はなぞののしょうじょ
はなちるとき
はなのかいせつしゃ
はなのさきがけ
はなのしんかく
はなのたびじ
はなのふなで
はなのふるみち
はなのまじゅつし
はなのや
はなよめのしゅごしゃ
はなよりだんご
はなれ
はなれ島
はにかむ廊下
はぬまーん・はうりんぐ
ははなるしんぞう
ははのおもいで
ははのけんのう(ほうじょう)
ははをもとめるやいば
はまきとわいん
はまぐりごでん
はめつのなんだい
はやがわり
はやぬいのいとつむぎ
はや辿り着けぬ理想郷
はよせな
はらがへってはいくさができぬ
はるうらら
はるかぜゆうほどう
はるとおからじ
はるにあう
はるにさく
はるのこどう
はるのそのへ
はるのなかへ
はるのにしかぜ
はるまつきみと
はるをみる
はれのあけぼの
はろうぃんはっと
はろうぃんへのしょうたい
はろうぃん・あんこーる！
はろうぃん・すたー
はろー！あーくてぃっく
はんえい
はんぎゃくせよ
はんぎゃくへのだいいっぽ
はんこつのそう
はんてぃんぐ
はんにゃとうぼんぼん
はんのうきょうか
はんらんのかりすま
はーとちょこ・びたーびたーびたー
はーとぶれいく
はーどぱんちゃー
はーふむーん：あーす
ばいおれんす・ばいおりん・ぼるてーじ
ばいぶれんと・からー
ばすてにゃんえっくすごう
ばぜなん式バレンタイン用甘味
ばっとうじざい
ばっとうむに
ばっとう・かむい
ばつざんがいせい
ばでぃ・りんぐ〔ごーるど〕
ばでぃ・りんぐ〔しるばー〕
ばとる・おりんぴあ
ばなな（はぬまーんしんてい）
ばびろんのくら
ばびろんへのとびら
ばらのねむり
ばりつ
ばれんたいん・らんち
ばんかーぼると
ばんししゅうしゅう
ばんしょう
ばんしょう、きろ
ばんすうのぎしんぞう
ばんせんぬにひはおちる
ばんとうのこんぽーと
ばんのうのち、こんていのち
ばんのうふはっさん
ばんのうほうたい
ばんぶつのわだち
ばんらいのはくしゅ
ばん！
ばーとり・えるじぇーべとけいあいどる
ばーにんぐぜひもないちょこ
ばーふかりー
ぱいれーつ・ぱーてぃ
ぱいれーつ・るーる
ぱうだー・すのー
ぱっくす・ろまーな
ぱにっくかっと
ぱにっしゅめんと
ぱらどくす・えーすきらー
ぱらどくす・しりんだー
ぱんだ
ぱんぷきんぷらねっと
ぱ・ど・どぅ
ぱーくゔぃじたー
ぱーそなる・こーちんぐ
ぱーぷる・あい
ひいろのけんきゅう
ひかりのさいてん
ひかりのそののおもいで
ひかりのたくせん
ひかりのほんりゅう
ひぎゃくたいしつ
ひぎゃくのほまれ
ひぎゃくれいばいたいしつ
ひぐるまのえふで
ひけしだましい
ひけん・きじがえし
ひけん・ひよくせんよう
ひじょうたいけん
ひすいのかりすま
ひそうなるふんきのたて
ひそひそぼいすつきちょこれーと
ひそひそボイス付きチョコレート
ひだまりのなかで
ひっさつとらいでんと
ひっし
ひつじのかぞえうた
ひでんのまかないめし
ひときり
ひときりげんさい
ひとなつのあるばむ
ひとなつのしろ
ひとにあいを
ひとよばおり
ひとりあそび
ひとり遊び B
ひのささぬばしょへ
ひびき＆千鍵
ひぽちゃん
ひまわりとしてのじがぞう
ひまわりとしての自画像 C
ひまわりのきらめき
ひまわりののろい
ひみつかりばー
ひみつでひぞうでひほうあるばむ
ひみつ会社 アサシン
ひむろのてんちひちにんのさいきょういじんへん
ひめさまあんぎゃ
ひめじこうもり
ひめられただいおうかん
ひもうのりょうげん
ひゃくにんぞうしょ
ひゃくのかがやき
ひゃくはちませい
ひゃっかのほし
ひゃっこいりちょこぶくろ
ひゃっこつばんせいせんとうしゅげん
ひゅーじすけーる
ひょうけつとうゆう
ひよこまめのぺーすとと
ひよこ豆のペーストと…
ひらくちのめ
ひらくはむそうのとびら
ひれんりょうらん
ひんしゃのいっとう
ひんじゃのけんしき
ひーる・ぷりんせす
ひーろー・おん・ざ・びーち
びぃとぅびぃあらいあんす
びしゃもんてんぞこれにあり！
びしゃもんてんチョコ
びしょくのもんには
びじょんくえすと
びたーていすと・さまー
びたー・すいーと
びたー・ぶらっく
びっぐこあらちょこ
びてんがひとつたち
びてんはっそうくるまがかりのじん
びてんはっそう・しらぬい
びてんほうとう
びのけんげん
びぶりおふぃりあ
びぼうをかくすかめん
びゅーてぃふる・じゃーにー
びゅーてぃふる・どりーまー
びょうじゃく
びよんど・ざ・ふらっど
びーえふえふろっくちょこ
びーすと・どらいばー
びーちくらいしす
びーちくらいしす（ぽせいどん）
びーちくらいまっくす
びーちぱにっく
びーびーすろっと
びーまのすぺしゃるふるこーす
びー・あーる・でぃー
ぴえどら・でる・そる
ぴくしー・ふぃんがー
ぴぐまりおんのあい
ぴじょんれぽーと
ぴちぴちの廊下
ぴちぴちの部屋
ぴぽぐりふ
ぴぽぐりふのぬいぐるみ（１／１）
ぴんく・ぴぐれっと
ぴーる・がうがめら
ふぁいなるえりちゃん
ふぁいなるはろうぃん・すぺしゃるちょこ
ふぁいぶ・らうんず
ふぁいやーふらわー
ふぁうる・うぇーざー
ふぁにー・ゔぁんぷ
ふぁむ・ふぁたーる（にせ）
ふぁらお・ちょこらとる
ふぁんからのさしいれ
ふぁんたずま　もーどれっどしゃしんしゅう
ふぁんたずむろっど・うららか
ふぁんとむ・めいでん
ふぁーすとさーゔぁんと
ふぁーすとみっしょんとうじつ
ふぁーすと・かりぐらふぃー
ふぁーすと・さんらいず
ふぁーすと・しゃいん
ふぁーすと・すたー
ふぁーすと・せーる
ふぃおなきしのほまれ
ふぃすとおぶへいる
ふぃにす・どらこーん
ふういんしてい　しっこうしゃ
ふういんしていしっこうしゃ
ふういんのみこ
ふういんれいそうかいじょ（せいけん）
ふういんれいそうかいじょ（せいそう）
ふううんぱわー
ふうがたれ
ふうしゃがたちょことどん・きほーてついほへん
ふうせいかくれい
ふうせつせんき
ふうりんかざん
ふぇありーぱっく
ふぇありー・ふぁーむ
ふぇあ・げーまー
ふぇいとえくすてらりんく
ふぇいとえくすとら
ふぇいとぐらんどおーだー
ふぇいとぐらんどおーだーめもりーず
ふぇいとぐらんどおーだーめもりーずつー
ふぇいとすていないと15ねんのきせき
ふぇいとすていないとれあるたぬあ
ふぇいと／あぽくりふぁ
ふぇいと／えくすてら
ふぇろもん
ふぉうくんまぺっと
ふぉれすと・えでゅけーたー
ふぉんだん・お・しょこら
ふぉー・ゆあ・れたーず
ふかふかな廊下
ふがくさんじゅうろっけい
ふくしゅうけいかく（きょうほん）
ふくしゅうしゃ
ふくしゅうしゃ（たてまえ）
ふくちょうきんせいのさんやく
ふくつのいし
ふくつのきゅうしゃ
ふくつのはいたつしゃ
ふくわじゅつ
ふげきはっせきとび
ふしぎな工場見学
ふしごろしのやいば
ふしちょうはだいちに
ふしならざるもの
ふじかおるみつぼね
ふじこしのりゅうず
ふじゃれいばい
ふじよりもなおとおくまで
ふたつたまにてうちてそうろう
ふたつぼしのうたひめ
ふたりの銀河
ふだん
ふっとさんた
ふつうの友チョコ
ふていかくしのかぶと
ふでとすずり
ふとうふくつ
ふどうのにんたい
ふふ……えいこうとしょうりのげっけいかん
ふめいのさかづき
ふめつなるやいば
ふもうなるふんぬ
ふやのかりすま
ふやのばら
ふゆのいのり
ふゆのふぁらおだいかんしゃさい
ふようにまう
ふらい・おふ
ふらつく廊下
ふらわー・どーる
ふらんのはな
ふりーじんぐ・さまーたいむ
ふりー・しーてぃんぐ
ふるいたつけついのかべ
ふるいたつけついのたて
ふるきよきいと
ふるさん村
ふれればてんとう！
ふれーむど・もーめんと
ふろうふしのせんたん
ふろむ・うるく
ふろんてぃあ
ふわよびしおうごんのりんご
ふわわのはな
ふんきのゆうしゃ
ふんどのけしん
ふんれいのそうやく
ふーど・ころしあむ
ぶぃぃい（じりつがた）
ぶいあーるしんかげりゅう
ぶいあーるしんかげりゅうおうぎ・ともえがふちたいようけん
ぶぎょうふくつ
ぶくろて
ぶげいおうほう
ぶげいひゃっぱん(うま)
ぶじんにしてあやあり
ぶせいおう
ぶせいのきき
ぶち壊せ！ ミステリーハウス・クラフターズ 
～星の鉱員と日の出の翼～
ぶったたきけん
ぶっちぎりちゃのゆぱわー
ぶっちぎり茶の湯バトル 
ぐだぐだ新邪馬台国 地獄から帰ってきた男
ぶっちぎり茶の湯パワー
ぶっちぎり茶の湯パワー A
ぶっちぎり茶の湯パワー B
ぶっちぎり茶の湯パワー EX
ぶっぴんちゅうぞう（ぎ）
ぶっ叩き券
ぶつぞう・たくさん
ぶのきゅうどう
ぶのしゅくふく
ぶらいかん
ぶらいと・ぶるー
ぶらいのやり
ぶらざー・すぺしゃる
ぶらっくばれる
ぶらっく・ぶらっく・きす
ぶらっどふぉーと・あんどろめだ
ぶりりあどーろのいななき
ぶりりあんとくいーんはーと
ぶりーちんぐ
ぶるーすかいばにらかくてる
ぶるーすかい・ゔぁにらまうんてん
ぶるー・ぐらすむーん
ぶるー・すぷらっしゅ
ぶるー・ほらいぞん
ぶるー・るるはわあじかきごおり
ぶれいくろっど
ぶれいず・おぶ・えとな
ぶれすと・ばれー
ぶれすと・ぽーち
ぶれすふる・たいむ
ぶれっしんぐ・おぶ・せいんと
ぶんかつしこう（おう）
ぶんがくしょうじょ（なつ）
ぶんぶいちどう
ぶんめいさくせい
ぶんめいしんしょく
ぶんめいせっしょく
ぶんめいのともしび
ぷらねたりーどーなつ
ぷらねっと・ろっく
ぷらんにんぐ
ぷりえ・ぎゃらくしー
ぷりずま☆いりや せっかのちかい
ぷりどぅえん
ぷりんせす・おぶ・あんこ
ぷりんせす・おーだー
ぷりんせす・さまーばけーしょん（にせ）
ぷれざんと・すとりーと
ぷれじでんとなきねんばっぢ
ぷれじでんと・おーしゃん
ぷれぜんと・ふぉー・ゆー
ぷれみあむ・すなっく
ぷれらーてぃのげきれい
ぷれらーてぃーず・すぺるぶっく
ぷろせるぴなのかいか
ぷーるさいど・ばー
ぷーるさいど・めいど
へいおんのいちじく
へいすいそうほう
へいろー
へかてのしゃくじょう
へびおうのれいやく
へびせんぱいず
へびつかい
へびつかいのますく
へびのつえ
へびもりのほうこ
へびチョコ（あいをこめて）
へびチョコ（てきとう）
へびチョコ（アイヲコメテ）
へびチョコ（愛を込めて）
へびー・おぶじぇくと
へやはもうとってあるんだが
へんか（きょうりゅう）
へんげ
へんげ（おろち）
へんげ（かりゅう）
へんげ（せんにゅうとくか）
へんげ（らんち）
へんしんのゆびわ
へんてんのま
へんよう
へんれいのしな
へんれききしのだいぼうけん
へルタースケルター・ハント 典位++級
へルタースケルター・ハント 典位+級
へルタースケルター・ハント 典位級
へルタースケルター・ハント 祭位級
へルタースケルター・ハント 開位級
べいやーどのたてがみ
べじちゃうみん
べすてぃあ・でる・そる
べすと・おぶ・とりすたん
べら・りざ
べるざ・だますく
べるざ・ぶるーく
べるしらっくのおび
べるせるく
べーかーがいからのだっしゅつ
ぺいんてぃんぐ・さまー
ぺいんぶれいかー
ぺりー・だんさー
ほうえつのじょうど
ほうざいしん
ほうしょうつきげ
ほうしんしっこう
ほうじゅつぎし
ほうじょう
ほうじょうたるおうし
ほうじょうのうみ
ほうせきけんぜるれっち
ほうせきまじゅつ・たいえい
ほうてんがげき
ほしだちのじゃせいけん
ほしづきめぐり
ほしにねがいを
ほしにゆめを
ほしのあるきかた
ほしのいぶき
ほしのうみのこうかいしょう
ほしのおうかん
ほしのかいたくしゃ
ほしのこうかいしゃ
ほしのさばき
ほしのつづら（しょう）
ほしのつづら（だい）
ほしのてんびん
ほしのもんしょう
ほしのゆりかご
ほしの歩き方
ほしはすばる
ほしみのかいろう
ほしみのたびじ
ほしをすべるもの
ほしをみるもの
ほそみづくりのめいとう
ほたるのよるに
ほたるび
ほっとここあ・ぶれいく
ほどこしのえいゆう(せいや)
ほどほどろーど
ほどほどロード C
ほのくろきもうしゅうのれいいん
ほまれたかきせっかのかべ
ほまれたかきせっかのたて
ほまれをここに
ほむら
ほむんくるす
ほら穴の財宝
ほわいだにっと
ほわいとどるふぃん・どりーむ
ほわいと・くるーじんぐ
ほわいと・ですますく
ほんじつのこうちゃ
ほんじつのすふれぱんけーき（げんてい）
ほーりーかみぶくろ
ほーりー・しゃいん
ほーりー・なっくる
ほーんてっど鬼屋
ぼうきゃくほせい
ぼうきゃくむこう
ぼうじゃくぶじん
ぼうそうとっけん
ぼうだんかこう
ぼうとくしんび
ぼくたちはしょうかんができない
ぼくらはともだち
ぼさつのけしん
ぼっけん
ぼぼくのうす
ぼんぞくのやいば
ぼんのうひつめつのきね
ぼんばーのっぶ
ぼーっとする廊下
ぽかぽかする廊下
ぽっぷこ－んのふぶき
まあかきせんにょのれいいん
まい・りとる・どらごん
まい・れっど・みーど
まうんてぃんぐ・めにゅー！
まえを
まおう
まおうかいてん・ひがんばな
まおうがん
まおうじゅう
まおうのしんかく
まおうのちょうあい
まから・ふろーてぃんぐ
まかろにぐらたん
まがいひぶん
まがつかみ
まがん
まがんのようじょ
まきばのチョコ
まきょうにのぞみて
まきょうのちえ
まぎわのいちげき
まくらもとのじゃりゅう
まことのはた
まこと・どらいぶ
ましょうきしん
ましょうじゅんか
ましょうのかたち
ましょうのせんとうび
ましょうへんしょう
ましょうぼさつ
まじかるしおん
まじっくぐっず・くりえいと
まじっくしょー・ふぃーるど
まじないのゴマ
まじないのゴマのドロップ獲得数を1個増やす【『ハロウィン・ライジング！』イベント期間限定】
まじないのゴマのドロップ獲得数アップ
まじゅうしゅうめい
まじゅつ
まじゅついりょう
まじゅつかいじょ
まじゅつかいろ（こうてん）
まじゅつかいろ（じてん）
まじゅつこうせき
まじゅつしごろしのぶき
まじゅつしのいただきにたつもの
まじゅつのたしなみ
まじゅつ（げんそ）
まじょうのしはいしゃ
まじょさいばん
まじょにあいされたぴぐれっと
まじょのいこいば
まじんけん
まじんさん
まじんのえいち
まじんのらんぷ
ますけてぃあーず
ますたーにんぎょう
ますたー・いん・ざ・ちょこれーと
ますますマンガで分かる！FGO
また・はりのさかば
まだあおきげんそうのれいいん
まだたびのとちゅう
まだみぬしょうり
まだんそうてん
まだんてんかい
まだんのしゃしゅ
まだんのしゃしゅ（もぞう）
まだ旅の途中
まちびとのこえ
まちょ
まっこと格好えい羽織袴
まっしゅるーみんぐ
まっする・きゃばりえ
まっする・ばれっと
まつろわぬゴロツキ退治
まてんろうにかがやく
まどうしょ
まどろみのうた
まどろむ廊下
まなしき・いざよいざんか
まなつのあいす
まなつのあやまち
まなつのうみのまーら
まなつのえいち
まなつのしょうじょまんがふぇあ
まなつのじゅじゅつ
まなつのひととき
まなつのめがみ
まにのほうじゅ
まのけつみゃく
まはとま
まはーまーやー
まばゆきたびじ
まぶい・ろーど
まぶたにうかぶ
まほうつかい
まぼろしなるひのでのつばさ
ままのとっておき
ままのみみ
ままのみみ 前編
ままのみみ 後編
まめすーぷのみずうみ
まもりのまがたま
まよいがのぜん
まよいがのとも
まよいがの膳 A
まりょくきょうか
まりょくぎゃくりゅう
まりょくけい
まりょくどうちょう
まりょくへんかん
まりょくほうしゅつ
まりょくほうしゅつ（あい）
まりょくほうしゅつ（おり）
まりょくほうしゅつ（かぼちゃ）
まりょくほうしゅつ（かみなり）
まりょくほうしゅつ（げきりん）
まりょくほうしゅつ（しんらい）
まりょくほうしゅつ（じんらい）
まりょくほうしゅつ（ちょうやく）
まりょくほうしゅつ（ひかり）
まりょくほうしゅつ（ひかり／いにしえ）
まりょくほうしゅつ（ほうせき）
まりょくほうしゅつ（ほし）
まりょくほうしゅつ（ほのお）
まりょくほうしゅつ（みず）
まりょくほうしゅつ（ゆうき）
まりょくほうしゅつ（りゅう）
まるごししんじくん
まるごしシンジ君
まるたのてりょうり
まるちぷる・すたーりんぐ
まるで、春の日向のようだった貴方
まるで、春の日向のような（中編）
まるで、春の日向のような（前編）
まるで、春の日向のような（後編）
まわる！　ONILAND11ロケ
まわる！　ONILAND！！ロケ
まをうつやいば
まんがでわかる！えふじーおー
まんぷくゲージ+2
まんぷくゲージ-2
まんぷくゲージの上限を増やす
まんぷくゲージ上限アップ
まんぷくゲージ最大
まーず・しゅーてぃんぐ
まーら・ぱーぴーやす
ま！？　先生の危険な研究！
みいのばんしょう
みおつくしのたましい
みこっと！はなよめしゅぎょう
みこっと！花嫁修業
みこのかりすま
みこのす☆みこける
みこのす・はんまー
みごもりのはな
みさきのまなびや
みしるしのつるぎ
みすたー・れっどがじぇっと
みすとれす・Ｃ
みす・とーるふっとのびじゅつかん
みずうみのおとめ
みずうみのかご
みずうみのきし
みずぎけんごうのこころえ
みずのごとくはなのごとく
みずのほしをみつめるもの
みずべのいとなみ
みずべのせいじょ
みちびきのあかいいと
みちびくもの
みちへのたんきゅう
みっしんぐ・すたーりんぐ
みっどさまー・ないつ
みっどないとおぶさまーさいど
みつぼしのゆみびと
みとうのさきへ
みどりごのゆりかご
みどりのこっけん
みどりのはおん
みなぎる野生
みなとのいちや
みなみのしまのふぇすてぃばる
みにうしわか
みにくいこいのように
みにくーちゃん
みにぼーだー
みぶのせきろう
みぶろ
みぶろすぴりっつ
みまわりとうばん
みょうじょう
みょうせんじしょう
みらいかんり
みらいへとかがやく
みらいよち
みらくるぐどうしゃ
みるきーうぇいをさがして
みるきー・うぇい
みるくいろの・ゆめをあなたと
みわくのびせい
みんなでたべてね
みんなで食べてね
みんなのしょうじょダ・ヴィンチちゃん
みんなの少女ダ・ヴィンチちゃん
みんなを守ってくださいますか
みーとうぉーず
むいのおう
むかんのぶげい
むがしき　しんくうみょうう
むきゅうのはて
むきゅうのぶれん
むきゅうのぶれん（たいま）
むぎょう
むくう
むくしき・からのきょうかい
むくのひめ
むけいのはこ
むげんそこうりりっく
むげんのかりすま
むげんのごとく
むげんのぱんけーき
むげんのまりょくきょうきゅう
むこうのかなた
むこのかいじゅう
むこのかいぶつ
むこのかいぶつ（い）
むこのかいぶつ（ほのお）
むしふさつへんろ
むしょうなるあいのでんどうしゃ
むじゅんせいしん
むじょうのかじつ
むじんだわら
むちむちの廊下
むてきのけん
むてきのはじめちゃん
むとうどり
むびょうそくさい
むへん
むぼうのつき
むまのほとり
むみょうさんだんづき
むめいのおんけい
むよくにしてちゅうぎのうた
むらさきしきぶにっき
むらさきすいしょうのさとうがし
むーる・う・てゅ・どわ
むーんらいとろすとるーむ
むーん・ぼぅ
むーん・まーがれっと
めいかいにはなのさく
めいかいのすいーとほーむ
めいかいのはな
めいかいのまもり
めいかふうままんじゅう
めいかふうままんじゅう・かい
めいきゅうかっぽ
めいげつ
めいこうのじょげん
めいさいそげき
めいしゅのそうかん
めいそう
めいたんていふぉうむず
めいとううすみどりチョコ
めいふしんのさいてい
めいふしんのみわざ
めいふのしんかく
めいふのほうよう
めいぶちゃんじるしののうこうかかおちょこ
めいぷるしろっぷをかけよう
めいゔちゃんじるしのはにーちょこ
めかにかるきゅうじゅつ
めがね
めがみにささぐはな
めがみのおくりもの
めがみのおめつけやく
めがみのおんけい
めがみのかご
めがみのきまぐれ
めがみのきらめき
めがみのしんかく
めがみのちょうあい
めがみのみくじ
めがみのゆうしょうかっぷ
めがみへのちかい
めがみへんしょう
めがみへんしょう（じゅう）
めがみへんしょう（てん）
めざめたいし
めざめまえ
めじぇどのめ
めまいのする廊下
めもりー・おぶ・くおりあ
めりー・くりすます
めるてぃ・はーと
めるとうぃるす
めるとえんヴぃー
めるへんどりーまー
めをそらさずに
めんきょかいでん
めんろぱーくのまじゅつし
もうけんごろし
もうひとつのけつまつ
もうひとつの謎
もうひとりの女神（前編）
もうひとりの女神（後編）
もう一つの結末
もう一人の呂布の正体、それは…
もくせいのきょうぞう
もくもく山
もしも、きみを失ったとしたら
もたれかかる廊下
もちづきにおどる
もてなしのりゅうぎ
もてなしの流儀
もとめしアルゴンコイン
もな・りざ
もはや雷光ではなく
もみじがり
もめんのくびまき
もりなりしせい
もりのけんじゃ
もりのまもりて
もるがにあものがたり
もんしょうのへび
もんて・くりすとのひほう
もんぶらん・お・しょこら
もーだか・ぽーたぶる
もーにんぐ・ぐろーりー
やくそくのあしたへ
やけど
やけど(自己・非重複)
やけど(非重複)
やけどの効果量アップ
やけどを受けなくなる
やけど無効
やけど＆延焼無効
やけど＆延焼解除
やこぶのてあし
やさしいねがい
やじゅうのろんり
やたがらすのめ
やちむんの里
やつはしチョコ
やなむんかえし
やまがみのかご
やまざくら
やまたいぱわー！
やまたのけつみゃく
やみのそののおもいで
やみのたくせん
やみよのかいこう
やめるときもすこやかなるときも
やよけのかご
やわのかたりて
やわらかなじあい
やんばるの森
やーぬくび、くぃみれー
ゆいごんじょう
ゆいしき・ちょくしのまがん
ゆいしき・わいきょくのまがん
ゆうがたれ
ゆうがてんがなかいとうぼう
ゆうきゅうのとろいあ
ゆうぎのしょうめい
ゆうぐれにてぜっそく、たそがれにてちぇーんそー
ゆうげんたるくろ
ゆうこくのふち
ゆうしのきょうじ
ゆうしのたぎり
ゆうしゃえりちゃんのぼうけん
ゆうしゃだいげんそく
ゆうしゃのさかずき
ゆうしゅん
ゆうずうむげ
ゆうどくのげんそう
ゆうもう
ゆうもうなるしんじゅう
ゆうやけぞらにわたしはぐるぐる
ゆうやけのきょうしつ
ゆかいがたまじゅつれいそう
ゆかいがたまじゅつれいそう（いもうと）
ゆかいですてきななかまたち
ゆかいななかまたち
ゆきのえいじのせんゆう
ゆきのしろ
ゆきみほわいとちょこ
ゆくぞ、最終関門！
ゆけ！　鬼魂討伐隊！
ゆったりとした客間を修理で開放
ゆみな
ゆみやさくせい
ゆめのあと
ゆめのおわり
ゆめのおわりに
ゆめびのみちびき
ゆめみるきかい
ゆめみるぼうけんしょうじょ
ゆーでぃーけーだんいんぼしゅうちゅう
ゆーふぉうきゃっちゃー
ゆーふぉー
ゆーふらてすのゆうべ
よあけまえ
よいにうるおいはなしはかれず
よいやみかげるつきのみたま
よいやみのほし
ようかいしゅうめい（かいとう）
ようかいしゅうめい（たんてい）
ようかいしゅうめい（ボッチ）
ようきただようだいこつとう
ようこそ『グラナート』へ
ようさいこうちく
ようじたいこう
ようじゅうのじゅふ
ようせいいりやちょこ（4/7すけーる）
ようせいおうのかんむり
ようせいがん
ようせいきし
ようせいきし（ようせいきょう）
ようせいきゅうけつ
ようせいけいやく
ようせいこくおしょうがつこうぎょう
ようせいこくのなつやすみ
ようせいのかりん
ようひのこうがん
ようふうぜんざい
ようらんのうた
ようらんのゆめ
よかなーんのくび
よくせい
よく乾いた薪
よく乾いた薪のドロップ獲得数アップ
よく遊び、よく遊ぶ
よげんのほし
よそくかいひ
よぞらをかけるにじ
よつやのしゅうまつ
よみかけのいーりあす
よみかけのほん
よみじのきょうかい
よみよりいづるむくい
よるのとばり
よるのとばりにともしびを
よるべのみずにかげぞさす
よるをみとどけるものたち
よろいはむねにあり
らいうんぐい
らいおんはーと（しんそく）
らいこうのとなかいくん
らいじんのけん
らいじんのまい
らいだーべると・れぷりか
らいてぃんぐ・はい
らいていはこぶてんのうま
らいでんのて
らいとにんぐいえろー
らいと・おぶ・ないと
らいらい・こくりきょんしーず
らいんのおうごん
らうんず・びーち
らうんど・あんど・らうんど
らくえんのいっぱい
らくじつのていこく
らくようのきゅうでん
らくようのぴあす
らぐらんじゅ・らぐじゅありー
らしょうもんだいえんぎ
らっきーびーすと
らてんたいしょう
らびっと・きゅーと・ちょこ
らびりんすまっぷ
らぴす・らずりのうでかざり
らぶらぶはぁとポイント
らぶらぶはぁとポイント獲得量アップ
らぶらぶキーホルダー
らぶらぶキーホルダーのドロップ獲得数を1個増やす【『ヨハンナさんと未確認の愛』イベント期間限定】
らぶらぶキーホルダーのドロップ獲得数アップ
らぶらぶコイン
らぶらぶコインのドロップ獲得数を1個増やす【『ヨハンナさんと未確認の愛』イベント期間限定】
らぶらぶコインのドロップ獲得数アップ
らぶらぶペナント
らぶらぶペナントのドロップ獲得数を1個増やす【『ヨハンナさんと未確認の愛』イベント期間限定】
らぶらぶペナントのドロップ獲得数アップ
らぶらぶ鎮圧戦 ファンクラブへの勧誘を止めろ！
らぶらぶ鎮圧戦 ヨハンナ頌歌の拡散を防げ！
らぶらぶ鎮圧戦 似ていない人形を回収せよ！
らぶらぶ鎮圧戦 傭兵団を倒せ！
らぶらぶ鎮圧戦 像の修繕を阻止せよ！
らぶらぶ鎮圧戦 新たな石像の建立を妨害しろ！
らぶらぶ鎮圧戦 町の門を突破せよ！
らぶらぶ鎮圧戦 自警団から逃げろ！
らぶらぶ鎮圧戦 若き富豪の野望を阻止せよ！
らぶらぶ鎮圧戦 黄金式場を破壊せよ！
らぶ・でぃりゅーじょん
らむせうむ
らりゅうのめん
らんせのきょうゆう
らんせんのこころえ
らんぶる・ぱーてぃー
らんまにうむ
らんまるしゅとらーる
らん・おるた・らん！
らヴ・ぶれいかー
ら・しえすた
ら・ふぉりあ
らーにーのかりすま
らーめんだいすきあなすたしあさん
りえきしゅじょう
りくとうさんりゃく・まおうそんだいうせん
りくとうひじゅつ・じんらいふうれつ
りくとうひょうほう
りくどうごりん・くりからてんしょう
りせいじょうはつ
りそうきょうのきし
りそうのおうせい
りそうをこくされたちょうぞう
りたーん・まっち
りちのけっしょう
りでぃくーるきゃっと
りとらべる
りとるりとるばれっと
りとる・ぎふと
りとる・ぷれぜんと
りふ・れいん
りべつののろい
りゃくだつのほこ
りゅうがり
りゅうごろし
りゅうごろしのけん
りゅうしゅ
りゅうしゅかいぞう
りゅうじんのかご
りゅうせいのきずな
りゅうそうはここうのごとく
りゅうとりゅうのけんし
りゅうどうじ
りゅうのきおく
りゅうのせいじょのつえ
りゅうのまじょ
りゅうのろしん
りゅうひけん
りゅうみゃく
りゅうよ、わだつみのはらをゆけ
りゅうりょくかこう
りゅうろしん：たいそりゅう
りゅうろてんかい：てゅふぉん
りょういきがいのせいめい
りょういきがいのせいめい(ぎ)
りょうきしゅみ（なつ）
りょうげんのひ
りょうげんのやいば
りょうさいけんこ
りりんあんどりりすずぐっずせっと
りりー・しょこら
りろーでっど
りんぐ・ざ・べる
りんのペンダント
りヴぁいあさん
りーがる・しゃわー！
るぎまーと！
るてんのけんせい
る・ぐて
るーのこうりん
るーむがーだー
るーんいしのちょこ
るーんまじゅつ
れいきじょうほうほぞん
れいしこうじょう
れいしこうじょう・ぜん
れいししょうぞう:あるてら
れいししょうぞう:かるな
れいししょうぞう:ぎるがめっしゅ
れいししょうぞう:たまものまえ
れいししょうぞう:ねろ・くらうでぃうす
れいししょうぞう:むめい
れいしじょうと
れいじゅこ
れいじゅのしゅくこん
れいじょうおうしゅう
れいにー・ぶりっじ
れいのもんしょうちょこ
れいばいたいしつ
れいみょうなるおぐし
れいめい
れいらんのようかん
れい・ほらいぞん
れしーばー
れじぇんど・おぶ・どらきゅりあ
れっくす・みろわーる
れっしじゅんめい・ふしゃくしんみょう
れっしのぐんがく
れっどふーど・すらいさー
れっど・すたーゔぁんぷ
れでぃず・めいど
れでぃのいしょうなあいじょう
れでぃ・じゃすてぃす
れでぃ・ふぉくしー
れでぃ・ろんぐあーむのたんていじむしょ
れでぃーす＆じぇんとるめん
れんかんば（ひょうい）
れんげあいすはなんびとぞ
れんごく
れんさ
れんてつてぐるま
ろいやるかーど
ろいやるばにー
ろいやる・あいしんぐ
ろうせいのおきな
ろうばんとせんぴつ
ろうれん
ろけっとぱんち
ろけっとぱんち（にごうき）
ろこもこゆーでぃーけー
ろごすいーたー
ろでおふりっぷ
ろぼうのゆめ
ろまに・あーきまんはくしゃくのかんたい
ろまんなるやり
ろまんのかぜ
ろんど・めもりあ
ろーど・とぅ・すたー
ろーま
わいきょくのまがん
わいるどはんと
わいるどるーる
わかがえりのれいやく
わかる！わからない？パビリオンクエスト1
わかる！わからない？パビリオンクエスト1クリアで開放
わかる！わからない？パビリオンクエスト2
わがあいはとこしえに
わがいとしきひび
わがどくはい、わがかめん
わが心、あの旭を忘れじ
わが愛しき英雄(ひと)よ
わくわくざぶーんゆうたいちけっと
わくわくざぶーん優待チケット
わくわくざぶーん～おきなわしてん～
わくわくざぶーん～沖縄支店～
わくわくエリセランド
わしのまじょのしゅくえん
わすれえぬもの
わすれじのなつ、にてんのふところ
わたあめ
わたしがみずぎにきがえたら
わたしのきろく、わたしのおもい
わたしのくびかざり
わたしのししゅんきでぃすたんす
わたしの首飾り
わたしはだれだ？
わた雲の上
わだつみのもん
わびさびの里
わびのきわみ
わらうてっしん
わるきゅーれしきしゅうだんせんとう
わるきゅーれたちのかたらい
わるきゅーれ・すたいる
われ、まおうにじゅんず
われにきたれ、とうとききみよ
われはあしゃらなり
われはまだかえらぬ！
われら、つばさあるへび
われらがゆくはほしのたいかい
わんじなめっと
わんだーらんど
わんぱく海賊船
わーるどえんど・きゃっする
ゔぁれんてぃぬすのせいがいふ
ゔぁーすきのれいやく
ゔぃらんず・たーみねいと
アイ、ココニハナク
アイアイエーの春風
～魔女と愉快な仲間と新しい冒険～
アイアン・マシュマロ
アイアン・メイデン
アイアン・メイデン（ナツ）
アイアン・メイデン（夏）
アイウツシュクメイ
アイオニオン・ヘタイロイ
アイギス（第三再臨）
アイギス（第二再臨）
アイスキャンディ
アイスベキコノモトデ、ショヲヨム
アイス・ウォーリアー
アイス・セレブリティ
アイティオピアー・ケトゥス
アイトキボウノモノガタリ
アイドラ☆ハット
アイドリウムポイント〔ダンス〕
アイドリウムポイント〔パフォーマンス〕
アイドリウムポイント〔ボーカル〕
アイドルXオルタ
アイドルの輝き A
アイドルの輝き B
アイドルの輝き EX
アイドルコロッセオ
アイドル・シンデレラ・シューズ
アイドル・メイカー
アイドル霊衣開放チケット
アイノアル（ワライ）チョコ
アイノレイヤク
アイランド・レスキュー
アイランド・レスキュー A（健気なコン）
アイランド・レスキュー A（元気なコン）
アイランド・レスキュー A（陽気なコン）
アイランド・レスキュー B（健気なコン）
アイランド・レスキュー B（元気なコン）
アイランド・レスキュー B（陽気なコン）
アイランド・レスキュー EX
アイラーヴァタ・キングサイズ
アイリ
アイリスフィール〔テンノコロモ〕
アイリスフィール〔天の衣〕
アインツベルン城
アイ・オブ・ザ・エウリュアレ
アイ・ランマ
アウトレイジ
アウトレイジ・アマゾーン
アウレリアヌスの攻囲（抗） A
アエストゥス・エストゥス
アオイトリノヨウナマウス
アオキソラノマナビヤ
アオザキアオコ
アオノコッケン
アカイジャンパー
アカイハナ
アカキホウセキジョウノレイイン
アカシ
アカネノソラニサク
アカノコッケン
アカフィローガ・アルグリーズ
アガルタの女
アガルタノオンナ
アキハバラ・エクスプロージョン！
～願いの街と愛を刻まれた彫像たち～
アキレウス
アクセルターン B
アクティブ・セーラー
アクマノバンダナ
アクヤクレイジョウハアクジョヲブチヌキタイ
アケテビックリテングチョコ
アケメネスの誇り A+
アケローン河
アサガミフジノ
アサシンお試しクエスト
アサシンお試しクエスト〔Ⅰ〕
アサシンお試しクエスト〔Ⅱ〕
アサシンピース
アサシンモニュメント
アサシン・ハント 典位++級
アサシン・ハント 典位+級
アサシン・ハント 典位級
アサシン・ハント 祭位級
アサシン・ハント 開位級
アサシン・パライソ
アサシン育成交換券
アサルト・メディスン C+
アサルト・メディスン・フルバースト・パーティー
アザマル
アシガラブラザーズ
アシドリハカロヤカニ
アシノウミ
アシヤドウマン
アシュタレト
アシュタレト・オリジン
アシュヴァッターマン
アショカオウ
アショカ・ピラー
アショカ王
アショカ王の依頼
アジト酒場
アスカラポス
アスカラポス＝アケローン
アスカロン
アスクレウス山
アスクレウス山の麓
アスクレピオス
アステリオス
アストライア
アストライア島
アストライア島三本勝負
アストラプスィテ・アルゴー
アストラン・マイホーム
アストルフォ
アストルフォ撃退戦 幼竜級
アストルフォ撃退戦 成竜級
アストルフォ撃退戦 邪竜級
アスラシュレーシュタ
アズキノオテダマ
アズライール
アズライールの廟
アズ・ア・ダッド
アズ・ユージュアル
アズ・ユー・ウィッシュ
アゾットけん
アゾットケン
アゾット剣
アタックプラス
アタナトイ・テン・サウザンド
アタランテ
アタランテ〔オルタ〕
アタランテ・オルタ
アタランテ撃退戦 幼竜級
アタランテ撃退戦 成竜級
アタランテ撃退戦 邪竜級
アダマス・クロノス・エリニュス
アッセンブル
アッドリュック
アッド・クッション
アッピア街道
アップルリップ・アイランド
アップル・アロー・チョコ
アツァガウク砦
アツキモン
アテナルモノ2021
アテナル・サマースイーツ A
アディオスマイク
アディオスマイクのドロップ獲得数アップ
アトゴウラ
アトミックプラント B
アトムマクロス・ムリアンスイーツ
アトムミクロス・ムリアンフット
アトラスの嬰児
アトラスの守り
アトラスの砂漠へ(1/3)
アトラスの砂漠へ(2/3)
アトラスの砂漠へ(3/3)
アトラスイン
アトラスノエイジ
アトラス院
アトラス院
制服
アトラス院が「最強であるものを作る」目的で試作した魔術礼装
アトランティス・スタイル
アトリエ
アドバンスドクエスト
アドベント・チョコボックス
アナザースペース・アナザーディメンジョン
アナスタシア
アナスタシア＆ヴィイ
アニバーサリー・ヒロインズ
アニバーサリー・ブロンド
アノヒノソラ
アバンタイトル
アビゲイル
アビゲイル・ウィリアムズ
アビゲイル・ウィリアムズ〔サンタ〕
アビゲイル・ウィリアムズ〔夏〕
アビシャグに捧ぐ愛
アビシャグニササグアイ
アビス・サルガッソー
アビス・サルガッソーⅠ
アビス・サルガッソーⅡ
アフタヌーン・パーティー
アフタータイムのはじまり
アフタータイムのはじまりクリアで開放
アフタータイム・バレンタイン2026
アフタータイム・バレンタイン2026 
～お母さんチョコの謎～
アフタータイム・バレンタイン2026 ～お母さんチョコの謎～
アフターレイジ
アフター・パーティー
アフリカ南部エリア
アフロディーテの恩恵 EX
アプフェル・シーセン
アプリシエイション
アベレージ・ワン
アボウキュウモケイ
アポロンの子 A
アポロンニンギョウ
アポロン人形
アマイモノ
アマイモノガタリ
アマガシチヨコレイト
アマクサシロウ
アマクサシロウジンチュウキ
アマグモヲコエテ
アマゾネスCEOセット
アマゾネスの女王 A
アマゾネスの宴
アマゾネスの町にて
アマゾネス・ハント 典位級
アマゾネス・ハント 祭位級
アマゾネス・ハント 開位級
アマデウス
アマデウス EX
アマデウス(キャスター)装備時のみ、自身がフィールドにいる間、味方全体の宝具威力を20%アップ
アマルガムゴート D
アマング・ザ・ニンファエア
アミダアミデュラ・ヘブンズホール
アミーゴタオル
アミーゴタオルのドロップ獲得数アップ
アムール
アムール〔カレン〕
アメアガリノキミ
アメノカガミノフネ
アメノサカホコ
アメミット
アメリカズ・スイートハート・オブ・ダークネス
アメリカ中央部エリア
アメリカ南部エリア
アメリカ東部エリア
アメリカ西部エリア
アライアンス
アラウンド・カリバーン
アラハビーチ
アラビアエリア
アランニャ
アリアドネの祈り C
アリアドネの糸
アリアドネノイト
アリアドネ・アポリト・アディス
アリエザルアス
アリキタリチョコ（？）
アリキタリデワルイ？
アリキタリノキセキテキナイシ
アリシヒノエイコウ
アルカディア越え A
アルカディア越え B
アルカトラズ
アルクェイド・ブリュンスタッド
アルク・ドゥ・トリオンフ・ドゥ・レトワール
アルケミックフィールド
アルゴノーツ
アルゴノーツ、出陣
アルゴンコイン
アルゴー号の冒険
アルゴー号の呪い
アルシア山
アルシンリトシ
アルジュナ
アルジュナ(アーチャー)装備時のみ、自身の宝具威力を30%アップ＆スター集中度を1000%アップ
アルジュナ〔オルタ〕
アルジュナ〔オルタ〕からのメッセージ ホワイトデー当日
アルジュナ〔オルタ〕からのメッセージ １日目
アルジュナ〔オルタ〕からのメッセージ ２日目
アルジュナ〔オルタ〕からのメッセージ ３日目
アルジュナ〔オルタ〕からのメッセージ ４日目
アルジュナ〔オルタ〕からのメッセージ ５日目
アルジュナ〔オルタ〕からのメッセージ ６日目
アルジュナ〔オルタ〕からのメッセージ ７日目
アルジュナ・オルタ
アルジュナ霊衣獲得クエスト
アルスターのもうけん
アルスターの猛犬
アルス・アルマデル・サロモニス
アルス・ノヴァ
アルターエゴお試しクエスト
アルティメット・ハーモニー
アルテミス・アグノス
アルテミス谷_サティスファクションＥ∴Ｔ∴Ｅ_エレナスクール水着差分
アルテミス谷_左馬権頭と三蔵法師_頼光羽衣差分
アルテミット・Ｕ EX
アルテラ
アルテラ(セイバー)装備時のみ、自身がフィールドにいる間、味方全体の攻撃力を15%アップ
アルテラタイマー
アルテラ・サンタ
アルテラ・ザ・サン〔タ〕
アルテラ・ザ・サンタ
アルトタス連続体 C
アルトリア
アルトリア(アーチャー)装備時のみ、自身がフィールドにいる間、味方全体の攻撃力を15%アップ
アルトリア(セイバー)装備時のみ、自身がフィールドにいる間、味方全体の攻撃力を15%アップ
アルトリアの星
アルトリアノホシ
アルトリア・キャスター
アルトリア・キャスター体験クエスト
アルトリア・ペンドラゴン
アルトリア・ペンドラゴン〔オルタ〕
アルトリア・ペンドラゴン〔サンタオルタ〕
アルトリア・ペンドラゴン〔リリィ〕
アルトリア梁山泊
アルトリア＆ネロチームを応援 オーバーヒート級
アルトリア＆ネロチームを応援 ドライブ級
アルトリア＆ネロチームを応援 ハイスピード級
アルトリア＆ネロチームを応援 フルスロットル級
アルトリア＆ネロチームを支援 スコップ級
アルトリア＆ネロチームを支援 スプーン級
アルトリア＆ネロチームを支援 ダイナマイト級
アルトリア＆ネロチームを支援 ドリル級
アルトリウム
アルトン星人の住処(裏側)で資源収集
アルトン星人の住処で資源収集
アルビオン
アルフ・ライラ・ワ・ライラ
アルポンド
アルポンドのドロップ獲得数アップ
アルラウネ・ハント 典位+級
アルラウネ・ハント 典位級
アルラウネ・ハント 祭位級
アルラウネ・ハント 開位級
アル・ブクール
アレキサンダー
アレクサンドリア
アレッサンドロ・ディ・カリオストロ
アロハな男、ハワイに立つ
アロンダイト・オーバーロード
アローン・アゲイン
アンカーポイント
アンガルタ・キガルシュ
アンガルタ・セブンカラーズ
アンキ・エレシュキガル
アンクル・リンク
アングルボダ
アンケートNo.1 メモリアルクエスト
アンケートNo.2 メモリアルクエスト
アンコールは終わらない
アンコールライブ
アンジェリカ・カタイ
アンスイート・ハネムーン
アンタレス・スナイプ
アンタン
アンダーアーム・レイ
アンダーコア
アンダーコンストラクション
アンダーワールド 上級
アンダーワールド 中級
アンダーワールド 初級
アンダーワールド 滅級
アンダーワールド 爆級
アンダーワールド 超級
アンダーワールド・フラワーガーデン
アンダー・ザ・ナイフ
アンダー・スラム
アンダー・フロント
アンチフリング・ロンド
アンティオキア市街
アンティークリール
アンティークリールのドロップ獲得数を1個増やす【『ミシシッピ・ミササイザーズ』イベント期間限定】
アンティークリールのドロップ獲得数アップ
アンデルセン
アンデルセン(キャスター)装備時のみ、自身がフィールドにいる間、味方全体の弱体耐性を30%アップ
アントニオ・サリエリ
アントラクト・お芝居特訓！ オペラ座級
アントラクト・お芝居特訓！ グランドホール級
アントラクト・お芝居特訓！ シアター級
アントラクト・お芝居特訓！ スタジオ級
アントラクト・お芝居特訓！ プレイハウス級
アントラクト・お芝居特訓！ ホール級
アントラクト・お芝居特訓！ 上級
アントラクト・お芝居特訓！ 中級
アントラクト・お芝居特訓！ 初級
アントラクト・お芝居特訓！ 超級
アンドラスタの加護 A
アンドロメダ
アンノット 夜明け前
アンビリカル・ヘア
アンビヴァレンツ・ステイツ
アンフィニッシュド・ブルー
アンフェル・シャトー・ディフ
アンブロシア結晶
アンプゥ・ネブ・タ・ジェセル
アンリマユ
アンリミテッド・ブレイドワークス
アンリミテッド・レイズ／デッド
アンリミテッド・ロストワークス
アンヴァル
アン・ボニー
アン・ボニー＆メアリー・リード
アン女王の復讐
アン女王への復讐
アン＆メアリー
アヴァロンの妖精 A
アヴァロンの妖精 C
アヴァロン・セレブレイト
アヴィケブロン
アヴィケブロン撃退戦 幼竜級
アヴィケブロン撃退戦 成竜級
アヴィケブロン撃退戦 邪竜級
アヴェンジャーお試しクエスト
アーキタイプ ＯＲＴ
アーキタイプ・インセプション
アーキタイプ：アース
アーキタイプ：アース体験クエスト
アークティックドーム
アークティックドームのドロップ獲得数アップ
アークティック・サマーワールド！
～カルデア真夏の魔園観光～
アークティック・タワー
アーサー
アーサー・ペンドラゴン〔プロトタイプ〕
アースライト・スターボゥ
アース・ハートリズム A
アース・フォール
アーチャーお試しクエスト
アーチャーお試しクエスト〔Ⅰ〕
アーチャーお試しクエスト〔Ⅱ〕
アーチャーピース
アーチャーモニュメント
アーチャー・インフェルノ
アーチャー育成交換券
アーツアップ
アーツアップ〔月下〕
アーツアップ：千年城
アーツアップ：水辺
アーツアップ：水辺または虚数空間
アーツアップ：水辺または都市
アーツニトロ
アーツ・コード・オープナー
アーツ封印
アーツ耐性ダウン
アーマード・テノチティトラン
アーラシュ
アーラシュの考察に投票
アーラシュの考察に投票済み
イアソン
イエロー茶葉
イカイノカジツ
イカイノコトワリ
イシスがごときトップレディ
イシスが如き A
イシスが如きトップレディ
イシスの雨
イシャー・ラーアー
イシュカ合金
イシュタル
イシュタルカップ
イシュタルカップの記憶
イシュタルガイセンモンオコシ
イシュタルズ･イレブン
イシュタル・アシュタレト
イシュタル凱旋門おこし
イスカンダル
イスカンダル(ライダー)装備時のみ、自身がフィールドにいる間、味方全体の攻撃力を15%アップ
イスカンダルへの道 B
イスタウキ
イズトゥーラ・セブンドライブ
イズモキセルチョコ
イズモノオクニ
イゾメノイチヤ
イタズラナルカゲ
イタルベキバショ
イタンナルセイレム
イタンノヤガ
イチゲキ、フネヲキル
イチノタチ
イチヤノユメ
イチヨウライフク
イッスンヒメ
イッツ・オンリー・ア・ペーパームーン
イップクノチャ
イツカノナツ
イツカミタマボロシ
イデアル・ホテリエ
イデアル・ホテリエ A
イデアル・ホテリエ B
イデアル・ホテリエ EX
イトオカシ
イトシゴヲヌウ
イトタカキキボウノハナヨ
イニシエートポイント
イノオカ
イノシシノカブリモノ
イノセンス・アロンダイト
イノセントフラワー
イノセント・ダーク
イノセント・ブルー
イノベイター・イヤー
イノベイター・バニー A
イノベート
イバラキドウジ
イバラノタネ
イフリータ・ハント 典位級
イフリータ・ハント 祭位級
イフリータ・ハント 開位級
イブキドウジ
イブクロでタオセ
イプシロン
イベントのメインクエストおよび終局特異点クリアで開放
イベントホールを復元で開放
イベント攻撃威力アップ
イマカラマニアウカジセット
イマジナリ・アラウンド
イマジナリ・アラウンド EX
イマジナリ・エクスプローラー
イマジナリ・エクスプローラー A（ヒレ）
イマジナリ・エクスプローラー A（鋭歯）
イマジナリ・エクスプローラー A（魚鱗）
イマジナリ・ダイバー
イマジナリ・ダイバー A（ヒレ）
イマジナリ・ダイバー A（鋭歯）
イマジナリ・ダイバー A（魚鱗）
イマジナリ・ダイバー B（ヒレ）
イマジナリ・ダイバー B（鋭歯）
イマジナリ・ダイバー B（魚鱗）
イマジナリ・ダイバー EX
イマワシキハワガジンセイ
イミテーションイモータリティ B+
イミテーション・ゴッド・フォース
イモータル・カオス・ブリゲイド
イヨ
イリアス紙片
イリアス紙片のドロップ獲得数アップ
イリヤ
イリヤスフィール
イリヤスフィール・フォン・アインツベルン
イリヤズム EX
イリュージョニスト（偽） C+
イリュージョン・フォー・ユー
イリョウヨウチョコ
イルス
イルマブロック
イレタテノコーヒー
イロドルウミノマチカドデ
イロハニホヘト
イワイノカザリ
インウィクトゥス・スピリートゥス
インウェルシオ・リベルタティス・オウラクルム
インスタント麺
インスタント麺のドロップ獲得数アップ
インスパイア
インセクトサーチ A
インセクトスティール A
インタビュー・ウィズ・マイスター
インタールード「突入、秋葉原タワー会館」
インテッセン
インテリペーパー
インテリペーパーのドロップ獲得数を1個増やす【『15人の理知的なメガネたち』イベント期間限定】
インテリペーパーのドロップ獲得数アップ
インドラ
インドラの大試練
インドラの大試練 
～巡るブロークン・スカイ～
インドラの大試練　～巡るブロークン・スカイ～
インドラチケット
インフィニティ・ブルー
インヴェイダー・オータム
インヴェイダー・バニー
イヴァイヤー・ウェントゥ・ネベデト・ゲレク
イヴァンライテイ
イヴァンライテイノショコ
イヴァン雷帝
イヴァン雷帝の書庫
イ・プルーリバス・ウナム
イース
イースを目指して
イースター・フェイルノート
イーター系エネミー追加出現率アップ
イーラ・ルプス
イー・バウ
ウィザード＆プリースト
ウィズ・ザ・ムーン
ウィズ・マイ・ファミリー
ウィズ・マイ・ファーザー
ウィッカーマン
ウィッシュ・カム・トゥルー
ウィッチクラフト
ウィッチズ・キッチン
ウィッチダンジョン
ウィツィロポチトリ
ウィナーズ・アイ
ウィニング・アルカプトラ
ウィリアム・シェイクスピア
ウィリアム・テル
ウィンズ・オブ・アヴァロン
ウィンズ・オブ・スプリング
ウィンター
カジュアル
ウィンターカジュアル
ウィンターキャラバンオンライン
ウィンターパーティー
ウィンター・ナイト・ベル
ウィンター・ナイト・ベル A
ウィンター・ナイト・ベル B
ウィンター・ナイト・ベル EX
ウィンディ・シティ
ウィークス・アイランド
ウィークネス・イヤー
ウインドグリーン
ウェイトリー家
ウェザー・リポート＜Ｐ＞
ウェストミンスター
ウェルカムトゥオニランド！！
ウェルカム・ダイナー
ウェルカム・トゥ・エキスポ
ウェルカム・バニー
ウェールズ（Ⅰ）
ウェールズ（Ⅱ）
ウエスギケンシン
ウォモ・ウニヴェルサーレ
ウォーク・イン・ザ・パーク
ウォーターガンバトル
ウォーターセーブ・ガラティーン
ウォーター・シャイン
ウシナワレタミギウデ
ウシワカマル
ウスアカキキョゾウノレイイン
ウスミドリ
ウタウヤリ、サケブヤリ
ウチの円卓
ウチの円卓 前編
ウチの円卓 後編
ウチアゲオーダー！
ウチノエンタク
ウツクシクモハカナイハナ
ウツクシスギルコウテイチョコ
ウツケヒョウタン
ウツミエリセ
ウハラ川
ウミヘノトビラ
ウラエウス・アストラペ
ウラギリノチョコレートタチ
ウリボーシティ 上級
ウリボーシティ 中級
ウリボーシティ 初級
ウリボーシティ 滅級
ウリボーシティ 爆級
ウリボーシティ 超級
ウル
ウルク
ウルクの倭のチャの国王
ウルク北壁
ウルク市街
ウルザルスラズル・フォルン
ウルズ
ウルトラジム
ウルトラソリッドアイスチョコ
ウルトラマニフェスト EX
ウルトラミコミコ大戦
ウルトラ浮き輪
ウルトラ浮き輪のドロップ獲得数を1個増やす【『カルデア・Ｕ－サマーアイランド』イベント期間限定】
ウルトラ浮き輪のドロップ獲得数アップ
ウルフゲーム
ウルワシキハビキノユビワ
ウンメイノヘビ
ウーサーミーミー
ウーリの狩人 B
エアリアル・ドライブ
エイゴウノコドク
エイジ・オブ・イシュタリン
エイチノヒカリ
エイテンリュウジュホウヨウジンシュウ
エイペックス
エイミング EX
エイユウケンゴウナナバンショウブ
エイユウノブソウ
エイユウフウサイ　サンエイケツ
エイリーク
エイリーク・ブラッドアクス
エイレイオウマ：アサシン
エイレイオウマ：アーチャー
エイレイオウマ：キャスター
エイレイオウマ：セイバー
エイレイオウマ：バーサーカー
エイレイオウマ：ライダー
エイレイオウマ：ランサー
エイレイガクソウ：アスカラポス
エイレイガクソウ：アスクレピオス
エイレイガクソウ：アムール〔カレン〕
エイレイガクソウ：アルトリア・ペンドラゴン〔オルタ〕
エイレイガクソウ：アレキサンダー
エイレイガクソウ：アンデルセン
エイレイガクソウ：アーサー・ペンドラゴン
エイレイガクソウ：イアソン
エイレイガクソウ：イリヤスフィール
エイレイガクソウ：インドラ
エイレイガクソウ：エドワード・ティーチ
エイレイガクソウ：エンセイ
エイレイガクソウ：オサカベヒメ
エイレイガクソウ：オジマンディアス
エイレイガクソウ：カツシカホクサイ
エイレイガクソウ：カーマ
エイレイガクソウ：ガンクツオウ　モンテ・クリスト
エイレイガクソウ：ギルガメッシュ
エイレイガクソウ：クー・フーリン
エイレイガクソウ：クー・フーリン〔オルタ〕
エイレイガクソウ：シャルロット・コルデー
エイレイガクソウ：シュテンドウジ
エイレイガクソウ：ショカツコウメイ〔ロードエルメロイニセイ〕
エイレイガクソウ：ジェームズ・モリアーティ
エイレイガクソウ：ジャック・ド・モレー
エイレイガクソウ：ジュネス・クレーン
エイレイガクソウ：ジョオウメイヴ
エイレイガクソウ：ジョフク
エイレイガクソウ：セイショウナゴン
エイレイガクソウ：タカスギシンサク
エイレイガクソウ：ダンテ・アリギエーリ
エイレイガクソウ：ツタンカーメン
エイレイガクソウ：テノチティトラン
エイレイガクソウ：テュフォン・エフェメロス＆イプシロン
エイレイガクソウ：デメテル
エイレイガクソウ：トウドウヘイスケ
エイレイガクソウ：ドゥルガー
エイレイガクソウ：ネモ
エイレイガクソウ：ネモ／ノア
エイレイガクソウ：ネロ・クラウディウス
エイレイガクソウ：ハナサカノオキナ
エイレイガクソウ：ハラダサノスケ
エイレイガクソウ：バーヴァン・シー
エイレイガクソウ：パリス
エイレイガクソウ：パーシヴァル
エイレイガクソウ：フランケンシュタイン
エイレイガクソウ：フローラ
エイレイガクソウ：ブリトマート
エイレイガクソウ：マシュ・キリエライト
エイレイガクソウ：マルタ
エイレイガクソウ：ミヤモトイオリ
エイレイガクソウ：ミヤモトムサシ
エイレイガクソウ：メタトロン・ジャンヌ
エイレイガクソウ：メリュジーヌ
エイレイガクソウ：モルガン
エイレイガクソウ：ランリョウオウ
エイレイガクソウ：レオナルド・ダ・ヴィンチ
エイレイガクソウ：レディ・アヴァロン
エイレイガクソウ：ロウヒ
エイレイガクソウ：ヴァン・ゴッホ〔マイナー〕
エイレイキコウ：アタランテ
エイレイキコウ：アナスタシア
エイレイキコウ：アビゲイル・ウィリアムズ
エイレイキコウ：アマクサシロウ
エイレイキコウ：アルトリア・ペンドラゴン
エイレイキコウ：イシュタル
エイレイキコウ：ウシワカマル＆ムサシボウベンケイ
エイレイキコウ：エレシュキガル
エイレイキコウ：エンセイ
エイレイキコウ：オカダイゾウ
エイレイキコウ：オサカベヒメ
エイレイキコウ：カツシカホクサイ
エイレイキコウ：カトウダンゾウ
エイレイキコウ：カルナ＆アルジュナ
エイレイキコウ：キヨヒメ
エイレイキコウ：キングプロテア
エイレイキコウ：クー・フーリン
エイレイキコウ：グ・ビジン
エイレイキコウ：ゲオルギウス
エイレイキコウ：ゲンジョウサンゾウ
エイレイキコウ：ササキコジロウ
エイレイキコウ：シグルド＆ブリュンヒルデ
エイレイキコウ：シャーロック・ホームズ
エイレイキコウ：シュテンドウジ
エイレイキコウ：ジャガーマン
エイレイキコウ：ジャック・ザ・リッパー
エイレイキコウ：スカサハ＝スカディ
エイレイキコウ：スズカゴゼン
エイレイキコウ：セイショウナゴン
エイレイキコウ：ナゾのヒロインX
エイレイキコウ：ニトクリス
エイレイキコウ：フウマコタロウ
エイレイキコウ：フランケンシュタイン
エイレイキコウ：ヘラクレス
エイレイキコウ：ベディヴィエール
エイレイキコウ：ベニエンマ
エイレイキコウ：ポール・バニヤン
エイレイキコウ：マシュ・キリエライト
エイレイキコウ：マリー・アントワネット
エイレイキコウ：マルタ
エイレイキコウ：マーリン
エイレイキコウ：ミヤモトムサシ
エイレイキコウ：ムラサキシキブ
エイレイキコウ：メドゥーサ
エイレイキコウ：モリ・ナガヨシ
エイレイキコウ：ヤギュウタジマノカミムネノリ
エイレイキコウ：ランリョウオウ
エイレイキコウ：レオナルド・ダ・ヴィンチ
エイレイキョクテン：アシヤドウマン
エイレイキョクテン：アルトリア・ペンドラゴン
エイレイキョクテン：エンセイ
エイレイキョクテン：オリオン
エイレイキョクテン：カーマ
エイレイキョクテン：ギルガメッシュ
エイレイキョクテン：サカタキントキ
エイレイキョクテン：シグルド
エイレイキョクテン：ジャンヌ・ダルク
エイレイキョクテン：スカサハ＝スカディ
エイレイキョクテン：スペース・イシュタル
エイレイキョクテン：トモエゴゼン
エイレイキョクテン：ネモ
エイレイキョクテン：ビービー
エイレイキョクテン：マシュ・キリエライト
エイレイキョクテン：メリュジーヌ
エイレイキョクテン：モルガン
エイレイキョクテン：ヤミノコヤンスカヤ
エイレイキョクテン：レオナルド・ダ・ヴィンチ
エイレイキョクテン：レディ・アヴァロン
エイレイキョクテン：ロムルス＝クィリヌス
エイレイサイソウ：アキレウス
エイレイサイソウ：アシヤドウマン
エイレイサイソウ：アスクレピオス
エイレイサイソウ：アストライア
エイレイサイソウ：アナスタシア
エイレイサイソウ：アビゲイル・ウィリアムズ
エイレイサイソウ：アマデウス
エイレイサイソウ：アルジュナ
エイレイサイソウ：アルトリア・ペンドラゴン
エイレイサイソウ：アンデルセン
エイレイサイソウ：アントニオ・サリエリ
エイレイサイソウ：イバラギドウジ
エイレイサイソウ：イブキドウジ
エイレイサイソウ：エレシュキガル
エイレイサイソウ：エレナ・ブラヴァツキー
エイレイサイソウ：エンセイ
エイレイサイソウ：オカダイゾウ
エイレイサイソウ：オサカベヒメ
エイレイサイソウ：オンナキョウコウヨハンナ
エイレイサイソウ：カツシカホクサイ
エイレイサイソウ：カーマ
エイレイサイソウ：キルケー
エイレイサイソウ：ククルカン
エイレイサイソウ：クー・フーリン
エイレイサイソウ：グビジン
エイレイサイソウ：グレイ
エイレイサイソウ：ケツァル・コアトル
エイレイサイソウ：コンスタンティノスジュウイッセイ
エイレイサイソウ：サイトウハジメ
エイレイサイソウ：サカモトリョウマ
エイレイサイソウ：サロメ
エイレイサイソウ：サンソン
エイレイサイソウ：シコウテイ
エイレイサイソウ：シトナイ
エイレイサイソウ：シャルルマーニュ
エイレイサイソウ：シュテンドウジ
エイレイサイソウ：ジャンヌ・ダルク
エイレイサイソウ：ジョフク
エイレイサイソウ：スカサハ
エイレイサイソウ：スカサハ＝スカディ
エイレイサイソウ：セイショウナゴン
エイレイサイソウ：セタンタ
エイレイサイソウ：セッショウインキアラ
エイレイサイソウ：タイコウボウ
エイレイサイソウ：タイサイセイクン
エイレイサイソウ：タイラノカゲキヨ
エイレイサイソウ：タカスギシンサク
エイレイサイソウ：ティアマト
エイレイサイソウ：テノチティトラン
エイレイサイソウ：ディルムッド・オディナ
エイレイサイソウ：トモエゴゼン
エイレイサイソウ：ドラコー
エイレイサイソウ：ナゾノヒロインXX
エイレイサイソウ：ナタ
エイレイサイソウ：ニトクリス
エイレイサイソウ：パールヴァティー
エイレイサイソウ：ビーマ
エイレイサイソウ：フランケンシュタイン
エイレイサイソウ：ブラダマンテ
エイレイサイソウ：ベディヴィエール
エイレイサイソウ：ベニエンマ
エイレイサイソウ：ポール・バニヤン
エイレイサイソウ：マナナン・マク・リール
エイレイサイソウ：マリー・アントワネット
エイレイサイソウ：マルタ
エイレイサイソウ：モードレッド
エイレイサイソウ：ヤマナミケイスケ
エイレイサイソウ：ヨウキヒ
エイレイサイソウ：ランリョウオウ
エイレイサイソウ：レオナルド・ダ・ヴィンチ
エイレイサイソウ：レディ・アヴァロン
エイレイサイソウ：ロクスタ
エイレイサイソウ：ロビンフッド
エイレイシュクソウ：アオザキアオコ
エイレイシュクソウ：アキレウス
エイレイシュクソウ：アシヤドウマン
エイレイシュクソウ：アショカオウ
エイレイシュクソウ：アスクレピオス
エイレイシュクソウ：アナスタシア
エイレイシュクソウ：アビゲイル・ウィリアムズ
エイレイシュクソウ：アマデウス
エイレイシュクソウ：アルジュナ
エイレイシュクソウ：アルテラ・ザ・サンタ
エイレイシュクソウ：アルトリア・ペンドラゴン
エイレイシュクソウ：アーキタイプ：アース
エイレイシュクソウ：アーラシュ
エイレイシュクソウ：イブキドウジ
エイレイシュクソウ：インドラ
エイレイシュクソウ：ウィリアム・テル
エイレイシュクソウ：ウシワカマル
エイレイシュクソウ：ウツミエリセ
エイレイシュクソウ：エウリュアレ
エイレイシュクソウ：エミヤ
エイレイシュクソウ：エルキドゥ
エイレイシュクソウ：エレナ・ブラヴァツキー
エイレイシュクソウ：オキタソウジ
エイレイシュクソウ：オノノコマチ
エイレイシュクソウ：オベロン
エイレイシュクソウ：オンナキョウコウヨハンナ
エイレイシュクソウ：カイニス
エイレイシュクソウ：カシンコジ
エイレイシュクソウ：カトウダンゾウ
エイレイシュクソウ：カラミティ・ジェーン
エイレイシュクソウ：カルナ
エイレイシュクソウ：カーマ
エイレイシュクソウ：カーリー
エイレイシュクソウ：ガウェイン
エイレイシュクソウ：ガレス
エイレイシュクソウ：キイチホウゲン
エイレイシュクソウ：キヨヒメ
エイレイシュクソウ：ククルカン
エイレイシュクソウ：クロエ
エイレイシュクソウ：クロヒメ
エイレイシュクソウ：クー・フーリン
エイレイシュクソウ：グ・ビジン
エイレイシュクソウ：コウウ
エイレイシュクソウ：コウヒコ
エイレイシュクソウ：コエンシャク
エイレイシュクソウ：コマヒメ
エイレイシュクソウ：コロンブス
エイレイシュクソウ：サイカマゴイチ
エイレイシュクソウ：サイトウ・ハジメ
エイレイシュクソウ：サンソン
エイレイシュクソウ：シコウテイ
エイレイシュクソウ：シバイ
エイレイシュクソウ：シバノジョオウ
エイレイシュクソウ：シャーロック・ホームズ
エイレイシュクソウ：ジェームズ・モリアーティ
エイレイシュクソウ：ジャガーマン
エイレイシュクソウ：ジャック・ザ・リッパー
エイレイシュクソウ：ジャック・ド・モレー
エイレイシュクソウ：ジョフク
エイレイシュクソウ：スカサハ
エイレイシュクソウ：スギタニゼンジュウボウ
エイレイシュクソウ：スズカゴゼン
エイレイシュクソウ：ステンノ
エイレイシュクソウ：スーパーバニヤン
エイレイシュクソウ：セキトバ
エイレイシュクソウ：セタンタ
エイレイシュクソウ：ゼノビア
エイレイシュクソウ：タイコウボウ
エイレイシュクソウ：タカスギシンサク
エイレイシュクソウ：ダンテ・アリギエーリ
エイレイシュクソウ：チョウカク
エイレイシュクソウ：チョウシマイ
エイレイシュクソウ：ツタンカーメン
エイレイシュクソウ：テスカトリポカ
エイレイシュクソウ：テノチティトラン
エイレイシュクソウ：ドブルイニャ・ニキチッチ
エイレイシュクソウ：ナガクラシンパチ
エイレイシュクソウ：ナゾノヒロインXX
エイレイシュクソウ：ナポレオン
エイレイシュクソウ：ニコラ・テスラ
エイレイシュクソウ：ニトクリス
エイレイシュクソウ：ハベトロット
エイレイシュクソウ：バーゲスト
エイレイシュクソウ：バーヴァン・シー
エイレイシュクソウ：パーシヴァル
エイレイシュクソウ：ヒジカタトシゾウ
エイレイシュクソウ：ヒャクボウノハサン
エイレイシュクソウ：ビショーネ
エイレイシュクソウ：フィン・マックール
エイレイシュクソウ：フランケンシュタイン
エイレイシュクソウ：ブソクテン
エイレイシュクソウ：ブラダマンテ
エイレイシュクソウ：ベディヴィエール
エイレイシュクソウ：ペンテシレイア
エイレイシュクソウ：マナナン・マク・リール
エイレイシュクソウ：マリー・アントワネット
エイレイシュクソウ：マンドリカルド
エイレイシュクソウ：マーリン
エイレイシュクソウ：ミス・クレーン
エイレイシュクソウ：ミナモトノタメトモ
エイレイシュクソウ：ミヤモトイオリ
エイレイシュクソウ：メドゥーサ
エイレイシュクソウ：メリュジーヌ
エイレイシュクソウ：モチヅキチヨメ
エイレイシュクソウ：ヤマナミケイスケ
エイレイシュクソウ：ランリョウオウ
エイレイシュクソウ：リリス
エイレイシュクソウ：レオナルド・ダ・ヴィンチ
エイレイシュクソウ：ロウヒ
エイレイシュクソウ：ワタナベノツナ
エイレイシュクソウ：ワンジナ
エイレイシュクソウ：ヴラドサンセイ
エイレイシュクソウ：ヴリトラ
エイレイショウゾウ：アルジュナ
エイレイショウゾウ：アルテラ
エイレイショウゾウ：アルトリア・ペンドラゴン
エイレイショウゾウ：ウシワカマル
エイレイショウゾウ：ジャンヌ・ダルク
エイレイショウゾウ：スカサハ
エイレイショウゾウ：ダレイオスサンセイ
エイレイショウゾウ：ヘンリー・ジキル＆ハイド
エイレイショウゾウ：マシュ・キリエライト
エイレイショウゾウ：メフィストフェレス
エイレイショウゾク：ジャンヌ・ダルク
エイレイショウゾク：ネロ・クラウディウス
エイレイショウゾク：メドゥーサ
エイレイショウゾク：レオナルド・ダ・ヴィンチ
エイレイジュンユウ：アシヤドウマン
エイレイジュンユウ：アシュヴァッターマン
エイレイジュンユウ：アスクレピオス
エイレイジュンユウ：アストルフォ
エイレイジュンユウ：アビゲイル・ウィリアムズ
エイレイジュンユウ：アマデウス
エイレイジュンユウ：アルトリア・キャスター
エイレイジュンユウ：アルトリア・ペンドラゴン
エイレイジュンユウ：イアソン
エイレイジュンユウ：イシュタル
エイレイジュンユウ：ウシワカマル
エイレイジュンユウ：エレナ・ブラヴァツキー
エイレイジュンユウ：オダノブカツ
エイレイジュンユウ：カーマ
エイレイジュンユウ：カーミラ
エイレイジュンユウ：ガレス
エイレイジュンユウ：ゲンジョウサンゾウ
エイレイジュンユウ：サイトウハジメ
エイレイジュンユウ：ジェームズ・モリアーティ
エイレイジュンユウ：ジャガーマン
エイレイジュンユウ：ジョオウメイヴ
エイレイジュンユウ：スカサハ＝スカディ
エイレイジュンユウ：センジムラマサ
エイレイジュンユウ：ディオスクロイ
エイレイジュンユウ：ナゾノアイドルエックス
エイレイジュンユウ：ナゾノアルターエゴ・ラムダ
エイレイジュンユウ：ニトクリス
エイレイジュンユウ：バーソロミュー・ロバーツ
エイレイジュンユウ：ヒミコ
エイレイジュンユウ：ベニエンマ
エイレイジュンユウ：ボイジャー
エイレイジュンユウ：ミス・クレーン
エイレイジュンユウ：ヨウキヒ
エイレイジュンユウ：ワタナベノツナ
エイレイジュンユウ：ヴァン・ゴッホ
エイレイジュンユウ：ヴリトラ
エイレイスティックチョコ
エイレイセイコウ：アシヤドウマン
エイレイセイコウ：アステリオス
エイレイセイコウ：アストライア
エイレイセイコウ：アナスタシア
エイレイセイコウ：アビゲイル・ウィリアムズ
エイレイセイコウ：アルジュナ
エイレイセイコウ：アルテラ
エイレイセイコウ：アルトリア・キャスター
エイレイセイコウ：アルトリア・ペンドラゴン
エイレイセイコウ：アントニオ・サリエリ
エイレイセイコウ：アンドロメダ
エイレイセイコウ：イシュタル
エイレイセイコウ：イバラキドウジ
エイレイセイコウ：イリヤスフィール
エイレイセイコウ：ウツミエリセ
エイレイセイコウ：エウリュアレ
エイレイセイコウ：エレシュキガル
エイレイセイコウ：オカダイゾウ
エイレイセイコウ：オサカベヒメ
エイレイセイコウ：オベロン
エイレイセイコウ：オンナキョウコウヨハンナ
エイレイセイコウ：カツシカホクサイ
エイレイセイコウ：カトウダンゾウ＆カシンコジ
エイレイセイコウ：カーマ
エイレイセイコウ：カーミラ＆メディア
エイレイセイコウ：ガンクツオウ　モンテ・クリスト
エイレイセイコウ：キョクテイバキン
エイレイセイコウ：ククルカン
エイレイセイコウ：クリームヒルト
エイレイセイコウ：グレイ
エイレイセイコウ：ケツァル・コアトル
エイレイセイコウ：ゲンジョウサンゾウ
エイレイセイコウ：コギル
エイレイセイコウ：コロンブス
エイレイセイコウ：コンドウイサミ
エイレイセイコウ：シャルロット・コルデー
エイレイセイコウ：シャーロック・ホームズ
エイレイセイコウ：シュテンドウジ
エイレイセイコウ：ジェームズ・モリアーティ
エイレイセイコウ：ジャンヌ・ダルク
エイレイセイコウ：ジークフリート
エイレイセイコウ：スズカゴゼン
エイレイセイコウ：セキトバ
エイレイセイコウ：センノリキュウ
エイレイセイコウ：タイコウボウ
エイレイセイコウ：タイサイセイクン
エイレイセイコウ：タカスギシンサク
エイレイセイコウ：ダンテ・アリギエーリ
エイレイセイコウ：テスカトリポカ
エイレイセイコウ：テノチティトラン
エイレイセイコウ：テュフォン・エフェメロス
エイレイセイコウ：ドゥルガー
エイレイセイコウ：ドブルイニャ・ニキチッチ
エイレイセイコウ：ナイチンゲール
エイレイセイコウ：ナゾノヒロインエックス
エイレイセイコウ：ニトクリス
エイレイセイコウ：ハベトロット
エイレイセイコウ：バーソロミュー＆ティーチ
エイレイセイコウ：バーヴァン・シー
エイレイセイコウ：パーシヴァル
エイレイセイコウ：ヒジカタトシゾウ
エイレイセイコウ：ヒミコ
エイレイセイコウ：ビショーネ
エイレイセイコウ：フウマコタロウ＆ヨウセイノハサン
エイレイセイコウ：フランケンシュタイン
エイレイセイコウ：ブラダマンテ
エイレイセイコウ：ブリトマート
エイレイセイコウ：ヘクトール
エイレイセイコウ：ヘラクレス
エイレイセイコウ：ベニエンマ
エイレイセイコウ：ボイジャー
エイレイセイコウ：ポール・バニヤン
エイレイセイコウ：マシュ・キリエライト
エイレイセイコウ：マンドリカルド
エイレイセイコウ：マーリン
エイレイセイコウ：ミス・クレーン
エイレイセイコウ：ミヤモトムサシ
エイレイセイコウ：メリュジーヌ
エイレイセイコウ：モリ・ナガヨシ
エイレイセイコウ：モードレッド
エイレイセイコウ：ヤギュウタジマノカミムネノリ
エイレイセイコウ：ヤマトタケル
エイレイセイコウ：ヤマノオキナ
エイレイセイコウ：ヤミノコヤンスカヤ
エイレイセイコウ：ユーディーケーバーゲスト
エイレイセイコウ：ランスロット
エイレイセイコウ：ランリョウオウ
エイレイセイコウ：ラーマ
エイレイセイコウ：ラーヴァ／ティアマト
エイレイセイコウ：リリス
エイレイセイコウ：レオナルド・ダ・ヴィンチ
エイレイセイコウ：レディ・アヴァロン
エイレイセイコウ：ロウヒ
エイレイセイコウ：ロクスタ
エイレイセイコウ：ロムルス＝クィリヌス
エイレイセイコウ：ヴァン・ゴッホ
エイレイセイコウ：ヴリトラ
エイレイセイソウ：アステリオス
エイレイセイソウ：アタランテ
エイレイセイソウ：アマデウス
エイレイセイソウ：アルジュナ
エイレイセイソウ：アルテラ
エイレイセイソウ：アルトリア・ペンドラゴン
エイレイセイソウ：アーサー・ペンドラゴン
エイレイセイソウ：イシュタル
エイレイセイソウ：エウリュアレ
エイレイセイソウ：エドワード・ティーチ
エイレイセイソウ：エミヤ
エイレイセイソウ：エルドラドのバーサーカー
エイレイセイソウ：カエサル
エイレイセイソウ：カルナ
エイレイセイソウ：ギルガメッシュ
エイレイセイソウ：クー・フーリン
エイレイセイソウ：ケツァル・コアトル
エイレイセイソウ：シャーロック・ホームズ
エイレイセイソウ：シュヴァリエ・デオン
エイレイセイソウ：ジャガーマン
エイレイセイソウ：ジャンヌ・ダルク
エイレイセイソウ：スカサハ
エイレイセイソウ：ナイチンゲール
エイレイセイソウ：ニトクリス
エイレイセイソウ：ネロ・クラウディウス
エイレイセイソウ：フランケンシュタイン
エイレイセイソウ：ブーディカ
エイレイセイソウ：ヘラクレス
エイレイセイソウ：ベディヴィエール
エイレイセイソウ：マシュ・キリエライト
エイレイセイソウ：マリー・アントワネット
エイレイセイソウ：メドゥーサ
エイレイセイソウ：メフィストフェレス
エイレイセイソウ：モードレッド
エイレイセイソウ：ランスロット
エイレイセイソウ：レオナルド・ダ・ヴィンチ
エイレイセイソウ：ロムルス
エイレイセイソウ：ヴラド三世
エイレイセイソウ：不夜城のアサシン
エイレイセイソウ：呪腕のハサン
エイレイセイソウ：坂田金時
エイレイセイソウ：女王メイヴ
エイレイセイソウ：清姫
エイレイセイソウ：牛若丸
エイレイハクソウ：アスクレピオス
エイレイハクソウ：アストルフォ
エイレイハクソウ：アビゲイル・ウィリアムズ
エイレイハクソウ：アマクサシロウ
エイレイハクソウ：アメノマジョトネリコ
エイレイハクソウ：アントニオ・サリエリ
エイレイハクソウ：アンドロメダ
エイレイハクソウ：イアソン
エイレイハクソウ：イズモノオクニ
エイレイハクソウ：エンセイ
エイレイハクソウ：オダノブナガ
エイレイハクソウ：オベロン
エイレイハクソウ：カツシカホクサイ
エイレイハクソウ：カーマ
エイレイハクソウ：ガンクツオウ　モンテ・クリスト
エイレイハクソウ：クー・フーリン
エイレイハクソウ：サカタキントキ
エイレイハクソウ：サカモトリョウマ
エイレイハクソウ：ササキコジロウ
エイレイハクソウ：シンメンムサシノカミフジワラノハルノブ
エイレイハクソウ：セイショウナゴン
エイレイハクソウ：センノリキュウ
エイレイハクソウ：タカスギシンサク
エイレイハクソウ：タケダシンゲン
エイレイハクソウ：ナガクラシンパチ
エイレイハクソウ：ナゾノヒロインエックス
エイレイハクソウ：ノクナレア・ヤラアーンドゥ
エイレイハクソウ：フウマコタロウ
エイレイハクソウ：ブリトマート
エイレイハクソウ：ブーディカ
エイレイハクソウ：プトレマイオス
エイレイハクソウ：ヘファイスティオン
エイレイハクソウ：ベディヴィエール
エイレイハクソウ：マリー・アントワネット
エイレイハクソウ：ミナモトノライコウ
エイレイハクソウ：メリュジーヌ
エイレイハクソウ：モリ・ナガヨシ
エイレイハクソウ：ユイショウセツ
エイレイハクソウ：ユーディーケーバーゲスト
エイレイハクソウ：ヨウセイキシトリスタン
エイレイハクソウ：ヨウセイノハサン
エイレイハクソウ：ラーヴァ／ティアマト
エイレイムソウ：アナスタシアアンドヴィイ
エイレイムソウ：アルジュナ
エイレイムソウ：アルトリア・ペンドラゴン
エイレイムソウ：アーラシュ
エイレイムソウ：オカダイゾウ
エイレイムソウ：オキタソウジ
エイレイムソウ：カツシカホクサイ
エイレイムソウ：カーマ
エイレイムソウ：キョクテイバキン
エイレイムソウ：クリームヒルト
エイレイムソウ：クー・フーリン
エイレイムソウ：コロンブス
エイレイムソウ：サイトウハジメ
エイレイムソウ：シバイ
エイレイムソウ：シャルロット・コルデー
エイレイムソウ：シンメンムサシノカミフジワラノハルノブ
エイレイムソウ：ジェームズ・モリアーティ
エイレイムソウ：ジャック・ド・モレー
エイレイムソウ：ジークフリート
エイレイムソウ：スペース・イシュタル
エイレイムソウ：スーパーバニヤン
エイレイムソウ：セキトバ
エイレイムソウ：ゼノビア
エイレイムソウ：タイコウボウ
エイレイムソウ：ドブルイニャ・ニキチッチ
エイレイムソウ：ナゾノランマルエックス
エイレイムソウ：バーゲスト
エイレイムソウ：バーヴァン・シー
エイレイムソウ：パーシヴァル
エイレイムソウ：ヒジカタトシゾウ
エイレイムソウ：ビリー・ザ・キッド
エイレイムソウ：マオウノブナガ
エイレイムソウ：マシュ・キリエライト
エイレイムソウ：マンドリカルド
エイレイムソウ：マーリン
エイレイムソウ：メリュジーヌ
エイレイムソウ：モチヅキチヨメ
エイレイムソウ：レオナルド・ダ・ヴィンチ
エイレイリョソウ：アステリオス
エイレイリョソウ：アタランテ
エイレイリョソウ：アビゲイル・ウィリアムズ
エイレイリョソウ：アルジュナ
エイレイリョソウ：アルテラ
エイレイリョソウ：アルトリア・ペンドラゴン
エイレイリョソウ：アントニオ・サリエリ
エイレイリョソウ：アーチャー・インフェルノ
エイレイリョソウ：エレシュキガル
エイレイリョソウ：オケアノスノキャスター
エイレイリョソウ：オサカベヒメ
エイレイリョソウ：カツシカホクサイ
エイレイリョソウ：カルナ
エイレイリョソウ：カーミラ
エイレイリョソウ：キヨヒメ
エイレイリョソウ：ゲンジョウサンゾウ
エイレイリョソウ：ササキコジロウ
エイレイリョソウ：シャルル＝アンリ・サンソン
エイレイリョソウ：シャーロック・ホームズ
エイレイリョソウ：シンジュクノアサシン
エイレイリョソウ：シンメンムサシノカミフジワラハルノブ
エイレイリョソウ：スカサハ
エイレイリョソウ：スズカゴゼン
エイレイリョソウ：タマモノマエ
エイレイリョソウ：ダビデ
エイレイリョソウ：ナイチンゲール
エイレイリョソウ：ナゾノヒロインエックス
エイレイリョソウ：ナタ
エイレイリョソウ：ネロ・クラウディウス
エイレイリョソウ：ブリュンヒルデ
エイレイリョソウ：ポール・バニヤン
エイレイリョソウ：マシュ・キリエライト
エイレイリョソウ：マルタ
エイレイリョソウ：マーリン
エイレイリョソウ：ミナモトノライコウ
エイレイリョソウ：ヤギュウタジマノカミムネノリ
エイレイリョソウ：レオナルド・ダ・ヴィンチ
エイレイリョソウ：ヴォルフガング・アマデウス・モーツァルト
エウリュアレ
エウロペ
エガオノシルシ
エキサイトマーケット
エクスカリバー
エクスカリバー・エクセルスス
エクスカリバー・ガラティーン
エクスカリバー・モルガン
エクスカリバー・ロゴス
エクスカリバー・ヴィヴィアン
エクスキューションサイト
エクスクルーシブ・テイラー
エクストラ・エンハンスメント
エジプトエリア
エジプト魔術 A
エスケープ・ポッド
エスサンダークランチチョコスティック
エスタブリッシュメント
エステルームを復元で開放
エターナル・ラメント
エターナル・ローマ
エディンバラ
エディン・シュグラ・クエーサー
エディン・シュグラ・コラプサー
エトナ火山
エトワール・オーナメント
エドワード・ティーチ
エニス・グイトリン
エニス・グイトリン -
エヌエフエフエクストラ
エヌマ ディンギル
エヌマ・エリシュ
エネミー側のフィールドにいるすべての対象が「宝具攻撃で受けるダメージが増える効果」を受ける
エネミー側のフィールドにいるすべての対象が「攻撃力をアップする効果」を受ける
エネミー側のフィールドにいるすべての対象が「防御力をダウンする効果」を受ける
エビフ山
エピソードIII　最後の導き
エピソードII　灰燼より来たる
エピソードI　螺旋虹霓
エピローグ
エピローグ 「ぐだぐだ夢物語」
エピローグ 「果てなき遺産」
エピローグ 「雪降る遺跡と少女騎士」
エピローグ 『置き去りにされたあなたへ』
エピローグ あなたへのスーベニア
エピローグ マスターは食堂へ戻った
エピローグ レッサー・イービル
エピローグ 不滅の誠
エピローグ 恋する少女たちとチョコレート
エピローグ 箙を叩いて響めきけり
エピローグ 虹～アーク
エピローグ 鬼烙百重塔
エピローグ 鵲の橋を渡って
エピローグ ～おしまい、おやすみ、さようなら～
エピローグⅠ
エピローグⅠ 宴の後始末
エピローグⅡ
エピローグⅡ さよならとよろしく
エピローグ　SWEET MEMORIES
エピローグ　「武蔵の野辺に朽ちぬとも」
エピローグ　夏は続く
エピローグ「ぐだぐだ日和」
エピローグ「女王、彼方より」
エピローグ「秋葉原お疲れ様会」
エピローグ『しづく花の色さやかにも』
エピローグ『人生足別離』
エピローグ『花のように君は笑い』
エピローグ『鬼の目に…』
エピローグクリア
＆2月17日18時00分以降に開放
エピローグクリア
＆3月12日18時00分以降に開放
エピローグクリア
＆6月9日18時00分以降に開放
エピローグクリア
＆{0}月{1}日{2:D2}時{3:D2}分以降に開放
エピローグクリアかつ10月18日18時00分以降に開放
エピローグクリアかつ1月18日18時以降に開放
エピローグクリアかつ2月15日18時00分以降に開放
エピローグクリアかつ3月23日18時00分以降に開放
エピローグクリアかつ9月26日18時00分以降に開放
エピローグクリアで開放
エピローグクリアクリアかつ7月3日18時00分以降に開放
エピローグ及びガッポリークエスト＆ボーナスクエストを全てクリアで開放
エピローグ：星海の旅人、葦原の娘
エピローグ：神話の終わりと───
エピローグ？
エフジーオーブイアール マシュ・キリエライト
エフジーオー・ザ・ステージ
エマキチョコレート
エミヤ
エミヤ(アーチャー)装備時のみ、自身の宝具威力を30%アップ＆攻撃時に確率でスターを5個獲得
エミヤ〔アサシン〕
エミヤ〔オルタ〕
エミヤオルタ
エメラルド・フロート
エモーショナルな私達
エモーショナルエンジン・ビビッドフルセンセーション
エモーショナルエンジン・フルドライブ
エラーポイント
エリア51
エリクサー
エリザベート
エリザベート・エヴォルツィオ EX
エリザベート・バートリー
エリザベート・バートリー〔シンデレラ〕
エリザベート・バートリー〔ハロウィン〕
エリザベート・バートリー〔ブレイブ〕
エリザ・新生
エリザ粒子 A
エリス島
エリドゥ
エリニュスの胎動 EX
エリンの守護者
エリーゼラント公式ぬい
エルキドゥ
エルキドゥ(ランサー)装備時のみ、自身がフィールドにいる間、味方全体のHPを毎ターン500回復
エルドラド
エルドラドのバーサーカー
エルドラドの死闘
エルドラドノバーサーカー
エルメロイキョウシツ
エルメロイ・ティータイム
エルメロイ教室
エルロンド会議
エルン
エレガントスクエア
エレクトロジカ ダイアグラム
エレクトロ・ウェディング A
エレシュキガル
エレシュキガル霊衣獲得クエスト
エレナチームを応援 オーバーヒート級
エレナチームを応援 ドライブ級
エレナチームを応援 ハイスピード級
エレナチームを応援 フルスロットル級
エレナチームを支援 スコップ級
エレナチームを支援 スプーン級
エレナチームを支援 ダイナマイト級
エレナチームを支援 ドリル級
エレナ・ブラヴァツキー
エレメンタリー・マイ・ディア
エレメンタル
エレメンタル A+
エンカウント
エンクロミアの暗涙
エンゲキテキマジンノメランコリー
エンコミウム・モリエ
エンゴシャゲキ
エンジェル・ハート
エンジェル・ブレス
エンセイ
エンチャント A
エンドレス・エンジョイ・サマー！ A
エンプティ・ガーデン
エンプレス・クエスト
エンプーサ・グラス
エンプーサ・チェインテンペスト
エンペラーうちわ
エンペラーうちわのドロップ獲得数アップ
エンローバーフォトン
エヴァーダーク　えいやせんせん
エーテル収光体
エーテル宇宙然るに秩序
エードラム合金
エーレガンド
オアシス・ナイト
オイテナオ
オイル
オウイブツ
オウカランマン
オウケノハクバ
オウケンビコウ
オウゴンエンタクカイテンバン
オウゴンジュノケイフ
オウゴントタイヨウノショウブシ
オウゴンノカジ
オウゴンノカセ
オウゴンノキセキ
オウゴンノツバサ
オウゴンノリンゴ
オウジャノキシツ
オウノウマ
オウノショウバン
オウノチョウゾウチョコ
オウノツルギ、ユウシャノツルギ
オウヒノオクリモノ
オウリツケン
オオイナルシンピ
オオエヤマハナビ
オオカミノハナシ
オカアサンヘ
オカエシハキスデ
オカダイゾウ
オガワハイム
オキタソウジ
オキタソウジ・オルタ
オキタ・Ｊ・ソウジ
オキニイリノイチマイ
オクト・ノーティカ
オケアノス
オケアノスのキャスター
オケアノスノキャスター
オゴンリツノハツロ
オサカベヒメ
オシエルコト、マナブコト
オシリスの塵
オジマンディアス
オセアニア北部エリア
オセアニア南部エリア
オセチ・パッケージ
オゾマシキマオウノチョコ
オダノブナガ
オダヤカナアユミ
オダ・ノブカツ
オチュウゲン
オックスフォード
オツカレサマデス！
オデュッセウス
オデンチョコ
オトメタチノゴサンカイ
オドルレッドパイル
オニキス・キャッスル
オニニコロモ
オニノチャカイ
オニノメン
オノノコマチ
オハダノミカタ
オヒメサマノオリガミ
オフィス街
オフィス街北区
オプタテシケ・オキムンペ
オベロン
オペラハウス
オペラ・イン・アーケード
オペレーション・フィオナ
オマハ
オメテオトル・テノチティトラン
オモイ、サンゼニワタリ
オモイノハイタツニン
オモカゲハハルノゴトク
オモチャノピアノ
オヤスミヴィイ
オリエンテーリング
オリオン
オリュンポスの歓待（前編）
オリュンポスの歓待（後編）
オリンピアの体操服
オルガナイザー A
オルガマリークエスト_１
オルガマリークエスト_１～４　ダイジェスト
オルガマリークエスト_２
オルガマリークエスト_３
オルガマリークエスト_３・すごい本気
オルガマリークエスト_３・やや本気
オルガマリークエスト_３・やや本気をクリアで開放
オルガマリークエスト_４
オルガマリー・アニムスフィア
オルタの系譜
オルテナウス
オルテナウス開放権
オルテナウス（改修型）
オルテンシア
オルトリアクター A
オルトリアクター A+
オルトリアクター B
オルトリンデ
オルレアン
オルレアンのひつじ
オルレアンの乙女
オルレアンの羊
オルレアンへ進撃
オレサマセイトカイ
オロチ・フロストレルム
オロチ・フロストレルム 決断戦
オロチ・フロストレルム 追憶戦α
オロチ・フロストレルム 追憶戦β
オロチ・フロストレルム 追憶戦γ
オロチ・フロストレルム 追憶戦δ
オロチ・フロストレルム 追憶戦ε
オロチ・フロストレルム 追憶戦ζ
オワリトハジマリノモノガタリ
オワリノエリザベート
オンエアステージ
オンエアステージを視察〔ボーカル＆ダンスUP〕
オンナキョウコウヨハンナ
オンリー・ハート
オン・アロリキヤ・ソワカ
オークニー
オーシャン・フライヤー
オーストラリア修行 序
オーストラリア修行 急
オーストラリア修行 破
オーストラリア修行 破クリアで開放
オーセンティック・トライアンフ
オーダーチェンジ
オーディール・コール
オーディール・コール　序
オーディール・コール　０
オートマタ・ハント 典位級
オートマタ・ハント 祭位級
オートマタ・ハント 開位級
オートマタ・フォーメーション
オードトワレ・ホワイトハニー B
オーバルグラス
オーバーチャージ段階UP
オーバーチュア
オーバーホール E
オーバーロード C
オーバーロード D
オーバーロード改 C
オーバーロード改 C+
オーバー・チャージャー
オービット・ラディアンス・シング
オープニング
オープニング アークティック・サーヴァンツ
オープニング『カリブの秘宝を追跡せよ』
オープニング『ショータイム』(1/2)
オープニング『ショータイム』(2/2)
オープニング『メガネの宝庫あるいはさよならコンタクト』
オープニングセレモニー
オープニングポイント
オープニング・セレモニー
オープン・アイズ
オープン・サマー
オーラバンド
オーラバンドのドロップ獲得数アップ
オールちびノブ総進撃
オールウェイ・バーン
オールオルタ総進撃 ぐだぐだファイナルまじん戦線2019
オールドケイヴ 上級
オールドケイヴ 中級
オールドケイヴ 初級
オールドケイヴ 滅級
オールドケイヴ 爆級
オールドケイヴ 超級
オールドストリート
オールド・ドバイ
オールド・ドバイの休日（Ⅰ）
オールド・ドバイの休日（Ⅱ）
オールナイト・フィーバー
オール・アウト・アタック
オール・ザ・ステイツメン!
～マンガで分かる合衆国開拓史～
オール・ザ・ステイツメン! ～マンガで分かる合衆国開拓史～
オール信長総進撃 ぐだぐだファイナル本能寺2019
オーロラ
オーロラフラッペ
オーロラフラッペのドロップ獲得数アップ
オーロラ鋼
オーロラ鋼、大騎士勲章、竜の牙の中から一つと交換ができます。
オーロラ鋼、禁断の頁、愚者の鎖の中から一つと交換ができます。
オーロラ鋼、隕蹄鉄、世界樹の種の中から一つと交換ができます。
オーロラ鋼、隕蹄鉄、魔術髄液の中から一つと交換ができます。
オーロラ鋼、鳳凰の羽根、赦免の小鐘の中から一つと交換ができます。
カアアワ
カイケイゼロシキセッケイズ
カイザーオリジンの手配書
カイジュウ・ベイビー EX
カイチュウドケイ＆カエルチョコ
カイテンシキヒナワジュウ
カイニス
カインド/スタッフ A
カインド/スタッフ B
カインド/スタッフ EX
カインド・シィーナー
カインド・タッチ
カウタウン・コロシアム
カウンター・オフェンシブ
カウントダウン
カウント・ストレッチ
カエサル
カエサルシキケーナ
カエサル式ケーナ
カエルの手拭い
カエルの手拭いのドロップ獲得数アップ
カエルの根付
カエルの根付のドロップ獲得数アップ
カエルの香炉
カエルの香炉のドロップ獲得数アップ
カエンハクシャク
カオウチョウバンノウマンネンヒツトモッカン
カオノナイオウ
カカオの実
カカオチップ
カカオチップのドロップ獲得数アップ
カカオノミ
カカオ・ハーベスター
カカオ・ハーベスター A
カカオ・ハーベスター B
カカオ・ハーベスター EX
カカゲルハワガココロ
カガミモチモッチリチョコ
カガヤクバカリノ
カクゴノハチガネ
カクサレタメガミ
カクセイ
カクタス・シティ
カクテルテイスティング ストレート級
カクテルテイスティング ソーダ級
カクテルテイスティング ソーダ級 クリアで開放
カクテルテイスティング ミルク級
カクテルテイスティング ミルク級 クリアで開放
カクテルテイスティング ロック級
カクテルテイスティング ロック級 クリアで開放
カクテルテイスティング 上級
カクテルテイスティング 上級 クリアで開放
カクテルテイスティング 中級
カクテルテイスティング 中級 クリアで開放
カクテルテイスティング 初級
カクテルテイスティング 初級 クリアで開放
カケイノジゴク
カシオペアの娘 A
カシンコジ
カジノ・DE・楽市楽座
カジノ・キャメロット
カスカベブロック
カズィクル・ベイ
カズラドロップ
カセイキュウメイカ オンセンマンジュウ
カタチのない島
カタチノナイシマ
カタメカクレウィッグ
カチナキタカラ
カッコーの巣の上で
カッコーノスノウエデ
カッフェーテラス・ベイ・ナフト
カツシカホクサイ
カトウダンゾウ
カナタノコウヤ
カナタノサキニハ
カナタヘノジュンレイ
カナボーチュロス
カナボーチュロスのドロップ獲得数アップ
カフェ・キャメロット
カプセルさーばんと
カプセルサーバント
カプセルセイバードラゴン
カプリシャス
カボチャのせいはい
カボチャの聖杯
カボチャの街
カボチャノセイハイ
カボチャメイデン
カミガミノノコシタアイ
カミヌイノクサリ
カミノシタ
カミノムクロ
カムイユカラ A
カムイユカラ A+
カムランの戦い
カムランノタタカイ
カメオ・ロール A
カメオ・ロール B
カメオ・ロール EX
カメノテ島
カメラ用
カモノハシクッキー
カモノハシクッキーのドロップ獲得数を1個増やす【『ワンジナ・ワールドツアー！』イベント期間限定】
カモノハシクッキーのドロップ獲得数アップ
カラクムル
カラクリ仕掛けの廊下
カラクレヌモノ
カラドボルグ
カラミティ・ジェーン
カラー・ミー・トゥルー
カリオストロ伯爵
カリオンの額帯
カリギュラ
カリスマ A
カリスマ A+
カリスマ B
カリスマ B-
カリスマ C
カリスマ C+
カリスマ E
カリバーン
カリビアン・フリーバード
カリビアン・フリーバード・アクト２
カリブの奥地に謎の風土病を見た！
カリブの街
カリブ海エリア
カリュドーンの毛皮
カリュドーンノケガワ
カリュドーン狩り A
カリュドーン狩り EX
カリ・ユガ／廻る世界
カリ・ユガ／末法の悪魔
カルデア
カルデア
戦闘服
カルデア 一の弓 三星の狩人極矢を放つ
カルデア 三の弓 神弓祓矢矧ぎて魔を清む
カルデア 二の弓 精兵釣瓶矢に迎え射る
カルデア 二の弓クリアかつ6月30日18時00分以降に開放
カルデア 二の弓クリアで開放
カルデア 五の弓 夕星暮るる帳を撥返す
カルデア 四の弓 西風に双弦響くも異変あり
カルデア 四の弓クリアかつ7月1日18時00分以降に開放
カルデア 四の弓クリアで開放
カルデアで支給されるユニフォーム
平時用だが魔術礼装としても機能する
カルデアのもの
カルデアの夢火
カルデアの大夢火
カルデアの帰還
カルデアの男
カルデアの盾と剣
カルデアの者
カルデアの顕学
カルデアよろずゲーム三昧！　１
カルデアよろずゲーム三昧！　２
カルデアよろずゲーム三昧！　３
カルデアよろずゲーム三昧！　４
カルデアよろずゲーム三昧！　５
カルデアを導く乙女
カルデアゲート
カルデアゲート表示用
カルデアゲーム三昧
カルデアゲーム三昧 ～アルトリアさんと遊ぼう～
カルデアゲーム三昧 ～アルトリアさんと遊ぼう～　１
カルデアゲーム三昧 ～アルトリアさんと遊ぼう～　２
カルデアゲーム三昧 ～アルトリアさんと遊ぼう～　３
カルデアサマーメモリー：
マップテーマ
カルデアシアター クランクアップ級
カルデアシアター メイキング 上級
カルデアシアター メイキング 中級
カルデアシアター メイキング 初級
カルデアシアター レッドカーペット級
カルデアシアター 全カルデアが泣いた級
カルデアシアター 初日舞台挨拶級
カルデアシアター 各方面から絶賛の嵐級
カルデアシアター 大人気御礼級
カルデアシアター 完成披露試写会級
カルデアシアター 映画って本っ当に素晴らしいもの級
カルデアシアター 異例ロングラン級
カルデアスタンダード
カルデアスメインシステム
カルデアス内部外縁
カルデアス内部空域
カルデアソウシ
カルデアトクソウハン
カルデアナツノスイセントショ
カルデアノケンガク
カルデアパークキャラバン
カルデアヒートオデッセイ：
マップテーマ
カルデアファイター
カルデアフリョウグミ
カルデアベースで新作された魔術礼装
シオンの協力の下、開発された
カルデアレスキュー！ 上級
カルデアレスキュー！ 中級
カルデアレスキュー！ 初級
カルデアレスキュー！ 初級 ライト版
カルデアレスキュー！ 大口からの救出
カルデアレスキュー！ 大怪獣からの救出
カルデアレスキュー！ 嵐を呼ぶ怪物からの救出
カルデアレスキュー！ 心霊現象からの救出
カルデアレスキュー！ 敵陣からの救出
カルデアレスキュー！ 水難からの救出
カルデアレスキュー！ 洞窟遭難からの救出
カルデアレスキュー！ 港怪異からの救出
カルデアレスキュー！ 鉱山災害からの救出
カルデアヲミチビクオトメ
カルデアン・フロラリア
カルデアン・フロラリア
あなたの花が咲く頃に
カルデアン・フロラリア あなたの花が咲く頃に
カルデア・アニバーサリー
カルデア・イレブン
カルデア・エクスプレス
カルデア・エージェンツ
カルデア・サマーアドベンチャー！
～夢追う少年と夢見る少女～ アンケート復刻版
カルデア・サマーアドベンチャー！ 
～夢追う少年と夢見る少女～
カルデア・サマーアドベンチャー！ ～夢追う少年と夢見る少女～
カルデア・サマーアドベンチャー！ ～夢追う少年と夢見る少女～ アンケート復刻版
カルデア・サマーオーダー
カルデア・スターズ
カルデア・スプリングホリディ
カルデア・ティータイム
カルデア・ディナータイム
カルデア・ニューオーダー
カルデア・パステルメモリー
カルデア・パスファインダー
カルデア・ビーチバレー
カルデア・プティアンジュ
カルデア・プティフール
カルデア・ホームスイートホーム
カルデア・ポートレイト
カルデア・モーニング
カルデア・ライフセーバーズ
カルデア・ランチタイム
カルデア・Ｕ－サマーアイランド 
～大統領は夏の夢を見るか？～
カルデア不良組
カルデア刑事
カルデア南海大決戦！ ～マジムンアイランドに謎の巨人の影を見た～
カルデア南海大決戦！　～マジムンアイランドに謎の巨人の影を見た～
カルデア夏の推薦図書
カルデア妖精騎士杯 ～二代目の凱旋～
カルデア学園制服
カルデア学園生徒会
カルデア学園祭
カルデア式 タクティカルティーチング
カルデア戦線 基礎トレーニング
カルデア探検隊！ 崩れた遺跡を掘り起こせ！
カルデア探検隊！ 巨大墳墓に眠る謎！
カルデア探検隊！ 座礁船に群がる巨大生物の謎！
カルデア探検隊！ 海底洞窟にお宝が！？
カルデア探検隊！ 海賊達と飲みニケーション！
カルデア探検隊！ 漂流してきた宝を探せ！
カルデア探検隊！ 神秘の山には秘密がたくさん！
カルデア探検隊！ 秘境に隠れし宝を探せ！
カルデア探検隊！ 部族と交流を試みよ！
カルデア探検隊！劇場版！ 深奥に眠る古の財宝！
カルデア探検隊！最終回！ 神秘はいつも足元に！？
カルデア特捜班
カルデア謹製のサンタ衣装
今宵だけでも、皆にささやかな祝福を
カルデア謹製の金の指輪。
それは日頃の感謝と絆を象っている。
カルデア謹製の銀の指輪。
それは日頃の感謝と絆を象っている。
カルデアＶＲ（コントローラーフゾク）
カルデアＶＲ（コントローラー付属）
カルデア･サテライトステーション
カルデニアの祝福（表） A
カルデニアの祝福（裏） A
カルデニア・クルー
カルデニア・クルー A
カルデニア・クルー B
カルデニア・クルー EX
カルデニア広場
カルデポイント
カルデポイント10,000以上獲得
＆7月3日18時00分以降に開放
カルデポイント140,000以上獲得
＆7月7日18時00分以降に開放
カルデポイント200,000以上獲得
＆7月8日18時00分以降に開放
カルデポイント25,000以上獲得
＆7月4日18時00分以降に開放
カルデポイント3,000以上獲得
＆7月2日18時00分以降に開放
カルデポイント45,000以上獲得
＆7月5日18時00分以降に開放
カルデポイント85,000以上獲得
＆7月6日18時00分以降に開放
カルデラの島
カルナ
カルナ〔サンタ〕
カルナへの一矢
カルナヘノイッシ
カルナ・夏コーデ
カルナ撃退戦 幼竜級
カルナ撃退戦 成竜級
カルナ撃退戦 邪竜級
カルネージシアター
カルヴァリア・ガルガリン
カレイドサファイア
カレイドスコープ
カレイドルビー
カレス・オブ・ザ・メドゥーサ
カレナイハナ
カレノクレタツエ
カレン
カレンナルヒメギミトチュウジツナルキシ
カレー×ライス
カレー×ライス 前編
カレー×ライス 後編
カロリーミート
カワカミゲンサイ
カワグチブロック
カワゴエブロック
カンイニンギョウシ
カンガルーブーメラン
カンガルーブーメランのドロップ獲得数アップ
カンザスシティ
カンシャノシロバラ
カンショウ・バクヤ（ケンジュウ）
カンジンチョウヨミアゲ
カンペキナオショウガツ
カンペキナルチョッコラート
カヴァスⅡ世
カヴァスにせい
カースド・カッティング・クレーター
カースド・キューピッド・クレンザー
カーター家
カーテンコール
カード性能アップ
カーニー
カーマ
カーマの灰 EX
カーマ・サンモーハナ
カーマ・ルーパーストラ
カーマ／マーラ
カーミラ
カーリー
カーンの廃墟
カ星を救いし槍
カ星を継ぐ者 EX
カ星ツアー お城が魔竜に乗っ取られたわ！？
カ星ツアー プレミアム便はデンジャラス！
カ星ツアー 宇宙海賊にご用心！
カ星ツアー 対決！ 宇宙的アーティスト！
カ星ツアー 山の頂にはダイヤモンド！
カ星ツアー 映画の主題歌ならおまかせ！
カ星ツアー 襲来！ インベーダー！
カ星ツアー 賞金稼ぎに狙われて！
カ星ツアー 賞金首を捕まえて！
ガイウス・ユリウス・カエサル
ガイドロープ
ガイドロープのドロップ獲得数アップ
ガイネンレイソウEXPカード：おかしなふたご
ガイネンレイソウEXPカード：おしゃべりたんていろびん
ガイネンレイソウEXPカード：おせちもいいんですけど
ガイネンレイソウEXPカード：かどぅけうす
ガイネンレイソウEXPカード：さいかにおまかせ
ガイネンレイソウEXPカード：しにぞこねのせきろう
ガイネンレイソウEXPカード：ないすがい
ガイネンレイソウEXPカード：もぐもぐげんさい
ガイネンレイソウEXPカード：ろっくにきめてこうぜ！
ガイネンレイソウEXPカード：わたしのちいさなうま
ガイネンレイソウEXPカード：イノオウ
ガイネンレイソウEXPカード：ウチュウケン
ガイネンレイソウEXPカード：オキタ
ガイネンレイソウEXPカード：オクニザカルデアコウエン
ガイネンレイソウEXPカード：キュウソ
ガイネンレイソウEXPカード：クジカネサダ
ガイネンレイソウEXPカード：グダグダウェルカム
ガイネンレイソウEXPカード：グダグダテンマオウ×３
ガイネンレイソウEXPカード：グダグダトサドウメイ
ガイネンレイソウEXPカード：グダグダマジンサン
ガイネンレイソウEXPカード：グダグダメイジイシン
ガイネンレイソウEXPカード：コクインチュウ
ガイネンレイソウEXPカード：スーパーバニヤンコウリン
ガイネンレイソウEXPカード：ダイコクテンアンドアニングコウリン
ガイネンレイソウEXPカード：チャノユティーチャー
ガイネンレイソウEXPカード：トラトソウナン
ガイネンレイソウEXPカード：ドルセント・ショップ
ガイネンレイソウEXPカード：ナゾノブッシツα
ガイネンレイソウEXPカード：ナゾノブッシツβ
ガイネンレイソウEXPカード：ナゾノブッシツガンマ
ガイネンレイソウEXPカード：ナゾノランマルエックスヒライ！
ガイネンレイソウEXPカード：ニダイメハイヨ！
ガイネンレイソウEXPカード：ノッブ
ガイネンレイソウEXPカード：ハジメテノカレー
ガイネンレイソウEXPカード：ビィビィショット！
ガイネンレイソウEXPカード：ビシャモンテンゾココニアリ！
ガイネンレイソウEXPカード：フランノハナ
ガイネンレイソウEXPカード：マジカルルビー
ガイネンレイソウEXPカード：モサトムテキ
ガイネンレイソウEXPカード：ヨウコソヤマタイコク！
ガイネンレイソウEXPカード：ロデオ
ガイネンレイソウEXPカード：ワタシニダケミエルウサギ
ガウェイン
ガチリンクヨウ
ガッツ
ガッツ1回復
ガッツ50%回復
ガッツ<低確率>
ガッツ<高確率>
ガッツなし
ガッツ時発動
ガッツ時発動(Busterアップ)
ガッツ時発動(NP増加)
ガッツ時発動(スター獲得)
ガッツ時発動(呪い付与)
ガッツ時発動(宝具威力アップ＆弱体解除)
ガッツ時発動(復讐の怨念)
ガッツ時発動(攻撃力アップ)
ガッツ時発動(死の淵解除＆NP増加＆Busterアップ)
ガッツ状態の間、Busterカードの性能をアップ
ガッツ発動時、Busterカードの性能をアップ
ガッツ発動時、NPが増える
ガッツ発動時、〔死の淵〕を解除＆NPが増える＆Busterカードの性能をアップ
ガッツ発動時、スターを大量獲得
ガッツ発動時、スターを獲得する
ガッツ発動時、味方全体のNPを増やす
ガッツ発動時、味方全体のNPを少し増やす
ガッツ発動時、味方全体のチャージを増やす
ガッツ発動時、味方全体の宝具威力をアップ
ガッツ発動時、味方全体の攻撃力をアップ
ガッツ発動時、敵全体に呪い状態を付与
ガッツ発動時、自身に〔復讐の怨念〕状態を付与
ガッツ発動時、自身のBusterカードの性能をアップ
ガッツ発動時、自身のNPを増やす
ガッツ発動時、自身のNPを少し増やす
ガッツ発動時、自身の〔罪の刻印〕を1つ消費して自身の攻撃力をアップ
ガッツ発動時、自身のクリティカル発生率をアップ
ガッツ発動時、自身のチャージを増やす
ガッツ発動時、自身の宝具威力をアップ
ガッツ発動時、自身の宝具威力をアップ＆弱体状態を解除
ガッツ発動時、自身の攻撃力をアップ
ガッツ解除
ガッポリ―でトークンを10個獲得で開放
ガッポリ―でトークンを5個獲得で開放
ガツガツピッケル
ガトー・オ・ショコラ
ガネーシャ
ガラス・シンデレラ EX
ガラテア
ガリア
ガリアを取り戻せ！
ガリアセンキ
ガリア戦記
ガリトラップ・ファニームリアン
ガルダ・ハント 典位+級
ガルダ・ハント 典位級
ガルダ・ハント 祭位級
ガルダ・ハント 開位級
ガルニエからの呼び声 B+
ガルバニズム A
ガルバニズム B
ガレキノセイドウ
ガレス
ガレージエリア
ガローの丘
ガンキョウ
ガンクツオウ
ガンクツオウ　モンテ・クリスト
ガンド
ガンボウノウツワ
ガーディアン ジャイガンティック
ガーデン
ガーデン・オブ・アヴァロン
ガーネッシュ・インパクト
キアラと不思議の海・後編
キアラパニッシャー『Artsツウジール』
キアラパニッシャー『Artsヨクアタール』
キアラパニッシャー『Busterツウジール』
キアラパニッシャー『Busterヨクアタール』
キアラパニッシャー『Quickツウジール』
キアラパニッシャー『Quickヨクアタール』
キアラパニッシャー『ただ一つの色』
キアラパニッシャー『クリティカル・ノン』
キアラパニッシャー『スタン・グッド・スキン』
キアラパニッシャー『スター・セーフ』
キアラパニッシャー『スリップ・バリアー』
キアラパニッシャー『スーパー賢者カプセル』
キアラパニッシャー『ダメージ抑制スプレー』
キアラパニッシャー『メルトちゃんデスwhip』
キアラパニッシャー『人理倫理剣』
キアラパニッシャー『人魚姫の原文』
キアラパニッシャー『化粧落とし・弱耐性』
キアラパニッシャー『化粧落とし・防御力』
キアラパニッシャー『増殖抑制剤アンチセル』
キアラパニッシャー『宝具封印ガードマスク』
キアラパニッシャー『抗エロス剤』
キアラパニッシャー『賢者カプセルEX』
キアラパニッシャーリセット
キイチノタカゲタ
キイチホウゲン
キエザルホノオ
キガ
キゲンダン
キシナミハクノ
キシノキョウジ
キシノチカイ
キシュチョコレートセット
キジョコウヨウ
キス・ユア・ハンド
キス魔 B
キス魔 B++
キセイバクダンチュウ
キセキノマダン
キッチン☆パティシエール
キツネノヨルノユメ
キニチ・アハウ・インパクト
キバトグアンケン
キプロスの記憶
キプロスノキオク
キボウヲ、アナタト
キボリノモズ
キミを想う、衣のうた B
キミモドラゴンセット
キメラ・ハント  典位級
キメラ・ハント 典位++級
キメラ・ハント 典位+級
キメラ・ハント 典位級
キメラ・ハント 祭位級
キメラ・ハント 開位級
キャスターお試しクエスト
キャスターお試しクエスト〔Ⅰ〕
キャスターお試しクエスト〔Ⅱ〕
キャスターピース
キャスターモニュメント
キャスター育成交換券
キャスト体験！ でませい！きょうふのほらーはうす！
キャスト体験！ ふれあいタイム！フィッシュショー！
キャスト体験！ アトラクションツアーを盛り上げよう！
キャスト体験！ サバフェスの問題解決ならお任せ！
キャスト体験！ フラワーパークの案内人！
キャスト体験！ フラワーパークを手入れしよう！
キャスト体験！ 冒険ガイドツアーの出港！
キャスト体験！ 歩く樹木のパレード整理！
キャスト体験！ 潜入！アークティック・タワーの謎！
キャスト体験！ 激闘のヒーローショー！
キャスト体験！ 癒しのプールテーマパーク！
キャトルフィーユ
キャプテン
キャプテン・カルデア
キャプテン・キッドの財宝を奪取せよ
キャプテン・スカサハ
キャプテン・スカサハ特別指導
キャメロット
キャメロットモノガタリ
キャメロットルーレットで遊ぶ VIP級
キャメロットルーレットで遊ぶ VIP級クリアで開放
キャメロットルーレットで遊ぶ ビギナー級
キャメロットルーレットで遊ぶ ビギナー級クリアで開放
キャメロットルーレットで遊ぶ ミリオネア級
キャメロットルーレットで遊ぶ レギュラー級
キャメロットルーレットで遊ぶ レギュラー級クリアで開放
キャメロット・レッスン
キャメロット物語
キャリコ・ジャック
キャンディスター・ケイン
キャンディスター・フォトン・レイ
キャンプサイト
キャンプファイヤー
キュウキュウセット
キュウキョクノビミニイタルマデ
キュウサイヲネガイシモノ
キュウシュギュウマラオウ
キュウテイノコトノネ
キュウヒンノレイ
キュート・オランジェット
キョウカイシキテヅクリクッキー
キョウゴク
キョエイノチリ
キョクテイバキン
キョスウゾクセイ
キョスウマジュツ
キョンシーによく効くチョコ餅
キョンシー・アタック
キヨヒメ
キラウエア火山
キラキラポイント
キラキラポイント獲得量アップ
キラキラ平安女子
キラキラ草子　上級
キラキラ草子　中級
キラキラ草子　冬はつらたん級
キラキラ草子　初級
キラキラ草子　夏はよきよき級
キラキラ草子　春はあげぽよ級
キラキラ草子　時はナウしか級
キラキラ草子　秋はばえばえ級
キラキラ草子　超級
キラッ☆おもてなしの始まり
キリヨノロンドン
キリングガーデン
キリングパーティー
キリングフィールド
キルケー
キルケーの教え A
キル・ミー・イフ・ユー・キャン
キンキノショカ
キンキンに凍ったスポドリ
キングエリchanの手配書
キングエリザチョコ
キングエリザ・タルシスモンテス
キングサンタやったか！？戦
キングサンタ総力戦 カンパニー級
キングサンタ総力戦 キングダム級
キングサンタ総力戦 コテージ級
キングサンタ総力戦 ビレッジ級
キングサンタ総力戦 プラネット級
キングダム・オブ・ユアーズ
キングダム・オブ・ロック
キングプロテア
キングプロテア・オルタ
キングプロテア霊衣獲得クエスト
キングメイカーの杖
キング・オブ・キングス
キング・オブ・プレジデント
キング・ジョーカー・ジャック
キンジョウテンカ
キ械維新都市SAITAMA
ギアユニット
ギアユニットのドロップ獲得数を1個増やす【『落涙の翼』イベント期間限定】
ギアユニットのドロップ獲得数を2個増やす[最大解放]【『落涙の翼』イベント期間限定】
ギアユニットのドロップ獲得数アップ
ギガコイル級[1]～[6]をすべてクリアで開放
ギコウ
ギシンノショ
ギッチギチ第一回史上最強ロボコンテスト
ギニア湾上空エリア
ギマン
ギミック・マスター
ギャラクシードッグ
ギャラクシードッグのドロップ獲得数アップ
ギャラクシー・ケラウノス
ギョクズイチョコ
ギョクト
ギヨチーヌ・リカヌマン
ギリョウ、シンイキニタッスル
ギルガメッシュ
ギルガメッシュの災難
ギルガメッシュインニューヨーク
ギルダレイ・ホテル
ギル＄札
ギル＄札のドロップ獲得数アップ
ギロチン・ブレイカー
ギロチン・ボーイ
ギンカノシロキヒメ
ギンケンノロザリオ
ギンセツノメガミタチ
クィリヌスの玉座 EX
クイックアップ
クイックアップ〔月下〕
クイックアップ：千年城
クイックオイル
クイックダウン
クイックドロウ A+
クイック・コード・オープナー
クイック耐性ダウン
クイーンアンズ・リベンジ
クイーンズ・ドリーム
クイーンズ・ハイスクールⅠ
クイーンズ・ハイスクールⅡ
クイーンズ・ボヤージュ
クイーンズ・メルティハート
クイーン・キラー
クイーン・キーパー A
クウィンテットフォイア
クウノホトケ
クエスト「優雅たれ rank D」クリアで開放
クエストがありません
クエストがありません。
クエストクリアで得られるQPを2015増やす
クエストクリアで得られるQPを2016増やす[最大解放]
クエストクリアで得られるQPを2017増やす
クエストクリアで得られるQPを2018増やす
クエストクリアで得られるQPを2019増やす
クエストクリアで得られるQPを2019増やす ＋ 自身の弱体耐性を1.9%アップ[最大解放]
クエストクリアで得られるQPを2020増やす
クエストクリアで得られるQPを2020増やす ＋ 自身のスター発生率を2.0%アップ[最大解放]
クエストクリアで得られるQPを2021増やす
クエストクリアで得られるQPを2022増やす
クエストクリアで得られるQPを2023増やす
クエストクリアで得られるQPを2023増やす ＋ 自身の宝具威力を2.3%アップ[最大解放]
クエストクリアで得られるQPを2024増やす
クエストクリアで得られるQPを2025増やす
クエストクリアで得られるQPを2025増やす ＋ 自身のスター集中度を2.5%アップ[最大解放]
クエストクリアで得られるQPを2026増やす
クエストクリア報酬QP
クエストクリア時に得られる〔Fate/stay nightのサーヴァント〕の絆を10%増やす
クエストクリア時に得られる〔キャスター〕クラスの絆を20%増やす[最大解放]
クエストクリア時に得られる〔キャスター〕クラスの絆を4%増やす
クエストクリア時に得られる〔ケモノ科のサーヴァント〕の絆を20%増やす[最大解放]
クエストクリア時に得られる〔ケモノ科のサーヴァント〕の絆を4%増やす
クエストクリア時に得られる〔セイバー〕クラスの絆を20%増やす[最大解放]
クエストクリア時に得られる〔セイバー〕クラスの絆を4%増やす
クエストクリア時に得られる〔ライダー〕クラスの絆を20%増やす[最大解放]
クエストクリア時に得られる〔ライダー〕クラスの絆を4%増やす
クエストクリア時に得られる〔中立〕特性の絆を20%増やす[最大解放]
クエストクリア時に得られる〔中立〕特性の絆を4%増やす
クエストクリア時に得られる〔星の力を持つサーヴァント〕または〔悪〕特性の絆を4%増やす
クエストクリア時に得られる〔混沌かつ七騎士〕特性の絆を20%増やす[最大解放]
クエストクリア時に得られる〔混沌かつ七騎士〕特性の絆を4%増やす
クエストクリア時に得られる〔秩序かつ善〕特性の絆を20%増やす[最大解放]
クエストクリア時に得られる〔秩序かつ善〕特性の絆を4%増やす
クエストクリア時に得られる〔秩序の女性〕の絆を20%増やす[最大解放]
クエストクリア時に得られる〔秩序の女性〕の絆を4%増やす
クエストクリア時に得られる〔霊衣を持つ者〕の絆を20%増やす[最大解放]
クエストクリア時に得られる〔霊衣を持つ者〕の絆を4%増やす
クエストクリア時に得られるマスターEXPを1%増やす(サポート時は3%増やす)
クエストクリア時に得られるマスターEXPを1%増やす＆魔術礼装EXPを1%増やす
クエストクリア時に得られるマスターEXPを10%増やす[最大解放]
クエストクリア時に得られるマスターEXPを2%増やす
クエストクリア時に得られるマスターEXPを5%増やす(サポート時は15%増やす)[最大解放]
クエストクリア時に得られるマスターEXPを5%増やす＆魔術礼装EXPを5%増やす[最大解放]
クエストクリア時に得られるマスターEXPを50増やす
クエストクリア時に得られる味方全体<控え含む>の絆を25%増やす(サポート時は無効)
クエストクリア時に得られる絆を1%増やす(サポート時は3%増やす)
クエストクリア時に得られる絆を1%増やす＆マスターEXPを1%増やす
クエストクリア時に得られる絆を1%増やす＆魔術礼装EXPを1%増やす
クエストクリア時に得られる絆を10%増やす[最大解放]
クエストクリア時に得られる絆を2%増やす
クエストクリア時に得られる絆を5%増やす(サポート時は15%増やす)[最大解放]
クエストクリア時に得られる絆を5%増やす＆マスターEXPを5%増やす[最大解放]
クエストクリア時に得られる絆を5%増やす＆魔術礼装EXPを5%増やす[最大解放]
クエストクリア時に得られる絆を50増やす
クエストクリア時に得られる魔術礼装EXPを1%増やす(サポート時は3%増やす)
クエストクリア時に得られる魔術礼装EXPを10%増やす[最大解放]
クエストクリア時に得られる魔術礼装EXPを2%増やす
クエストクリア時に得られる魔術礼装EXPを5%増やす(サポート時は15%増やす)[最大解放]
クエストクリア時に得られる魔術礼装EXPを50増やす
クエスト開放までしばらくお待ちください
クエスト：檄文
クエーサー・ジェネシス
クエーサー・ジェネシス 決断戦
クエーサー・ジェネシス 追憶戦α
クエーサー・ジェネシス 追憶戦β
クエーサー・ジェネシス 追憶戦γ
クエーサー・ジェネシス 追憶戦δ
クエーサー・ジェネシス 追憶戦ε
クエーサー・ジェネシス 追憶戦ζ
クオンジアリス
クカニロコ
ククルカン
ククルカンマスク
クサンテンの塔
クサントス
クシザシコウノガイセン
クストス・モルム
クタ
クタ＠冥界
クッキング・ニキチッチ！
クック・ハート
クハハハハ
クビキリバニー2016
クマガヤブロック
クモンリュウエリザ
クライミング・バトル
クライム・バレエ A
クライム・バレエ A+
クライング・ウォーモンガー
クラウディバルーン
クラウディバルーンのドロップ獲得数を1個増やす【『インドラの大試練』イベント期間限定】
クラウディバルーンのドロップ獲得数アップ
クラウンセイバー
クラウンセイバー・モルガン
クラウン＆オーギュスト
クラキシンエンノゴフ
クラシックタオル
クラシックタオルのドロップ獲得数アップ
クラスを対象と同じクラスに変更する
クラス別サーヴァント戦 アサシン上級
クラス別サーヴァント戦 アサシン中級
クラス別サーヴァント戦 アサシン初級
クラス別サーヴァント戦 アーチャー上級
クラス別サーヴァント戦 アーチャー中級
クラス別サーヴァント戦 アーチャー初級
クラス別サーヴァント戦 キャスター上級
クラス別サーヴァント戦 キャスター中級
クラス別サーヴァント戦 キャスター初級
クラス別サーヴァント戦 セイバー上級
クラス別サーヴァント戦 セイバー中級
クラス別サーヴァント戦 セイバー初級
クラス別サーヴァント戦 バーサーカー上級
クラス別サーヴァント戦 バーサーカー中級
クラス別サーヴァント戦 バーサーカー初級
クラス別サーヴァント戦 ライダー上級
クラス別サーヴァント戦 ライダー中級
クラス別サーヴァント戦 ライダー初級
クラス別サーヴァント戦 ランサー上級
クラス別サーヴァント戦 ランサー中級
クラス別サーヴァント戦 ランサー初級
クラス変化
クラス展示エリア
クラス相性の防御不利を打ち消す
クラス相性変更
クラッシュポイント
クラデニェツ・ズメイ・タタール
クラフトウッド
クラフトウッド、クラフトストーン、クラフトメタルのドロップ獲得数アップ
クラフトストーン
クラフトメタル
クラブ・アルゴノーツ
クラマヤマメイサン・ヤツデマンジュウ
クラレント・ブラッドアーサー
クランの猛犬
クランクイン
クランノモウケン
クラン・カラティン
クラーケンウェル
クリスタルリース
クリスタル・オブ・ウィズダム
クリスタル・ドレス
クリスティーヌの呼び声
クリスティーヌ・クリスティーヌ
クリストファー・コロンブス
クリスマス2016
クリスマス2017
クリスマス2017_カルデアゲート表示用
クリスマス2018
クリスマス2018 ホーリー・サンバ・ナイト
～雪降る遺跡と少女騎士～
クリスマス2018_カルデアゲート表示用
クリスマス2019
クリスマス2019
ナイチンゲールのクリスマス･キャロル
クリスマス2019_カルデアゲート表示用
クリスマス2019交換券
クリスマス2019交換券(補填)
クリスマス2020交換券
クリスマス2021
クリスマス2021交換券
クリスマス2023
クリスマス2023交換券
クリスマス2024
クリスマス2024交換券
クリスマスのおもいで
クリスマスの思い出
クリスマスの軌跡
クリスマスクッキング
クリスマスクッキング A
クリスマスクッキング B
クリスマスクッキング EX
クリスマスゴング
クリスマストゥーシューズ
クリスマスノオモイデ
クリスマスノキセキ
クリスマスハッピーチケット
クリスマスハッピーチケットのドロップ獲得数アップ
クリスマスベルト
クリスマス・サバイバー
クリスマス・サバイバー A
クリスマス・サバイバー B
クリスマス・サバイバー EX
クリスマス・ナーシング　イエロータグ級
クリスマス・ナーシング　グリーンタグ級
クリスマス・ナーシング　ゴールドタグ級
クリスマス・ナーシング　ゴールドタグ級クリアで開放
クリスマス・ナーシング　プラチナタグ級
クリスマス・ナーシング　ホワイトタグ級
クリスマス・ナーシング　レッドタグ級
クリスマス・ポーター
クリスマス・ポーター A
クリスマス・ポーター B
クリスマス・ポーター EX
クリスマス・レスキュー
クリスマス殺法 EX
クリティカル MISS
クリティカルの発生率をアップ
クリティカルの発生率をダウン
クリティカル威力アップ
クリティカル威力アップ〔やけど〕
クリティカル威力アップ〔アサシン〕
クリティカル威力アップ〔アルターエゴ〕
クリティカル威力アップ〔アヴェンジャー〕
クリティカル威力アップ〔アーチャー〕
クリティカル威力アップ〔キャスター〕
クリティカル威力アップ〔サーヴァント〕
クリティカル威力アップ〔セイバー〕
クリティカル威力アップ〔バーサーカー〕
クリティカル威力アップ〔フォーリナー〕
クリティカル威力アップ〔プリテンダー〕
クリティカル威力アップ〔ムーンキャンサー〕
クリティカル威力アップ〔ライダー〕
クリティカル威力アップ〔ランサー〕
クリティカル威力アップ〔ルーラー〕
クリティカル威力アップ〔人の力〕
クリティカル威力アップ〔善〕
クリティカル威力アップ〔回避または無敵〕
クリティカル威力アップ〔悪〕
クリティカル威力アップ〔水辺〕
クリティカル威力アップ〔神性〕
クリティカル威力アップ〔秩序〕
クリティカル威力アップ〔竜〕
クリティカル威力アップ〔陽射し〕
クリティカル威力アップ・対悪
クリティカル威力アップ：Arts
クリティカル威力アップ：Buster
クリティカル威力アップ：Quick
クリティカル威力アップ：水辺
クリティカル威力アップ：炎上
クリティカル威力アップ：秩序
クリティカル威力アップ：陽射し
クリティカル威力ダウン
クリティカル威力耐性ダウン
クリティカル攻撃で受けるダメージが増える
クリティカル攻撃による被ダメージ、被NP発生量、被スター発生率が増加する
クリティカル攻撃に対する防御力をダウン
クリティカル攻撃の威力アップ
クリティカル攻撃を受けると味方全体のHPを回復する<HPが0の対象は回復不能>
クリティカル攻撃を受ける確率を増やす
クリティカル攻撃を受ける確率を減らす
クリティカル攻撃ダメージ前追加効果
クリティカル攻撃時、ダメージ前に対象に毒状態を付与
クリティカル攻撃時、ダメージ前に自身の攻撃力をアップ
クリティカル攻撃時、対象に〔急所判明〕状態を付与
クリティカル攻撃時、対象の即死耐性をダウン
クリティカル攻撃時、敵単体の強化状態を1つ解除する
クリティカル攻撃時、自身に〔王勇〕状態を付与
クリティカル攻撃時、自身のNPを少し増やす
クリティカル攻撃時、自身のまんぷくゲージを1減らす
クリティカル攻撃時、追加効果が発動
クリティカル攻撃時発動(クリティカル威力アップ)
クリティカル攻撃時発動(強化解除)
クリティカル攻撃時発動(防御力ダウン)
クリティカル攻撃時追加効果
クリティカル攻撃時追加効果(ローマ特性付与)
クリティカル攻撃耐性ダウン
クリティカル時のダメージをアップ
クリティカル時のダメージをダウン
クリティカル発生アップ
クリティカル発生アップ〔セイバー〕
クリティカル発生アップ〔陽射し〕
クリティカル発生アップ・対セイバー
クリティカル発生アップ：Arts
クリティカル発生アップ：Buster
クリティカル発生アップ：Quick
クリティカル発生アップ：水辺
クリティカル発生アップ：男性
クリティカル発生ダウン
クリティカル発生率をダウン(精神異常扱い)
クリティカル発生率アップ：Buster
クリフォー・ライゾォム
クリミアの天使
クリューサーオール
クリークハーバー
クリード・コインヘン
クリームヒルト
クリームヒルト城
クル・キガル・イルカルラ
クルーエル・シィーナー
クルージング・デート
クルージーン・セタンタ
クレオパトラ
クレヨンチョコとおえかき
クレルモンの勲 B
クレーター
クレーターを登って探求力を磨く カンヅメ級
クレーターを登って探求力を磨く コツコツ級
クレーターを登って探求力を磨く ノリノリ級
クレーターを登って探求力を磨く ノンビリ級
クレーター中心部
クレーター近郊
クレーム対応「ゴールド・コレクター」
クレーム対応「ライブの鬼」
クレーム対応「推し／本能寺／死ぬ」
クレーム対応「気安くポチる神の指」
クレーム対応「注文の多い魔神柱」
クロウズネスト
クロエ
クロエのおやつ
クロエ・フォン・アインツベルン
クロキシクン
クロキシノカブト
クロキシントノレイイン
クロケア・モース
クロスビッキの魔法姫と怪物
クロスビッキノマホウヒメトカイブツ
クロス・カリバー
クロネコティーカップ
クロネコティーカップのドロップ獲得数アップ
クロノカブト
クロノス・ローズ
クロノセイハイ
クロヒメ
クロージング・セレモニー
クローズドシェルター
クローンシェルター
クークーカカオ
クークーカカオのドロップ獲得数を1個増やす【『バレンタイン2018』イベント期間限定】
クークーカカオのドロップ獲得数アップ
クールガム
クールガムのドロップ獲得数アップ
クールバインダー
クールバインダーのドロップ獲得数を1個増やす【『15人の理知的なメガネたち』イベント期間限定】
クールバインダーのドロップ獲得数アップ
クール・スケーティング
クール・ハンド・フローレンス
クー・フーリン
クー・フーリン〔オルタ〕
クー・フーリン〔プロトタイプ〕
クー・フーリン・オルタ
グダオ
グダグダカンバンムスメ
グッドナイト☆トーク
グツグツ島の財宝
グライディングポイント
グラスフル・スイートタイム
グラスレス（第一再臨）
グラスレス（第二再臨）
グラップラーマルタ
グラディエーター・サーカス
グラナート
グランダルメ A
グランドオーダー
グランドセイバーチョコ
グランド・イリュージョン
グランド・ギャザリング
グランド・チョコレート
グランド・ニューイヤー
グラン・カヴァッロ
グラン・パ・ド・ドゥ
グリンガレット
グリーディー・ダイス
グリーンマン・ハント 典位++級
グリーンマン・ハント 典位+級
グリーンマン・ハント 典位級
グリーンマン・ハント 祭位級
グリーンマン・ハント 開位級
グリーン・キッチン
グリーン・キッチンⅠ
グリーン・キッチンⅡ
グリーン・キッチンで資源収集
グリーン茶葉
グリーン茶葉、イエロー茶葉、レッド茶葉のドロップ獲得数アップ
グレイ
グレイテスト・オーシャン
グレイテスト・ジャーニー
グレイマルキン A
グレイ・カラー
グレイ・リリィ
グレゴリー・ラスプーチン
グレゴリー・ラスプーチン体験クエスト
グレンデルの再臨
グレンデル・バスター
グレンナリカゲノクニ
グレースノート
グレートスリー、フラットスナーク
グレートスリー、ワンダースナッチ
グレートブリッジ
グレートプレーンズ
グレートラム・ノアズ・アーク
グレートラム・ノーチラス
グレート・デス・クロー
グレート・マザー
グレート・大統領・ホテル
グロウアップ・メニュー！ B
グロスター
グロスター（Ⅰ）
グロスター（Ⅱ）
グワーリヤルの抵抗 A
グワーリヤルの抵抗 A+
グンシン
グンユウカッキョ
グンユウノショウセキ
グンヨウリョウショク（カンヅメ）
グ・ビジン
グール・ハント 典位級
グール・ハント 祭位級
グール・ハント 開位級
ケイオス・ラビュリントス
ケイカ
ケイヤクノハコ
ケイローン
ケガレの指先 A
ケガレシシノカメン
ケダモノダッタコロ
ケット・クー・ミコケル
ケツァル・コアトル
ケツァル・コアトル〔サンバ／サンタ〕
ケツァル・コアトル・サンバ
ケツルイノルツボ
ケヤキの材木
ケルぐるみ
ケルティックプリズンの記憶
ケルト式修練武具
ケルピー・ハント 典位+級
ケルピー・ハント 典位級
ケルピー・ハント 祭位級
ケルピー・ハント 開位級
ケルベロスチョコ
ケルベロス・ハント 典位+級
ケルベロス・ハント 典位級
ケルベロス・ハント 祭位級
ケルベロス・ハント 開位級
ケンコンケン
ケンジャノタル
ケンタウロスの嫁取り
ケンタウロス・ハント 典位
ケンタウロス・ハント 典位級
ケンタウロス・ハント 祭位
ケンタウロス・ハント 祭位級
ケンタウロス・ハント 開位
ケンタウロス・ハント 開位級
ケンテキヒッサツ
ケンニイノリヲイノチニネガイヲ
ケンブハアザヤカニ
ケーキテーブル・ガーデン
ゲイザー・ハント 典位+級
ゲイザー・ハント 典位級
ゲイザー・ハント 祭位級
ゲイザー・ハント 開位級
ゲイ・ジャルグ＆ゲイ・ボウ
ゲイ・ボルク
ゲイ・ボルク・オルタナティブ
ゲオルギウス
ゲキカラマーボードウフ
ゲッカノヨンヒキ
ゲッケイジュノユビワ
ゲッコウノブトウカイ
ゲッシュ
ゲツレイズイエキ
ゲルマニア
ゲンシジュジュツ
ゲンショノヒ
ゲンショノレギオン
ゲンジョウサンゾウ
ゲンソウシュ
ゲンソウノヒメ
ゲンペイセンベイ
ゲーティア
ゲート・オブ・エーギル
ゲート・オブ・スカイ
ゲート・オブ・バビロン
ゲート・キー(アンクル)を所持で開放
ゲート・キー(エルボー)を所持で開放
ゲート・キー(カインド)を所持で開放
ゲート・キー(コースター) & 鈴鹿の鍵を所持で開放
ゲート・キー(ジェイル)を所持で開放
ゲート・キー(ステーション)を所持で開放
ゲート・キー(セパレータ)を所持で開放
ゲート・キー(ダーク)を所持で開放
ゲート・キー(ネコ)を所持で開放
ゲート・キー(ネープ)を所持で開放
ゲート・キー(レイ)を所持で開放
ゲート・キー（アンクル）
ゲート・キー（エルボー）
ゲート・キー（カインド）
ゲート・キー（コースター）
ゲート・キー（ジェイル）
ゲート・キー（ステーション）
ゲート・キー（セパレータ）
ゲート・キー（ダーク）
ゲート・キー（ネコ）
ゲート・キー（ネープ）
ゲート・キー（レイ）
ゲーム研究所
コア・マトリックス
コイシラヌレイジョウ
コイスルアナタヘノオクリモノ
コイダンカエンコウ
コイノオマジナイ
コインチョコ集め<剣･弓･槍編>スイート級クリアで開放
コインチョコ集め<剣･弓･槍編>ビター級クリアで開放
コインチョコ集め<剣･弓･槍編>上級クリアで開放
コインチョコ集め<剣･弓･槍編>中級クリアで開放
コインチョコ集め<剣･弓･槍編>初級クリアで開放
コインチョコ集め<剣･弓･槍編>超級クリアで開放
コインチョコ集め<騎･術･殺･狂編>スイート級クリアで開放
コインチョコ集め<騎･術･殺･狂編>ビター級クリアで開放
コインチョコ集め<騎･術･殺･狂編>上級クリアで開放
コインチョコ集め<騎･術･殺･狂編>中級クリアで開放
コインチョコ集め<騎･術･殺･狂編>初級クリアで開放
コインチョコ集め<騎･術･殺･狂編>超級クリアで開放
コインチョコ集め＜剣・弓・槍編＞ スイート級
コインチョコ集め＜剣・弓・槍編＞ ビター級
コインチョコ集め＜剣・弓・槍編＞ ロイヤル級
コインチョコ集め＜剣・弓・槍編＞ 上級
コインチョコ集め＜剣・弓・槍編＞ 中級
コインチョコ集め＜剣・弓・槍編＞ 初級
コインチョコ集め＜剣・弓・槍編＞ 超級
コインチョコ集め＜剣・弓・槍編＞　ビター級
コインチョコ集め＜剣・弓・槍編＞　上級
コインチョコ集め＜剣・弓・槍編＞　中級
コインチョコ集め＜剣・弓・槍編＞　初級
コインチョコ集め＜剣・弓・槍編＞　超級
コインチョコ集め＜騎・術・殺・狂編＞ スイート級
コインチョコ集め＜騎・術・殺・狂編＞ ビター級
コインチョコ集め＜騎・術・殺・狂編＞ ロイヤル級
コインチョコ集め＜騎・術・殺・狂編＞ 上級
コインチョコ集め＜騎・術・殺・狂編＞ 中級
コインチョコ集め＜騎・術・殺・狂編＞ 初級
コインチョコ集め＜騎・術・殺・狂編＞ 超級
コインチョコ集め＜騎・術・殺・狂編＞　ビター級
コインチョコ集め＜騎・術・殺・狂編＞　上級
コインチョコ集め＜騎・術・殺・狂編＞　中級
コインチョコ集め＜騎・術・殺・狂編＞　初級
コインチョコ集め＜騎・術・殺・狂編＞　超級
コウウ
コウウノケン
コウウンノカタマリ
コウキ
コウキナルツボチョコ
コウキュウワガシ
コウキョウノホネヅカ
コウキン
コウケツナルホコトタテ
コウシサレザルオウケン
コウテイチョコ
コウハクノチョコ
コウヒコ
コウモリの宮殿
コウリュウシキライトニングクッキー
コエンシャク
コオリノエイチチョコ
コカエデバシ
コキョウ
コギル
ココヘッド
ココロヅクシノ
ココロヲトメルモノ
コシタンタン
コシヲカケ
コジシノマイ
コスモカルデアコウトウガクエン
コスモカルデア高等学園
コスモギター
コスモスラスターをオーバーブーストする
コスモス・イン・ザ・ロストベルト
コスモス・クラフト・クレーター
コスモリアクター A
コスモリアクター B
コズミックメダリオン
コゾウタチ
コッカイノマドイジョウ
コヅチサンデー
コヅチサンデーのドロップ獲得数アップ
コテージ
コテージＡ
コテージＢ
コトミネキレイ
コナビーンズ
コナビーンズのドロップ獲得数アップ
コノダイチノセイレイ
コノヨナラザルゲンバ
コノートコイン
コノートコインのドロップ獲得数アップ
コビトノシタテヤサン
コマドリカウンター
コマドリカウンター回数減少
コマノマイオドリ
コマンドカードのタイプをチェンジする
コマンドカードを配り直す
コマンドカードを配り直す ＋ 味方全体のクリティカル威力をアップ(3ターン)
コマンドカードを配り直す ＋ 味方全体のクリティカル威力をアップ[{0}](3ターン)
コマンドカードタイプチェンジ
コマンドカード固定
コマンドカード選出不能
コマンドコードが刻印されたカードで攻撃時、追加効果を発動する
コマンドコード攻撃時追加効果
コマンドシャッフル
コミカライズプロジェクト
コム・アン・サブリエ
コモンズビュー
コヤンスカヤの野望～ユーラシア版～
コヤンスカヤの野望～東海岸版～
コヤンスカヤノヤボウ～ニシカイガンバン～
コヤンスカヤノヤボウ～ユーラシアバン～
コヤン・モール
コユウケッカイ
コルキスの魔女 A
コレクター EX
コロッセオ
コロッセオで対バンライブ〔ボーカルUP〕
コロンブス
コンキスタドール EX
コンクリートダンジョン
コンシェルジュ日誌 ルームクリーニングの極意
コンシェルジュ日誌 ワイルドレスキュー
コンシェルジュ日誌 五つ星ラウンドサービス
コンシェルジュ日誌 外道だらけの魚釣り
コンシェルジュ日誌 天下無双の害虫退治
コンシェルジュ日誌 心尽くしのクロークルーム
コンシェルジュ日誌 苦労性な客室案内人
コンシェルジュ日誌 豪華絢爛プランニング
コンシェルジュ日誌 難攻不落のフロント対応
コンジキノハラ
コンスタンティノス11世
コンスタンティノス11世体験クエスト
コンスタンティノスジュウイッセイ
コンドウイサミ
コンビネーション
コンビネーション C
コンピューティング・シティ
コンブチャ・パーティー
コンボウ（バーベキューアジ）
コーチング A
コーチング A+
コーディック・ヒップ
コートルーム
コード:F
コード:H
コード:U
コードエイチ
コードエフ
コードキャスト
コードキャスト A
コードユー
コードロン・シムーン
コード・リムーバー
コード：イービル
コード：オリジナル・シン
コード：キュアー
コード：グリッター
コード：コープス
コード：ニンバス
コード：バースト
コード：フォーカス
コード：ブルート
コード：ブレス
コード：モータル
コーヒー牛乳は湯上りの後に
コープスベル
コープスベルのドロップ獲得数アップ
コープスマーケット
コーラスリハーサル〔パフォーマンス＆ボーカルUP〕
コール・ラヴァ
コーンウォールの村
ゴガツノカゼ
ゴクジョウゲンジカシワモチ
ゴクジョウナマチョコタルト
ゴジョウオオハシノカイコウ
ゴッズ・ディール
ゴッデス・シュガー A
ゴッドカレン
ゴッドフォース
ゴッド・アロー
ゴッド・アローのドロップ獲得数アップ
ゴッド・カートリッジ
ゴッド・ハープ
ゴッド・ハープのドロップ獲得数アップ
ゴッド・フェザー
ゴッド・フェザーのドロップ獲得数アップ
ゴッド・ラブポイント
ゴッド・ラブポイント獲得量アップ
ゴッド・ラブ・ハント スイートラブ級
ゴッド・ラブ・ハント パッションラブ級
ゴッド・ラブ・ハント ピュアラブ級
ゴッド・ラブ・ハント ファーストラブ級
ゴッド・ラブ・ハント フォーリンラブ級
ゴッド・ラブ・ハント ユニバーサルラブ級
ゴッド・ラブ・ハント 上級
ゴッド・ラブ・ハント 中級
ゴッド・ラブ・ハント 初級
ゴッフ・スペシャル
ゴッホ
ゴッホのチョコマリナード（未遂）
ゴッホノチョコマリナード（ミスイ）
ゴッホ生家の部屋
ゴホウショウジョチョコ
ゴホウノマツロ
ゴルゴンの花嫁
ゴルゴーン
ゴルディアスの結び目
ゴルディアスノムスビメ
ゴージャスホテル
ゴーストランタン
ゴーストランタン、愚者の鎖、魔術髄液の中から一つと交換ができます。
ゴーストランタン、魔術髄液、英雄の証の中から一つと交換ができます。
ゴーフォーイット
ゴールデン☆セレブナイト
ゴールデンおにぎり
ゴールデンきびだんご
ゴールデングラス
ゴールデンスパーク
ゴールデンズモウ～イワバショ～
ゴールデンドライブ・グッドナイト
ゴールデンベアライター
ゴールデンベアーゴウ
ゴールデンベアー号
ゴールデンポット
ゴールデンポットのドロップ獲得数アップ
ゴールデンリギョヲトラウズ
ゴールデン・ウェディング！
ゴールデン・オハギ
ゴールデン・ゴールド・セット
ゴールデン・ワイルドハント
ゴールデン捕鯉魚図
ゴールデン相撲～岩場所～
ゴールデンＢＢ
ゴールドスター
ゴールドフィッシュ・スクーピング
ゴールドラッシュ
ゴールド・ギガント・ガーメント
ゴールマス
ゴーレムマスター
ゴーレム・ケテルマルクト
ゴーレム・ハント 典位+級
ゴーレム・ハント 典位級
ゴーレム・ハント 祭位級
ゴーレム・ハント 開位級
サイカイノウチュウヘ
サイカマゴイチ
サイケデリック流離譚
サイコウノニンジン
サイコーな監獄長
サイゴノカケラ
サイゴノカタリベ
サイゴノタタカイ
サイソクノショウメイ
サイテイゲンノタシナミ
サイトウ・ハジメ
サイト・オブ・■■■■■
サイト・オブ・■■■■ー
サイト・オブ・キング
サイト・オブ・ヒーロー
サイト・オブ・マイティ・■■
サイト・オブ・マジカルテック
サイト・オブ・モータル
サイハテニテ
サイハテノトウ
サイレントガーデン
サイレントフィールド 上級
サイレントフィールド 中級
サイレントフィールド 初級
サイレントフィールド 滅級
サイレントフィールド 爆級
サイレントフィールド 超級
サイン・オブ・スプリング
サウザンド・ナイツ
サカズキ島の財宝
サカタキントキ
サカモトタンテイジムショ
サカモトリョウマ
サクヒンメイ：チョコニヨルジコクゾウバージョンツー
サクラの夢/I hate love.
サクライーター A
サクラチップ
サクラチップのドロップ獲得数アップ
サクラノトクセイベントウ
サクラマネー
サクラ戦線Ⅰ 足元崩壊ランデブー
サクラ戦線Ⅰクリアかつ6月19日18時00分以降に開放
サクラ戦線Ⅰクリアで開放
サクラ戦線Ⅱ 一騎当千エトワール
サクラ戦線Ⅱクリアかつ6月20日18時00分以降に開放
サクラ戦線Ⅱクリアで開放
サクラ戦線Ⅲ ぜつゆるブッキング
サクラ戦線Ⅲクリアかつ6月21日18時00分以降に開放
サクラ戦線Ⅲクリアで開放
サクラ戦線Ⅳ 最終告白ボルテージ
サクラ戦線Ⅳクリアかつ6月21日18時00分以降に開放
サクラ戦線Ⅳクリアで開放
サクラ系エネミー追加出現率アップ
サクラ迷宮／Ｍ
ササキコジロウ
ササヤカナタノシミヲ、キミト
サザンシュガー
サザンシュガー、ジャーニーパウダー、トロピカルバターのドロップ獲得数アップ
サザーク
サジョウノカイロウ
サスペンス・アクター
サスペンス・アクター A
サスペンス・アクター B
サスペンス・アクター EX
サズカリノエイユウ
サッカやろうぜ！
サティスファクションＥ∴Ｔ∴Ｅ
サティスファクションＥ∴Ｔ∴Ｅ_エレナスクール水着差分_ゴール後状態
サティスファクションＥ∴Ｔ∴Ｅ_ゴール後状態
サテライトステーション23-24
サテライトステーション24-25
サテライトステーション26
サナト・クマラ
サナト・クマラ・ホイール
サニーフェザー
サニーフェザーのドロップ獲得数を1個増やす【『インドラの大試練』イベント期間限定】
サニーフェザーのドロップ獲得数を2個増やす[最大解放]【『インドラの大試練』イベント期間限定】
サニーフェザーのドロップ獲得数アップ
サハラ樹林
サバイバルキット
サバキャンパー
サバキャンパー A
サバキャンパー B
サバキャンパー EX
サバト会場
サバフェス、開催七日前
サバフェス、開催六日前
サバフェス会場
サバージオス
サプライズチョコ
サプライ・ウォーター
サポートで得られるフレンドポイントが＋10される(重複可能)
サポートで得られるフレンドポイントが＋50される(重複可能)[最大解放]
サポートで得られるフレンドポイントが＋75される
サポートツール
サマヨエルシンピノシマニテ
サマーアドベンチャー・メモリー
サマーウォーズ A
サマータイムトラブルガール A
サマータイムラバーズ EX
サマータイム・コンバット B+
サマータイム・トラベラー
サマータイム・トラベラー A
サマータイム・トラベラー B
サマータイム・トラベラー EX
サマータイム・ニキチッチ！ B++
サマータイム・ミストレス
サマータイム・ラヴァーズ（援） B
サマーナイトブラックウィドウ EX
サマーバカンス武者修行
サマーパワー・ポンポン
サマーフィールズ・フォーエバー B
サマーフラッグ B
サマープール・ドズマリー
サマーメモリアクエスト2017
サマーメモリアクエスト2017～2023をすべてクリア
＆8月21日18時00分以降に開放
サマーメモリアクエスト2018
サマーメモリアクエスト2019
サマーメモリアクエスト2020
サマーメモリアクエスト2021
サマーメモリアクエスト2022
サマーメモリアクエスト2023
サマーメモリアクエスト2024
サマーレスキュー
サマー・アニバーサリー
サマー・アーマー
サマー・インフェルノ
サマー・エクスペリエンサー
サマー・エクスペリエンサー A
サマー・エクスペリエンサー B
サマー・エクスペリエンサー EX
サマー・カジュアル
サマー・カタストロフ EX
サマー・ガルバニズム B+
サマー・キャスト
サマー・キャスト A
サマー・キャスト B
サマー・キャスト EX
サマー・コーテリィ
サマー・コーテリィ EX
サマー・コーテリィ Ａ
サマー・コーテリィ Ｂ
サマー・コーリィ
サマー・スイーパー！ A
サマー・ストリート
サマー・ストリート！ A
サマー・スプラッシュ！ A+
サマー・スプラッシュ！ EX
サマー・スポーツウェア
サマー・チアリーダー
サマー・チアリーダー C
サマー・バケーション！ A+
サマー・バケーション！（子供） A+
サマー・ブレイカー！ A
サマー・ブレイカー！ A+
サマー・ブレイク
サマー・ミラージュ B
サマー・リトル
サラスヴァティー・メルトアウト
サリエリ
サリエリの考察に投票
サリエリの考察に投票済み
サルミアッキ・スクラーカック
サロメ
サロメからあなたへ
サロメカラアナタヘ
サロン・ド・マリー
サンゴケイン
サンゴケインのドロップ獲得数を1個増やす【『雪原のメリー・クリスマス2023』イベント期間限定】
サンゴケインのドロップ獲得数アップ
サンサーラ・カーマ
サンショクケンビ
サンジュウケッカイ
サンセット・ジャム
サンセット・ドルフィンラッシュ
サンセット・ビーチ
サンソン
サンソンの栄養チョコドリンク
サンソンノエイヨウチョコドリンク
サンタひげ
サンタアイランド探索　上級
サンタアイランド探索　中級
サンタアイランド探索　初級
サンタオルタ
サンタオルタさんの記憶
サンタカルナ
サンタクロースの招待状 C+
サンタズムーン
サンタバッグ
サンタボンバーハット
サンタマリア・ドロップアンカー
サンタマリア・ボランテ
サンタユーゴ
サンタ・バトルロイヤルⅠ 荒ぶる船乗りたち
サンタ・バトルロイヤルⅡ ブラッディ・ハニートラップ
サンタ・バトルロイヤルⅢ 夢見る少年たち
サンタ・バトルロイヤルⅣ 聖夜交戦
サンタ・バトルロイヤルⅤ アナタと過ごすステキな夜
サンタ・バトルロイヤルⅥ ランス・オブ・ナイト
サンタ・バトルロイヤルⅦ エリミネーションマッチ
サンダラー
サンチュウノテン
サンデー・ディナー
サンドバー
サンハーラ・カーリー
サンビスタ B
サン・シャワー
サン・ボート
サーチ・アーム
サードステージ
サービス・ゲームス
サーフィン A
サーヴァントがいる部屋のクエストを3つクリアで開放
サーヴァントがいる部屋のクエストを4つクリアで開放
サーヴァントアートクロニクル
サーヴァントコイン
サーヴァント・サマーキャンプⅡ(1/2)
サーヴァント・サマーキャンプⅡ(2/2)
サーヴァント・サマーキャンプ！ 
～カルデア・スリラーナイト～
サーヴァント・サマーキャンプ！：
マップテーマ ～夜～
サーヴァント・サマーキャンプ！：
マップテーマ ～昼～
サーヴァント・サマーキャンプ！：
マップテーマ ～真～
サーヴァント・サマー・フェス
ティバル！：マップテーマ
サーヴァント・サマー・フェスティバル2023！
サーヴァント・サマー・フェスティバル！
サーヴァント・チア！ B
サーヴァント・ブートキャンプ！
ザクザクシャベル
ザクザクシャベル、ドカドカハンマー、ガツガツピッケルのドロップ獲得数アップ
ザジガーニエ・アンリマユ
ザックームの木 EX
ザッハーク城
ザバーニーヤ
ザンマイシンカ
ザ・グレイテストヒッツ・“コーリング・アガペー”
ザ・ケージ
ザ・スーク
ザ・ダイナミクス・オブ・アン・アステロイド
ザ・トレジャー
ザ・ドミネーション・ビギニング
ザ・ロック
シアワセトハヌクイコイヌ
シアワセヲホウコクスルギリチョコ
シウ・コアトル
シェイクスピア
シェイクスピア撃退戦 幼竜級
シェイクスピア撃退戦 成竜級
シェイクスピア撃退戦 邪竜級
シェイプシフター系エネミー追加出現率アップ
シェフィールド
シェヘラザード
シェルクラッカー
シェルクラッカーのドロップ獲得数アップ
シエル
シカゴ
シガレット・ライオン B+
シガースティック（偽）
シガースティック（偽）のドロップ獲得数アップ
シギョクノフエ
シグルド
シコウテイ
シコウノマナビヤ
システム・ケラウノス
シズキソウジュウロウ
シタアマスズメノワサンボン
シックスル
シッコクノシキボウ
シップウドトウ
シツイモユル
シツラクノヒツギ
シティ・オブ・ロンドン
シトナイ
シドラ・アズライール
シナリオを進行することで再開放
シナリオを進行することで開放
シノゲイジュツ
シバの女王
シバイ
シバノジョウオウ
シャイタンの腕
シャイタンノウデ
シャイニングクイーン
シャイニングヨハンナチョコ
シャイニー・ゴッデス
シャイニー・トランペット
シャクニの骰子
シャクネツノホウヨウ
シャクラ・ヴァジュラ
シャコウカイノハナ
シャスマティス
シャトー・ディフ
シャドウアイランド
シャドウアイランドの記憶
シャドウ・ボーダー
シャナオウリュウリタン
シャニクサイ
シャフリヤールオウノネヤ
シャフリヤール王の閨
シャルルマーニュ
シャルル＝アンリ・サンソン
シャルロットは戸惑い、呆けて、悩んでいる
シャルロット・コルデー
シャークチェス・チョコ
シャークパイ
シャークパイのドロップ獲得数を1個増やす【『雪原のメリー・クリスマス2023』イベント期間限定】
シャークパイのドロップ獲得数アップ
シャーク・フィッシィング！！
シャーマニズム B
シャーロック・ホームズ
シャーロット
シュウキョクトクイテン カンイジカンシンデンソロモン
シュウチュウ
シュウマツノアーチャー
シュガーフルーツ
シュガーフルーツのドロップ獲得数アップ
シュガー・バケーション
シュッパツシンコウ
シュテンドウジ
シュトルヒリッター
シュトレン！
シュラインメイデン・マーズ A+
シュヴァリエ・デオン
シュヴァルツバルト・ファルケ
シュヴァルツバルト・ファルケ B
シュヴィブジック B
シュヴィブジック B+
シュヴィブジック・スノー
シュヴィブジック（夏） B+
ショウガツノシンピ
ショウシャノヨユウ
ショウジョノカカオサンテンモリ
ショウジンリョウリ
ショウリノカワキ
ショウリノヘイソウ
ショウワクセイノリキガク
ショウ・タイム
ショカツコウメイ〔ロードエルメロイニセイ〕
ショコラティエ
ショコラ・ジュエル
ショコラ妖精國
ショシンシャカリセット
ショダンジュヨ
ショチヤオヨトル
ショートケーキ
ショートソイテリブルミルキィライトストレート…
シラノ・ド・ベルジュラック
シリウス
シルク・ドゥ・ルカン
シルバーバレット
シルバーベル
シルバーボックス
シルバー・バトラー
シルミウム
シロイハナ
シロイフクノスイヘイサン
シロキオウシ
シロノセイヤク
シロバラノハナヨメ
シロバラノヒメ
シンアイナルキミヘ
シンイキノマジュウ
シンエンノラストリゾート
シンカイデンノウラクドセラフ
シンギュラリティエフ
シンクウカーン
シンクノキョウソウ
シンク・ディーパー
シンケン
シンシナティ
シンジタンク出撃！
シンジュクゲンレイジケン
シンジュクノアサシン
シンジュクノアヴェンジャー
シンジュクノアーチャー
シンセンナサカナセット
シンソウノレイジン
シンゾウヘイソウ
シンテツノタテ
シンデレラの間
シンペンキドクシュ
シンボウエンリョ
シンヤノイッパイ
シン・カイサキカン
シン・ゲンジモノガタリエマキ
シン・コオリノエイチ
シン・リョウギョク
シークレットパーティー
シークレット・ネープ
シークレット・ハンガー
シークレット・ミッション
シーサイド・ラグジュアリー
シーサーペント
シーサーペント・ストームブルー
シーサー着ぐるみパーカー
シーディングポイント
シートベルト
シーニック・ビューティー
シーハウス・シャワー
シープ・イズ・ザ・ゴート
シールダー、マスター、ソルジャー、ナース
シー・エンジェル
シ－・ウァレス・ウァレオ
ジアイ
ジウロンエリチャン・しゅーてぃんぐすたー！
ジェイル・ハンド
ジェットチョコヨウカン
ジェットチョコ羊羹
ジェット三段突き
ジェット天然理心流 A+
ジェノサイドまでの距離
ジェミニ・スイート
ジェロニモ
ジェロニモ(キャスター)装備時のみ、自身がフィールドにいる間、味方全体のNP獲得量を15%アップ
ジェロニモシキモカシン
ジェロニモ・イン・ロンドン
ジェロニモ式モカシン
ジェームズ・モリアーティ
ジガゾウ、カルデアニテ
ジキトウシュカイギ
ジキル
ジグザグ通り
ジグラット
ジグラット９９階攻略ツアー
ジナコ＝カリギリ
ジバクダイバクハツチョコ
ジヒナキモノ
ジマンノイッチョウ
ジムナス・バレエ D
ジャアクキョウテン
ジャイアントバベッジ
ジャイアントバベッジ 前編
ジャイアントバベッジ 後編
ジャイ・カウラヴァ
ジャガーの戦士
ジャガーフォース
ジャガーマン
ジャガー・アイ
ジャガー・アイ A+
ジャガー・キック B
ジャガー・パンチ A
ジャガー・パンチ A+
ジャガー・パーク
ジャック
ジャック・オー・ランタン
ジャック・キルズ・ジャック
ジャック・ザ・リッパー
ジャック・ザ・リッパー撃退戦 幼竜級
ジャック・ザ・リッパー撃退戦 成竜級
ジャック・ザ・リッパー撃退戦 邪竜級
ジャック・ド・モレー
ジャワよりあいをこめて
ジャワより愛をこめて
ジャワヨリアイヲコメテ
ジャンクパーツ
ジャンクパーツ、チタンプレート、マグホイールのドロップ獲得数アップ
ジャンクパーツのドロップ獲得数アップ
ジャンク・ショップ
ジャングルのおきて
ジャングルの掟
ジャングルアドベンチャー 上級
ジャングルアドベンチャー 中級
ジャングルアドベンチャー 初級
ジャングルアドベンチャー 嵐級
ジャングルアドベンチャー 超級
ジャングルアドベンチャー 雷級
ジャングルクルーズ
ジャングルノオキテ
ジャングルハイキング
ジャンヌ
ジャンヌで伊達なにくいあいつ
ジャンヌとジャンヌ
ジャンヌの謎
ジャンヌオルタサンタリリィ
ジャンヌファンクラブセット
ジャンヌ・オルタ
ジャンヌ・オルタを追え
ジャンヌ・ダルク
ジャンヌ・ダルク〔オルタ〕
ジャンヌ・ダルク〔オルタ〕の考察に投票
ジャンヌ・ダルク〔オルタ〕の考察に投票済み
ジャンヌ・ダルク・オルタ・サンタ・リリィ
ジャンヌ生誕の地
ジャーニーパウダー
ジュウバコヨウガシココノエメグリ
ジュウモンジヤリ
ジュウヲハイケン
ジュエルカット・スターズ
ジュエル・ブライド
ジュクリョスベシ
ジュネス・クレーン
ジュラ
ジュラシックチョコジャ
ジュラシック・ドリーム
ジュワユーズ・オルドル
ジュワンノハサン
ジュンゼンタルハカイ
ジユウナルカカワトル
ジョイント・リサイタル
ジョウサイノゴゴ
ジョオウメイヴ
ジョッキボンボン
ジョフク
ジョン・ラックランド
ジヨウインゼリー
ジル
ジルクンニンギョウ
ジル・ド・レェ
ジル・ド・レェ人形
ジンリノモンショウ
ジーク
ジークフリート
ジークフリート撃退戦 幼竜級
ジークフリート撃退戦 成竜級
ジークフリート撃退戦 邪竜級
ジーニアスエッグ
スィー・ザバーニーヤ
スイギンチョコ
スイッチオン・アガートラム
スイングバイ A
スイーツキッチン
スイートエッグ
スイートエッグのドロップ獲得数アップ
スイートキャンドル
スイートデビルスロット
スイート・クリスタル
スイート・デイズ
スイート・フラワー
スイート・ブーケ・アヴァロン
スイート・レモン
スイーパー
スウェット・ブラッド
スカイドーム
スカイブルー
スカイ・コレクター
スカイ・コレクター A
スカイ・コレクター B
スカイ・コレクター EX
スカサハ
スカサハコイン〔金〕
スカサハコイン〔金〕のドロップ獲得数アップ
スカサハコイン〔銀〕
スカサハコイン〔銀〕のドロップ獲得数アップ
スカサハコイン〔銅〕
スカサハコイン〔銅〕のドロップ獲得数アップ
スカサハ＝スカディ
スカサハ＝スカディ体験クエスト
スカルキーパーの手配書
スカーヴァティー・ヘブンズホール
スキュアド・プラズマブレイド
スキル3使用不能
スキル〔駒鳥の殺人〕の残り使用可能回数を表す
スキルを使用できなくなる
スキルターン減少
スキル使用後に使用したスキルのチャージを1進める<スキルごとに1回限り>
スキル使用後リチャージ
スキル再装填
スキル封印
スキル封印を受けなくなる
スキル封印無効
スギの材木
スギサリシユメ
スギタニゼンジュウボウ
スクエアマイル
スクリーム・エレウシス
スケルトン・ハント 典位
スケルトン・ハント 典位++級
スケルトン・ハント 典位+級
スケルトン・ハント 典位級
スケルトン・ハント 祭位
スケルトン・ハント 祭位級
スケルトン・ハント 開位
スケルトン・ハント 開位級
スケープゴート
スケープゴート C
スケープゴート E
スコットランドヤード
スコール・パニック！ A
スゴクベンリ
スズカゴゼン
スズカゴゼン・サマバケ
スタァの休日
スタァノキュウジツ
スタア誕生
スタイリッシュトップリム
スタジオで振り付け練習〔ボーカル＆ダンスUP〕
スタッフロール
スタン
スタンディング・ボイルドエッグ
スタンプ・シィーナー
スタン・石化・拘束・豚化を受けなくなる
スタン・石化・拘束・豚化無効
スタン付与アップ
スタン付与率をアップ
スタン耐性をアップ
スタン耐性アップ
スタン＆石化＆拘束＆豚化無効
スターが発生する確率を増やす
スターが発生する確率を減らす
スターの集まりやすさをアップ
スターの集まりやすさをダウン
スターを大量獲得
スターを大量獲得 ＋ 自身のHPを500減らす【デメリット】
スターを大量獲得 ＋ 自身のNPを増やす＆スキル封印状態を付与(1ターン)【デメリット】
スターを大量獲得[{0}]
スターを大量獲得[{0}] ＋ 自身のHPを500減らす【デメリット】
スターを大量獲得▲ ＋ 自身のNPを増やす▲＆HP回復量をアップ(3ターン)▲
スターを大量獲得▲ ＋ 自身のクリティカル威力をアップ(3ターン)▲
スターを消費して追加の効果を得るか選択してください
スターを獲得
スターを獲得 ＋ 味方全体のNPを少し増やす
スターを獲得 ＋ 自身のスター集中度をダウン(1ターン)
スターを獲得[{0}]
スターを獲得[{0}] ＋ 味方全体のNPを少し増やす
スターを獲得[{0}] ＋ 自身のスター集中度をダウン[{0}](1ターン)
スターを獲得▲&自身にターン終了時にスターを獲得する状態を付与(1ターン)▲
スターシエル
スタートマス
スタート地点
スターライト・フェスト
スターリィ・ナイト
スターリット・マーマレード
スターリー・ナイツ
スター・オブ・キャメロット
スター・クロワッサン
スター・ピッキング
スター・ブラスター
スター減少
スター獲得
スター発生アップ
スター発生アップ〔セイバー〕
スター発生アップ〔日輪〕
スター発生アップ・対セイバー
スター発生アップ：Arts
スター発生アップ：Buster
スター発生アップ：男性
スター発生ダウン
スター発生率をアップ
スター発生率をダウン
スター発生率をダウン(精神異常扱い)
スター発生率アップ
スター集中アップ
スター集中アップ：Arts
スター集中アップ：Buster
スター集中アップ：Quick
スター集中アップ：水辺
スター集中ダウン
スダルシャンチャクラ・ヤムラージ
スチームエレクトリカルwithパパ
スチームエレクトリカルwithパパ_ゴール後状態
スチームエレクトリカルチョコ
ステュクス沼
ステラ
ステンノ
ステーション・サイ
ストライク・ウェーザー B
ストリート
ストリートでダンスバトル〔ダンスUP〕
ストリートを散歩して空想力を育む カンヅメ級
ストリートを散歩して空想力を育む コツコツ級
ストリートを散歩して空想力を育む ノリノリ級
ストリートを散歩して空想力を育む ノンビリ級
ストリート・チョコメイド
ストレンジフェイク
ストレンジャー・アマンド
ストロベリーアイス
ストロベリーサンダークランチチョコ
ストロングドッグ
ストロングドッグZERO
ストロングドッグZEROのドロップ獲得数アップ
ストロングドッグのドロップ獲得量アップ
ストーキング B
ストーミー・ナイト
ストーム・ボーダー
ストーム・ポッド
ストーリー限定★4サーヴァントコイン（補填）
ストーリー限定★5サーヴァントコイン（補填）
ストーンチョコポイント
ストーンチョコポイント150,000以上
＆2月17日18時00分以降に開放
ストーンチョコポイント25,000以上
＆2月15日18時00分以降に開放
ストーンチョコポイント250,000以上
＆2月18日18時00分以降に開放
ストーンチョコポイント370,000以上
＆2月19日18時00分以降に開放
ストーンチョコポイント500,000以上
＆2月20日18時00分以降に開放
ストーンチョコポイント75,000以上
＆2月16日18時00分以降に開放
ストーンチョコポイントのドロップ獲得量を10%増やす【『バレンタイン2024』イベント期間限定】
ストーンチョコポイントのドロップ獲得量を30%増やす【『バレンタイン2024』イベント期間限定】
ストーンチョコポイント獲得量アップ
ストーンペンライト
ストーンペンライトのドロップ獲得数アップ
スナイプドハート
スナイプドハート B
スナハマラブレタ（キョウフ）
スニエクレータ・スネグーラチカ
スニーキングフォレスト
スネフェル・イオテル・ナイル
スノーフィールド市警が有する
戦闘部隊のユニフォーム
スノーフェアリー EX
スノーベビー
スノーベビーのドロップ獲得数アップ
スノーホワイト・プリンセス B
スノーボール・ファイト
スノー・ハート
スノー・パイレーツ
スバラシキカイバオケ
スパイシーショコラトル
スパイシーショコラトルのドロップ獲得数アップ
スパイナル・コースター
スパイラル・レイザー
スパイラル・レイザー 決断戦
スパイラル・レイザー 追憶戦α
スパイラル・レイザー 追憶戦β
スパイラル・レイザー 追憶戦γ
スパイラル・レイザー 追憶戦δ
スパイラル・レイザー 追憶戦ε
スパイラル・レイザー 追憶戦ζ
スパルタクス
スパルタクス(バーサーカー)装備時のみ、自身にガッツ状態(1回・HP50%回復)を付与
スパルタクス撃退戦 幼竜級
スパルタクス撃退戦 成竜級
スパルタクス撃退戦 邪竜級
スパークス・ルート∞ B
スパーリング・キャロル
スパーリング・キャロル A
スパーリング・キャロル B
スパーリング・キャロル EX
スパーリング・キャロルA
スパーリング・キャロルB
スパーリング・キャロルEX
スピドラポイント
スピドラポイント150,000以上で開放
スピドラポイント200,000以上で開放
スピドラポイント30,000以上で開放
スピドラポイント70,000以上で開放
スピンスター・ハベトロット
スピードトレーナー EX
スフィリ・トゥ・ターロー
スフィンクス・アウラード
スフィンクス・ハント 典位
スフィンクス・ハント 典位級
スフィンクス・ハント 祭位
スフィンクス・ハント 祭位級
スフィンクス・ハント 開位
スフィンクス・ハント 開位級
スプライト・アルビオン
スプラッシュレイク
スプラッシュレインボーな少女
スプラッタ☆レインボー！
スプリガン・ハント 典位+級
スプリガン・ハント 典位級
スプリガン・ハント 祭位級
スプリガン・ハント 開位級
スプリンター
スプレッド☆レインボー！
スプレッド・ガン
スベテノミナモトハ、カズ
スベテヲ
スペシャルイベント開幕直前 土曜 殺の修練場 上級
スペシャルイベント開幕直前 土曜 殺の修練場 中級
スペシャルイベント開幕直前 土曜 殺の修練場 初級
スペシャルイベント開幕直前 土曜 殺の修練場 超級
スペシャルイベント開幕直前 土曜 種火集め<弓・術編> 上級
スペシャルイベント開幕直前 土曜 種火集め<弓・術編> 中級
スペシャルイベント開幕直前 土曜 種火集め<弓・術編> 初級
スペシャルイベント開幕直前 土曜 種火集め<弓・術編> 超級
スペシャルイベント開幕直前 日曜 剣の修練場 上級
スペシャルイベント開幕直前 日曜 剣の修練場 中級
スペシャルイベント開幕直前 日曜 剣の修練場 初級
スペシャルイベント開幕直前 日曜 剣の修練場 超級
スペシャルイベント開幕直前 日曜 種火集め<ランダム編> 上級
スペシャルイベント開幕直前 日曜 種火集め<ランダム編> 中級
スペシャルイベント開幕直前 日曜 種火集め<ランダム編> 初級
スペシャルイベント開幕直前 日曜 種火集め<ランダム編> 超級
スペシャルイベント開幕直前 月曜 弓の修練場 上級
スペシャルイベント開幕直前 月曜 弓の修練場 中級
スペシャルイベント開幕直前 月曜 弓の修練場 初級
スペシャルイベント開幕直前 月曜 弓の修練場 超級
スペシャルイベント開幕直前 月曜 種火集め<槍・殺編> 上級
スペシャルイベント開幕直前 月曜 種火集め<槍・殺編> 中級
スペシャルイベント開幕直前 月曜 種火集め<槍・殺編> 初級
スペシャルイベント開幕直前 月曜 種火集め<槍・殺編> 超級
スペシャルイベント開幕直前 木曜 種火集め<槍・殺編> 上級
スペシャルイベント開幕直前 木曜 種火集め<槍・殺編> 中級
スペシャルイベント開幕直前 木曜 種火集め<槍・殺編> 初級
スペシャルイベント開幕直前 木曜 種火集め<槍・殺編> 超級
スペシャルイベント開幕直前 木曜 騎の修練場 上級
スペシャルイベント開幕直前 木曜 騎の修練場 中級
スペシャルイベント開幕直前 木曜 騎の修練場 初級
スペシャルイベント開幕直前 木曜 騎の修練場 超級
スペシャルイベント開幕直前 水曜 狂の修練場 上級
スペシャルイベント開幕直前 水曜 狂の修練場 中級
スペシャルイベント開幕直前 水曜 狂の修練場 初級
スペシャルイベント開幕直前 水曜 狂の修練場 超級
スペシャルイベント開幕直前 水曜 種火集め<弓・術編> 上級
スペシャルイベント開幕直前 水曜 種火集め<弓・術編> 中級
スペシャルイベント開幕直前 水曜 種火集め<弓・術編> 初級
スペシャルイベント開幕直前 水曜 種火集め<弓・術編> 超級
スペシャルイベント開幕直前 火曜 槍の修練場 上級
スペシャルイベント開幕直前 火曜 槍の修練場 中級
スペシャルイベント開幕直前 火曜 槍の修練場 初級
スペシャルイベント開幕直前 火曜 槍の修練場 超級
スペシャルイベント開幕直前 火曜 種火集め<剣・騎編> 上級
スペシャルイベント開幕直前 火曜 種火集め<剣・騎編> 中級
スペシャルイベント開幕直前 火曜 種火集め<剣・騎編> 初級
スペシャルイベント開幕直前 火曜 種火集め<剣・騎編> 超級
スペシャルイベント開幕直前 金曜 種火集め<剣・騎編> 上級
スペシャルイベント開幕直前 金曜 種火集め<剣・騎編> 中級
スペシャルイベント開幕直前 金曜 種火集め<剣・騎編> 初級
スペシャルイベント開幕直前 金曜 種火集め<剣・騎編> 超級
スペシャルイベント開幕直前 金曜 術の修練場 上級
スペシャルイベント開幕直前 金曜 術の修練場 中級
スペシャルイベント開幕直前 金曜 術の修練場 初級
スペシャルイベント開幕直前 金曜 術の修練場 超級
スペムンぬい
スペムンぬいのドロップ獲得数を1個増やす【『スペース・ファンタズムーン』イベント期間限定】
スペムンぬいのドロップ獲得数アップ
スペムンアクキー
スペムンアクキーのドロップ獲得数を1個増やす【『スペース・ファンタズムーン』イベント期間限定】
スペムンアクキーのドロップ獲得数アップ
スペムンバッヂ
スペムンバッヂのドロップ獲得数を1個増やす【『スペース・ファンタズムーン』イベント期間限定】
スペムンバッヂのドロップ獲得数アップ
スペースジオラマチョコ
スペーストシゾーの手配書
スペースハンター
スペースハンター A
スペースハンター B
スペースハンター EX
スペースポテト
スペースポテトのドロップ獲得数アップ
スペース・イシュタル
スペース・エレシュキガル
スペース・エレシュキガル体験クエスト
スペース・キャットの手配書
スペース・デッドマンズ・ハンド
スペース・ファンタズムーン 
アナザー・クリスマス 真夜中のこんふぁんた
スペース・ファンタズムーン　アナザー・クリスマス
スペース・ファンタズムーンＶ
スペース・ミストレス
スマイリングホテル
スマイリー・サマーウェア
スマイル・オブ・ザ・ステンノ
スマイル・ナイト
スマホさん
スマホ変形機能付き小為朝
スマートペン
スマートペンのドロップ獲得数を1個増やす【『15人の理知的なメガネたち』イベント期間限定】
スマートペンのドロップ獲得数アップ
スマート・エスコート A
スマート・エスコート B
スマート・エスコート EX
スマート・レバー
スムース・セーリング
スモールラビリンス
スライドルール・ウェポン B++
スリスリ島の財宝
スリップ・ニー
スリラーハウス
スリーピング・エリザ
スリー・アングラー
スリー・イン・ザ・ブラック
スリー・エニグマズ
スルーズ
スワンレイク A
スーパーエージェント
スーパーエージェント A
スーパーエージェント EX
スーパードクター
スーパーナイルフラワーズ
スーパーバニヤン
スーパーバニヤンミール
スーパーボルト
スーパーボーナスクエストクリアで開放
スーパーボーナスクエスト＆終局特異点クリアで開放
スーパーポジティブストーカー A+
スーパーロックオンチョコ〔ストロベリー〕
スーパーロックオンチョコ〔ブルーベリー〕
スーパー・クールビズ
スーパー・ショートカット・スクーター
スーパー・ドゥーパー・クラフター
スーパー・ドゥーパー・クラフター A
スーパー・ドゥーパー・クラフター B
スーパー・ドゥーパー・クラフター EX
スーパー戦国大吟醸『カゲトラン・零』
スーパー青子
スーパー麦わら帽
スーパー麦わら帽のドロップ獲得数アップ
ズイテンカリュウスミビヤキサーロイン
ズメイ・ゴルィニシチェ
ズンガズンガ！
ズヴェーリ・クレースニーホッド
セアラ・ナアラト・フルバーン
セイエルモノヒ
セイオンナヒトトキ
セイカノオモイデ
セイシャヒッチュウ
セイショウナゴン
セイジャノコウシン
セイジャノショウタイ
セイジャノヨリシロ
セイジョノキョウジ
セイジョノヤスラギ
セイソウロンギヌス
セイナルイズミ
セイナルケンシン
セイバーお試しクエスト
セイバーの星 C++
セイバーウォーズ2：
マップテーマ
セイバーウォーズの予感
セイバーウォーズの記憶
セイバーウォーズパビリオンクエスト1
セイバーウォーズパビリオンクエスト1クリアで開放
セイバーウォーズパビリオンクエスト2
セイバーウォーズ２ ～始まりの宇宙へ～
セイバーウォーズ？！
セイバーオブセイバーズ
セイバーオルタ
セイバースレイヤー 激闘編
セイバースレイヤー 覚醒編
セイバースレイヤー 黎明編
セイバーテアトルム
セイバーピース
セイバーモニュメント
セイバー・リリィ
セイバー育成交換券
セイヒツノハサン
セイファート・ライムライト
セイファート・ライムライト 決断戦
セイファート・ライムライト 追憶戦α
セイファート・ライムライト 追憶戦β
セイファート・ライムライト 追憶戦γ
セイファート・ライムライト 追憶戦δ
セイファート・ライムライト 追憶戦ε
セイファート・ライムライト 追憶戦ζ
セイヤノキョッコウ
セイヤノツバサアルヘビ
セイヤノドクショ
セイヤノバンサン
セイヤノホワイトケーキ
セイレムの魔女 A++
セイントバー
セイントバーのドロップ獲得数アップ
セイント・ウォーオーダー
セカイヲナイホウセシモノ
セカンドステージ
セカンド・ジェネレーション・ファイアリー・クイーン
セキゲンリョウヘイ
セキトバ
セクエンス・モルガン
セクシーピンナップ
セタンタ
セッカナキヨルノサキヘ
セッショウインキアラ
セッショウイントクジョウオハギ
セッセイトウソトビタースイート
セッティングリハーサル〔ボーカル＆ダンスUP〕
セツナノマホロバ
セブンゲイブルズ
セプテム
セプテムの守護者、此処に
セミラミス
セミラミス撃退戦 幼竜級
セミラミス撃退戦 成竜級
セミラミス撃退戦 邪竜級
セメント
セラピューティック・スパ
セルフ・ギアス・スクロール
セルマン・デ・デュランダル
セルリアンライド A
セレブリティ・ボート
セレブレイション・ブーケ
セレブレイト・メモリーズ
セレモニア原始聖門
センコウ
センシティブ・メンタル
センシティブ・メンタル EX
センジムラマサ
センジンノグンタイ
センセとオレ
センセイ
センセイとボク
センセトオレ
センターコア
センター街
センテイノモップ
セントオルレアン
セントラルステージ
セントルイス
センネンオウゴンジュ
センノリキュウ
センメツリスト
センユウ
セーフティコテージ
セーフティ・オイル
セーフハウス
セーブ・ワイヤー
セーリングポイント
ゼッコウノツリバ
ゼノビア
ゼヒモナイチョコ
ゼンジョー
ゼンノハコニワ
ソウキュウヲコエテ
ソウギョクノマホウショウジョ
ソウゲンノユウシ
ソウルイーター・ハント 典位+級
ソウルイーター・ハント 典位級
ソウルイーター・ハント 祭位級
ソウルイーター・ハント 開位級
ソウル・グラトニー
ソシテ、オオエヤマニテ
ソシテセイケンハカガヤク
ソシテフネハユク
ソソアウワキ
ソチナトル・ガリヴァーワーズ
ソドムズビースト／ドラコー
ソノアトニツヅクモノ
ソノヒトミハニガサナイ
ソラからのおくりものwithボンクラ５
ソラへ
ソラヘ
ソラヲミチトシ
ソラ渉る天元の花
ソレハ、リョウテイッパイノ
ソロモン
ソロモンの指輪 E
ソロモンオウヘノミツギモノ
ソロモン王
ソロモン王への貢物
ソロ・ステージ
ソング・オブ・グレイル
ソンザイノショウメイ
ソンブレロ・アポカリプス
ソンブレロ・アポカリプス 決断戦
ソンブレロ・アポカリプス 追憶戦α
ソンブレロ・アポカリプス 追憶戦β
ソンブレロ・アポカリプス 追憶戦γ
ソンブレロ・アポカリプス 追憶戦δ
ソンブレロ・アポカリプス 追憶戦ε
ソンブレロ・アポカリプス 追憶戦ζ
ソーダアイス
ソーダアイスを所持で開放
ソード・オブ・パラケルスス
ソーホー
ソールズベリー
ソールズベリーでもう一度
ゾーハルのきせき
ゾーハルの輝石 EX
タイコウボウ
タイサイセイクン
タイソエイ・アウェイクン
タイタンⅢEロケット
タイプルミナ
タイムアルター
タイヨウカラノタマワリモノ
タイラノカゲキヨ
タイラント・シューティンスター
タイラント・シューティンスター_ゴール後状態
タイラント・ベイビー A
タウロポロス・スキア・セルモクラスィア
タエナルトバリノナカヘ
タカスギシンサク
タカノマジョノウタゲ
タクサレタモノ
タクミノモチ
タケダハルノブ
タケドモツキヌ
タゲ集中アップ
タゲ集中アップ〔男性〕
タゲ集中アップ〔蛇・竜〕
タコタコメイデン
タスケテ
タタカイオワッテ、ケンハオレテ
タタカイオワッテヒガクレテ
タタールの槍
タダアカク
タダイチドノウソ
タダイマニュウヨクチュウ！
タッタヒトリノセンソウ
タナトス島
タビノハジマリ
タマゴチョコ
タマゴチョコ（フクスウ）
タマシイグイ
タマノイッキョウ
タマモちゃんサマー
タマモキャット
タマモクラブ
タマモノマエ
タラスク
タラスコンの聖女 EX
タワラトウタ
タワー上層
タワー下層
タワー中下層
タワー中層
タワー最上階
タンテイエドモン～イホウセンニュウヘン～
タンテイエドモン～シンショウトツニュウヘン～
タンテイエドモン～ハルサキリョジョウヘン～
タンテイヱドモン～サイゴノジケンヘン～
タンテイヱドモン～シンノクロマクヘン～
タンテイヱドモン～ヨミガエルアクムヘン～
ターミナル・ライン
ターンチャージマイナス
ターン延長〔毎ターン効果〕
ターン延長〔毒・呪い・やけど〕
ターン毎のチャージ量を1減らす
ターン終了時、味方全体に宝具使用時のチャージ段階を1段階引き上げる状態を付与
ターン終了時、味方全体のNPを増やす
ターン終了時、自身に〔魔弾〕を付与
ターン終了時、自身のHPが減少する(強化扱い)【デメリット】
ターン終了時、自身のHPを回復する<「痛飲する者」「神々の王」の効果対象となる>
ターン終了時、自身の強化状態を1つ解除
ターン終了時、自身の防御力をダウン＆即死耐性をダウン
ターン終了時にHPが回復する
ターン終了時にHPが減る
ターン終了時にHPが減る(重複してかからない)
ターン終了時にHPが減る＆他のやけどにかからなくなる
ターン終了時にNPが増える
ターン終了時に「味方全体のNPを増やす＆HPを回復 ＋ スターを獲得」効果を発動する
ターン終了時に「自身のNPが減る ＋ 予告側全体のチャージが増える」効果を発動
ターン終了時に「自身のチャージが減る ＋ 予告側全体のNPが増える」効果を発動
ターン終了時に〔増殖〕を付与
ターン終了時に〔増殖〕を付与＆宝具攻撃耐性アップ・増殖(〔増殖〕状態解除の対象となる)を付与
ターン終了時にスターを獲得する
ターン終了時に即死する状態<強化扱い>を付与【デメリット】
ターン終了時に味方全体のHPが100%の時、スターを獲得する
ターン終了時に回避状態(解除不能な状態は除く)の時、対象に〔マーキング〕状態を付与する
ターン終了時に自身のHPを減らす
ターン終了時に自身のNPを減らす状態(1回)<強化扱い>を付与【デメリット】
ターン終了時に自身のチャージを減らす状態(1回)<強化扱い>を付与【デメリット】
ターン終了時に自身を控えに退避する
ターン終了時に自身を除く味方全体に極低確率でスタン
ターン経過後、自身に即死効果(ガッツ無視・耐性無効・解除不能)
ターン経過後、自身のコマンドカードのタイプをArtsに変化させる＆Artsカード性能をアップ
ターン経過後、自身のコマンドカードのタイプをQuickに変化させる＆Quickカード性能をアップ
ターン経過後に支援砲撃が着弾する
ターン開始時、敵全体に呪い状態を付与
ターン開始時、敵全体に毒状態を付与
ターン開始時、敵全体のQuick攻撃耐性をダウン＆クリティカル攻撃耐性をダウン
ダイエクスト
ダイコクテン
ダイショウマジュツ
ダイスキナパンケーキ
ダイナソア・サマー・グッドバイ
ダイブ・トゥ・ブルー
ダイボッチ・キングダイブ
ダイヤモンドの谷
ダイヤモンドヘッド
ダイヤモンド・ラウンド・ビーチ
ダイロクテンマオウ
ダウジング B
ダウンタウン
ダウン・スライド
ダシンベン
ダズリング・ムーン
ダッココアラ
ダッココアラのドロップ獲得数を1個増やす【『ワンジナ・ワールドツアー！』イベント期間限定】
ダッココアラのドロップ獲得数アップ
ダディダディ!!
ダディ・レターライブ
ダビデ
ダビデ(アーチャー)装備時のみ、自身の宝具威力を30%アップ＆攻撃時に極低確率で敵に即死効果
ダビデとゴリアテ
ダブルクラス E
ダブルクロス B
ダブル・スイート
ダマスクコウノタンケン
ダマスク鋼の短剣
ダミークエスト
ダミースポット
ダメージアップ
ダメージカット
ダメージカットを無視して、攻撃によるダメージを与える
ダメージカット貫通
ダメージカット：水辺または虚数空間
ダメージプラス
ダメージ吸収
ダラス
ダルマ＝アショーカ・チャクラ・ヴァルティン
ダレイオスサンセイ
ダレイオス三世
ダンガントジュウ
ダンス10万／パフォーマンス10万以上で開放
ダンス15万／ボーカル18万以上で開放
ダンス20万以上で開放
ダンス23万／ボーカル23万以上で開放
ダンス2万以上で開放
ダンス45万／パフォーマンス50万以上で開放
ダンス50万以上で開放
ダンス・ウィズ・ラウンズ
ダンゼツ
ダンゾウノウシ
ダンテ・アリギエーリ
ダンディ・ラビット
ダンディ・ラビットのドロップ獲得数を1個増やす【『レディ・ライネスの事件簿』イベント期間限定】
ダンディ・ラビットのドロップ獲得数アップ
ダ・ヴィンチ
ダ・ヴィンチちゃん
ダ・ヴィンチ体験クエスト
ダ・ヴィンチ工房特製、対南国用装備
つまりアロハであるが、戦闘機能も備えた魔術礼装
ダ・ヴィンチ工房特製、対熱帯地帯用装備
つまりは水着であるが、戦闘機能も備えた魔術礼装
ダーク・ハンド
ダーク・プロテア
ダーク・マアンナ
ダーク・ラウンズ・シャドウの手配書
ダービーワーフ
チア・フォー・マスター
チアーズ・トゥ・2017
チイサナネコノロンド
チェイテの夜 B
チェイテシンデレラ城前
チェイテピラミッド姫路城
チェイテピラミッド姫路城の記憶
チェイテ・ハロウィン・トリロジー
ウルトラデラックス総集編！
チェイテ城
チェイテ村
チェックメイト・インターセプター EX
チェック・レディ
チェリー・アイシクル
チェーンソー・オブ・ザ・デッド
チエノサカナ
チカイノハオリ
チキュウノオモイデ
チクタク、戻る
チクタククン
チクタク・バン！
チクタク・ボム
チコナワロヤン
チコモストク
チタンプレート
チタンプレートのドロップ獲得数アップ
チチェン・イツァー
チチェン・イツァーの生活（Ⅰ）
チチェン・イツァーの生活（Ⅱ）
チノソコノシンコウ
チビッコオウコクノボウケン
チャチャ
チャリオット・オブ・ブディカ
チャリオット・マイ・ラブ
チャンピオンカップ
チャンピオントロフィー
チャンピオン・オブ・祟ール
チャージ吸収
チャージ増加
チャージ減少
チャージ減少：対死霊と悪魔
チャージ減少：対竜
チャージ減少：対魔性
チャールズ・バベッジ
チュウケンマッタナシ
チョウカク
チョウシマイ
チョウジンオリオン
チョクリュウシキグレイトフルクッキー
チョコが陽だまりで溶けぬ間に
チョコの鍵
チョコエンパイア・エディンバラ
チョコカップケーキ
チョコシキミニゴーレム
チョコチップメロンパン
チョコノカギ
チョコミントクールバレット
チョコラフター
チョコラフター A
チョコラフター EX
チョコレート
チョコレート×63
チョコレートの花園
チョコレートケーキ・バニーホワイト
チョコレートドライバー
チョコレートフウミアンプル
チョコレート・ヘヴン
チョコレート風味アンプル
チョコ・エンゼル
チョコ・バレット
チョコ・パイナップル
チョコ・ミサイル
チョコ・ラフティング
チョコ式ミニゴーレム
チョコ空中庭園の記憶
チョコ製造 パートタイム・上級
チョコ製造 パートタイム・中級
チョコ製造 パートタイム・初級
チョコ製造 パートタイム・超級
チョコ製造 フルタイム・グレー級
チョコ製造 フルタイム・ブラック級
チョコ製造 フルタイム・ホワイト級
チョットコゲタクロワッサン
チョトツモウシンチョコ
チヨコチヨコタコカイナ
チヨコチヨコタコネツケ
チヲススルオノ
チンキュウ
チンセツユミハリヅキ
チーズケーキ
チーム フェニックス
チーム結成 がんばるファラオのおはなし（起）
チーム結成 ぐだぐだロックスター誕生！
チーム結成 エレナの夏休み《PART1》
チーム結成 ワイルド・スピード／＆ハイ
チーム結成 今日のふらん ～哲学編～
チーム結成 頼光、法師と邂逅す【金剛界編】
ツァゴ・デジ・ナレヤ
ツアー・マニュアル
ツインアーム・ビッグクランチ
ツイン・テイル
ツウカクキョウユウ
ツキニホエル
ツキノウミノセイトカイ
ツキノショウリシャ
ツキノトウジ
ツキメガミノモクヨク
ツキヨノカイコウ
ツキヨノトウエン
ツキヨノマジョ
ツタンごはん
ツタンカーメン
ツツマシキブタ
ツマカラノレイジョウ
ツミカサネタジカンノケッショウ
ツヨツヨドラゴンハート
ツリーキーパー
ツリースプーン
ツリースプーンのドロップ獲得数アップ
ツルトショコラトヌクモリト
ツングースカ・ナインドライブ
ティアマト
ティエール
ティカル遺跡
ティトラカワン
ティンクルキャンディ
ティーカップ
ティーチ
テイエンノモリビト
テイク・ロマンス
テイスト・オブ・ウィッシュ
テイトセイハイセンソウ
テオドシウス・コンスタンティノス
テオブロマ・カリス
テオブロマ・カリス B
テオブロマ・カリス EX
テキサス・ビヨンド
テキサス・ビヨンドⅠ
テキサス・ビヨンドⅡ
テキサス・ビヨンドⅢ
テキサス・レンジャー
テクシス社
テクドラポイント
テクドラポイント150,000以上で開放
テクドラポイント200,000以上で開放
テクドラポイント30,000以上で開放
テクドラポイント70,000以上で開放
テクニカ・マスカラ
テクニックトレーナー EX
テスカトリポカ
テスカトリポカ霊衣獲得クエスト
テスタメント・フォーム
テスタロッサ・メイデン
テスラコイル A+
テスラコイル A++
テスラ・カップ ギガコイル級
テスラ・カップ メガコイル級
テズクリクッキートブッタイエックス
テズクリブラウニートホットミルク
テセウス
テッカンノンチャ（？）
テヅクリアイジョウチョコ
テヅクリライスボール
テティス島
テノチティトラン
テノヒラジョウノロウカク
テペヨロトル
テムズトロル
テュフォン
テュフォンの繭
テュフォン・エフェメロス
テュフォン不在により閉鎖中
テュフォンを奪還することで再開放
テュフォン機能停止により閉鎖中
テュフォンの機能が復活することで再開放
テリトリー
テルメーの輝き B
テルモピュライ・エノモタイア
テンカオウライ
テンカフブ
テンキヒメ
テングナリキリセット
テンケイ
テンシノアンサツ
テンシノウタ
テンチョウノオバネ
テンニカザス
テンノクサビ
テンノケイジ
テンノコロモ
テンノサカヅキ
テンノバンサン
テンプルキシダンノヒキゲキ
テンプル騎士団の秘宝を追え！
テンマノハルシュギョウ
テンメイノネンドバン
テーバイの泉にて EX
ディア・フレンド
ディア・マイ・リトル・シスター
ディオスクレス・テュンダリダイ
ディオスクロイ
ディオ・サンティシモ・ミゼルコディア・ディ・ミ
ディクテイター・パーパチュレーツ
ディスガイズ・コスチューム
ディドルディドル
ディメンジョン・オブ・スチーム
ディルムッド
ディルムッド・オディナ
ディルムッド・オディナ体験クエスト
ディーエイチエー
ディーバポイント
ディーバポイント100,000以上獲得
＆10月25日18時00分以降に開放
ディーバポイント160,000以上獲得
＆10月26日18時00分以降に開放
ディーバポイント25,000以上獲得
＆10月23日18時00分以降に開放
ディーバポイント310,000以上獲得
＆10月27日18時00分以降に開放
ディーバポイント370,000以上獲得で開放
ディーバポイント430,000以上獲得で開放
ディーバポイント510,000以上獲得で開放
ディーバポイント60,000以上獲得
＆10月24日18時00分以降に開放
ディーバポイント630,000以上獲得で開放
ディーバポイント獲得量アップ
ディーヴァール
デイモス島
デイ・アフター
デイ・アンド・ナイト
デイ・オフ・マスター
デオン
デコペンキ
デコペンキのドロップ獲得数アップ
デザインノート
デザインノートのドロップ獲得数アップ
デザート・ビューティ
デザート・ビューティ_ゴール後状態
デザート・メイデン
デジマスイーツポイント
デジマスイーツポイント130,000以上
＆7月1日18時00分以降に開放
デジマスイーツポイント20,000以上
＆6月29日18時00分以降に開放
デジマスイーツポイント270,000以上
＆7月2日18時00分以降に開放
デジマスイーツポイント50,000以上
＆6月30日18時00分以降に開放
デジマスイーツポイントのドロップ獲得量アップ
デスジェイル・サマーエスケイプ
～罪と絶望のメイヴ大監獄2017～
デスジェイル・サマーエスケイプ：
マップテーマ
デスピック
デスピックのドロップ獲得数を1個増やす【『ファイナル・ハロウィン2025』イベント期間限定】
デスピックのドロップ獲得数アップ
デッドコースト 上級
デッドコースト 中級
デッドコースト 初級
デッドコースト 滅級
デッドコースト 爆級
デッドコースト 超級
デッドヒート・アタランテ
デッドヒート・アルテミス
デッドヒート・サマーレース！
～夢と希望のイシュタルカップ2017～
デッドヒート・サマーレース！：
マップテーマ
デッドヒート・ブーディカ
デッドヒート・マッスルクィーン
デッド・ハザード
デッパツ活動写真館
デバッギング
デビルカレン
デビルズフードケーキ
デビルズ・クエスト
デビルズ・シュガー A
デビル・エルボー
デミング
デミ・フェットの手配書
デメテル
デメテル・エリニュス
デメテル・オリジン中枢部
デメテル・キャッスル
デモイン
デモテープ あなたの銀河
デモテープ アナタノギンガ
デモンズガーデン
デュアル・バーニング
デュランダル
デュランダル・レプリカ
デリバリー・ヒーリング
デンジャラス・ゲーム
デンジャラス・ビースト
デンジャーコテージ
デンジャー！ 不審人物注意報
デンセツトジジツ
デンセツノオーブチョコ
デンバー
デ・アーダポルエータース
デ・オセアン・ダレグレス
デ・ステーレンナフト
データ更新後に開放
デーツチョコ
デーモン・ハント 典位
デーモン・ハント 典位+級
デーモン・ハント 典位級
デーモン・ハント 祭位
デーモン・ハント 祭位級
デーモン・ハント 開位
デーモン・ハント 開位級
デーヴァローカ
トアルウミデノデキゴト
トアルヤマデノデキゴト
トイ・ゲート
トゥインクルカテドラル
トゥインクル・スター
トゥリファスでの思い出
トゥリファスにて
トゥリファスの記憶
トゥリファスニテ
トゥリファス市街
トゥース・フィッシング A
トウエイマジュツ
トウコウノショウジョ
トウセイフウゾウトウカシ
トウソウ
トウソウノハジマリトオワリヲツゲルチョコ
トウドウヘイスケ
トウハチビシャモンテン
トウモロコシ畑
トクガワ島の財宝
トクセイオダンゴ
トケイトウ
トゲの生えたチョコ塊
トゲノハエタチョコカタマリ
トコロザワブロック
トップ・オブ・ザ・ムーン
トナカイ・ドライブ A
トネリコ
トネリコの木
トネリコの木巡り 1
トネリコの木巡り 2
トネリコの木巡り 3
トネリコノキ
トミー・サムの秘密の絵本 A
トモエゴゼン
トモカラノテガミ
トモニアシタヲ
トモルイノリヲムネニカカゲテ
トライスター・アモーレ・ミオ
トライスター・ベルト
トライスター・ベルト（てせい）
トライスター・ベルト（手製）
トライ・アーク・ライダー
トライ・アーク・ライダー A
トライ・アーク・ライダー B
トライ・アーク・ライダー EX
トライ・ザ・パンチ
トラジェクトリー・オブ・フェイト
トラッシュ＆クラッシュ B
トラッシュ＆クラッシュ EX
トラトラウキ
トラトラウキの番人
トラベリングダイサーカス！
トラベリング大サーカス！
トラロック
トランＧスター
トリガー・オフ
トリシューラチョコ
トリシューラ・シャクティ
トリスタン
トリスタンの考察に投票
トリスタンの考察に投票済み
トリッキークロス
トリッキークロスのドロップ獲得数を1個増やす【『旧き蜘蛛は懐古と共に糸を紡ぐ』イベント期間限定】
トリッキークロスのドロップ獲得数アップ
トリックマスター
トリック・オア・トリート
トリック・オア・トリートメント
トリトンギフトカード
トリニティ・メタトロンチョコ
トレジャーハンター
トレジャーハンター A
トレジャーハンター B
トレジャーハンター EX
トレジャーハント（海） A
トレジャーハント（海） C
トレジャー・オブ・カリビアン
トレジャー・チェッカー B
トレジャー・チョコレート
トレーター・ユガ／医神アスクレピオス
トロイの木馬（手の平サイズ）
トロイアの守護者 A
トロイアの幻影
トロイアス・トラゴーイディア
トロイア・イポス
トロイア・ヴェロス
トロイノモクバ（テノヒラサイズ）
トロピカル
サマー
トロピカルサマー
トロピカルナッツ
トロピカルナッツのドロップ獲得数アップ
トロピカルバター
トロピカル・メモリア
トロピカル・ルーンサマー
トロージャン・ガーディアン
トワイライト・メディテーション
トワイライト・メモリー
トワイライト・ラダー
トンちゃん
トンデモナイモノヲヌスンデイクタメノチョコ
トークン「アルジュナ」「ベオウルフ」を獲得で開放
トークン「エウリュアレ」「ニトクリス」「クレオパトラ」を獲得で開放
トークン「オジマンディアス」「エイリーク」を獲得で開放
トークン「カーミラ」「玉藻の前」「マルタ」を獲得で開放
トークン「ガウェイン」「佐々木小次郎」「巌窟王」を獲得で開放
トークン「ギルガメッシュ」「オデュッセウス」を獲得で開放
トークン「ジャンヌ・ダルク(アーチャー)」「ジル・ド・レェ(キャスター)」を獲得で開放
トークン「ダビデ」「マーリン」を獲得で開放
トークン「ネロ・クラウディウス」「静謐のハサン」を獲得で開放
トークン「ブリュンヒルデ」「酒呑童子」を獲得で開放
トークン「モードレッド」「カラミティ・ジェーン」を獲得で開放
トークン「ラーマ」「始皇帝」を獲得で開放
トークン「百貌のハサン」「シグルド」を獲得で開放
トークンを15個獲得かつ5月27日18時00分以降に開放
トークンを15個獲得で開放
トークンを20個獲得で開放
トークンを30個獲得かつ5月29日18時00分以降に開放
トークンを30個獲得で開放
トークンを35個獲得で開放
トークンを4個獲得で開放
トースト・ハニーヤナギ
トーナメント・スター
トーマス・エジソン
ドゥリア・アンティクィオル
ドゥリンダナ
ドゥリーヨダナ
ドゥルガー
ドゥ・スタリオンチョコ
ドゥームズ・デイ
ドウジキリヤスツナ
ドウチョウ
ドウデモヨカッタモノ
ドウマンノフ
ドカドカハンマー
ドクジャイチゲイ
ドクロコーン
ドクロコーンのドロップ獲得数アップ
ドクロ島の財宝
ドスチョコ・ビター
ドック・キュケオン
ドッペルゲンガー B+
ドッペルパーティ -I-
ドッペルパーティ -II-
ドッペルパーティ -III-
ドッペルパーティ -IV-
ドッペルパーティ -V-
ドッペルパーティ -VI-
ドバイの白い壁とドライな黒ビキニ
ドバイ・ビーチ
ドバイ・ファウンテン
ドバイ・フレーム
ドバイ・モール
ドバイ空港
ドバイ観光 ご利用は計画的に
ドバイ観光 ドラゴンスレイヤーヒーローショー
ドバイ観光 ハヌマーンも認めた味
ドバイ観光 フードデリバリー戦争
ドバイ観光 不毀のバリケード
ドバイ観光 王の晩餐 ～準備中～
ドバイ観光 百面相の洋品店
ドバイ観光 砂漠の愛の逃避行？
ドバイ観光 落下した先で、わしは
ドバイ観光 買うべきか買わざるべきか
ドバイ観光 高さにこだわる女神様
ドバイ観光 ３カウントが聞こえる
ドバイ観光ポイント
ドバイ観光ポイント獲得量アップ
ドブルイニャ・ニキチッチ
ドミネイター・キャップ
ドミネイター・フォックス A
ドライノッブ
ドライブ・イン・ラスベガス
ドラクルコイン
ドラクルコインのドロップ獲得量アップ
ドラケイの河
ドラコニック・スパルトイ
ドラコー
ドラゴニックフィールドをオーバーブーストする
ドラゴンサロンへようこそ！
ドラゴンスフィア
ドラゴンスフィアのドロップ獲得数アップ
ドラゴンスレイヤー
ドラゴンディスク
ドラゴンディスクのドロップ獲得数アップ
ドラゴンハート B
ドラゴンファンタズム
ドラゴンフード
ドラゴンフードのドロップ獲得数を1個増やす【『育て！ マイ・リトル・ドラゴン』イベント期間限定】
ドラゴンフードのドロップ獲得数アップ
ドラゴンリペアラー
ドラゴンリペアラー A
ドラゴンリペアラー B
ドラゴンリペアラー EX
ドラゴンロッド　サマーヴァイパーイーエックス
ドラゴンロッド　サマーヴァイパーＥＸ
ドラゴン・ダンス
ドラゴン・トレッキング
ドラゴン・ハント 典位級
ドラゴン・ハント 祭位級
ドラゴン・ハント 開位級
ドラバス～10th記念ライブ～
ドラバス～テンスきねんライブ～
ドリルグミ
ドリルグミのドロップ獲得数アップ
ドリームチップ
ドリームチップのドロップ獲得数アップ
ドリームランズ
ドリーム・オデッセイ
ドリーム・クローゼット
ドリーム・シャーク
ドリーム・トレジャー
ドリーム・プール
ドルイドの杖
ドルイドノツエ
ドレイク
ドレイク(ライダー)装備時のみ、自身がフィールドにいる間、味方全体の宝具威力を20%アップ
ドロップで得られるQPの量を1%増やす(サポート時は3%増やす)
ドロップで得られるQPの量を1%増やす＆クエストクリア時に得られるマスターEXPを1%増やす
ドロップで得られるQPの量を1%増やす＆クエストクリア時に得られる絆を1%増やす
ドロップで得られるQPの量を1%増やす＆クエストクリア時に得られる魔術礼装EXPを1%増やす
ドロップで得られるQPの量を10%増やす[最大解放]
ドロップで得られるQPの量を2%増やす
ドロップで得られるQPの量を5%増やす(サポート時は15%増やす)[最大解放]
ドロップで得られるQPの量を5%増やす＆クエストクリア時に得られる絆を5%増やす[最大解放]
ドンレミ
ドン・キホーテ
ドン・キホーテ・デ・ラ・マンチャの出立
ドーバーハウス
ナイチンゲール
ナイチンゲール〔サンタ〕
ナイチンゲール・サンタ
ナイチンゲール・プレッジ
ナイツ・オブ・マリーンズ
ナイトプール・スライダー A
ナイト・オブ・オーナー
ナイルの恵み
ナイルノメグミ
ナインライブズ
ナウイ・キアウィトル
ナカヨシレンゴクチョコ
ナガオ・カゲトラ
ナガクラシンパチ
ナガレボシノチアガール
ナキオウジョノタメノパヴァーヌ
ナゾノアイドルエックスオルタ
ナゾノアルターエゴ・Λ
ナゾノカメングン
ナゾノダイコウシャシエル
ナゾノヒロインX
ナゾノヒロインXX
ナゾノヒロインエックス〔オルタ〕
ナゾノヒロインダブルエックス〔オルタ〕
ナゾノホットココアエックス
ナゾノランマルエックス
ナゾノランマルチョコエックス
ナタ
ナチュラルボーン・エラーズ
ナッシュビル
ナツトアイストヴィイ
ナツノアメ
ナツノエンマテイ
ナツノオモイデ
ナツノダラクセット
ナツノミライシ
ナツノヨリソイ
ナナトウノセンツイシタ
ナニモカモキエテナクナッテ
ナニモノカノホウケン
ナヒン・デーンゲー
ナポレオン
ナマエノナイシ
ナミダノバレンタインドウジョウ
ナモシレヌキネンキンカ
ナンソウサトミハッケンデン
ナンディーチョコ（1/1スケール）
ナンディーチョコ（イチブンノイチスケール）
ナンノヘンテツモナイチョコ
ナンム・ドゥルアンキ
ナンム・マリンハート
ナーガの牙毒 A
ナーサリー・ライム
ニカイガサ
ニキチッチ
ニコラ・テスラ
ニシンサンキャク
ニジイロナマコ
ニジイロナマコのドロップ獲得数を1個増やす【『踊るドラゴン・キャッスル！』イベント期間限定】
ニジイロナマコのドロップ獲得数アップ
ニジノオウゴンゲキジョウ
ニセンヨンヒャクネンゴノヤクソク
ニチリンシルコ
ニチリンノシロ
ニット・ザ・ラブ
ニップル
ニップル＠崩壊
ニトクリス
ニトクリス〔オルタ〕
ニトクリスチームを応援 オーバーヒート級
ニトクリスチームを応援 ドライブ級
ニトクリスチームを応援 ハイスピード級
ニトクリスチームを応援 フルスロットル級
ニトクリスチームを支援 スコップ級
ニトクリスチームを支援 スプーン級
ニトクリスチームを支援 ダイナマイト級
ニトクリスチームを支援 ドリル級
ニトクリス・オルタ
ニナイテハココニヒトリ
ニャタBE
ニャーフ！
ニャーフ！ B
ニューイヤー・グリーティング
ニューオーリンズ
ニューシカゴ
ニューヨーク修行 序
ニューヨーク修行 急
ニューヨーク修行 破
ニューヨーク修行 破クリアで開放
ニュー・ダーリントン
ニュー・ビギニング
ニュー坂本探偵事務所
ニュー新選組屯所
ニュー阿国歌舞伎 EX
ニュー魔王城
ニライカナイ本拠地
ニルマーナラティ・ヘブンズフォーム
ニンキガル
ニンゲンヘノドウテイ
ニーニャゴウ
ニーニャ号
ヌンノス合体チョコ
ネオアマゾニス平原
ネガイノサキ
ネガイヨホシヲムスベ
ネガ・サモン -
ネガ・スペース EX
ネガ・セイヴァー
ネガ・セイヴァー A
ネガ・セルフ C
ネガ・メサイヤ EX
ネクタール・ボンボン
ネクロマンシー
ネコエプロン
ネココ・ネココライト
ネコタワワ
ネコ１０８浄化戦
ネコ１０８鐘撞戦 イエロースペチャ級
ネコ１０８鐘撞戦 グリーンスペチャ級
ネコ１０８鐘撞戦 ブルースペチャ級
ネコ１０８鐘撞戦 レインボースペチャ級
ネコ１０８鐘撞戦 レッドスペチャ級
ネッサノカタライ
ネバーギブアップ
ネビュラスイート
ネフェルウ・スエン・アヌビス
ネペンテスのキス
ネムリツヅケルマチ
ネメシス島
ネモ
ネモ〔サンタ〕
ネモサンタ
ネモ／ノア
ネロ
ネロ(セイバー)装備時のみ、自身がフィールドにいる間、味方全体のArtsカード性能を15%アップ
ネロメダル〔金〕
ネロメダル〔金〕のドロップ獲得数アップ
ネロメダル〔銀〕
ネロメダル〔銀〕のドロップ獲得数アップ
ネロメダル〔銅〕
ネロメダル〔銅〕のドロップ獲得数アップ
ネロ・クラウディウス
ネロ・クラウディウス〔ブライド〕
ネロ・ブライド
ネロ祭2017
ネロ祭フィナーレ 招き蕩う黄金劇場
ネロ祭予選上級 美声の歌姫＋１
ネロ祭予選中級 白き御旗の下に
ネロ祭予選初級 サロン・ド・キャスター
ネロ祭予選超級 中華英傑三昧
ネロ祭再び ～2017 Autumn～
ネロ祭再び ～2017 Autumn～（前編）
ネロ祭再び ～2017 Autumn～（後編）
ネロ祭本選上級 となりのお姉さん
ネロ祭本選中級 黒き御旗の下に
ネロ祭本選初級 五条大橋の戦い
ネロ祭本選超級 脈動するもの
ネロ祭決勝上級 ゴルゴンの島
ネロ祭決勝中級 騎士の誓い
ネロ祭決勝初級 我ら秘儀より来たれり
ネロ祭決勝超級 栄光なりしローマ
ネロ霊衣獲得クエスト
ネヴァーランド
ネームレス・セイント EX
ノアの方舟
ノアズ・アーク
ノアズ・アーク対艦戦 1000門艦級
ノアズ・アーク対艦戦 100門艦級
ノアズ・アーク対艦戦 200門艦級
ノアズ・アーク対艦戦 300門艦級
ノアズ・アーク対艦戦 500門艦級
ノアズ・アーク撃沈戦
ノイジー・オブセッション
ノエル・エトワール
ノエル・エトワール A
ノエル・エトワール B
ノエル・エトワール EX
ノクナレア・ヤラアーンドゥ
ノコセルモノ
ノスタルジック・フォーム
ノットハート・チョコレート
ノッブだ門外の変【勢力戦】 勇士級
ノッブだ門外の変【勢力戦】 大将級
ノッブだ門外の変【勢力戦】 旗本級
ノッブだ門外の変【勢力戦】 書生級
ノッブだ門外の変【勢力戦】 浪士級
ノッブだ門外の変【勢力戦】 番頭級
ノッブだ門外の変【勢力戦】 組頭級
ノッブだ門外の変【勢力戦】 足軽級
ノッブだ門外の変【勢力戦】 門生級
ノッブだ門外の変【勢力戦】 隊士級
ノッブだ門外の変【決着戦】
ノッブチームを応援 オーバーヒート級
ノッブチームを応援 ドライブ級
ノッブチームを応援 ハイスピード級
ノッブチームを応援 フルスロットル級
ノッブチームを支援 スコップ級
ノッブチームを支援 スプーン級
ノッブチームを支援 ダイナマイト級
ノッブチームを支援 ドリル級
ノブナガ・ＴＨＥ・ロックンロール
ノブノブの森
ノブノブ！ ノブノノブッブ！
ノブブセメント工場
ノブ選組
ノリッジ
ノリッジ（Ⅰ）
ノリッジ（Ⅱ）
ノーチラス
ノーチラスオーナメント
ノーッブ☆動物公園
ノーブ☆園ゆうえんち
ノーブル・ピース
ノーマル
カルデア制服
ノーマルダイス
ノーマル・カルデア制服
ノーヴル・クロック
ノーヴル・クロックのドロップ獲得数を1個増やす【『レディ・ライネスの事件簿』イベント期間限定】
ノーヴル・クロックのドロップ獲得数アップ
ハイキングフォレスト
ハイテンションメイドキャット
ハイド
ハイドパーク
ハイドン・セット
ハイド・ハンター
ハイド氏とジキル博士
ハイパー虫取り網
ハイパー虫取り網のドロップ獲得数アップ
ハイライト
ハイ・サーヴァント -
ハイ・サーヴァント A
ハイ・サーヴァント C
ハイ・サーヴァント D
ハイ・サーヴァント E
ハイ・サーヴァント EX
ハイ・プレッシャー！ A
ハイ・リローデッド EX
ハウ・トゥ・ライフ
ハオ・チー？
ハカイ
ハカモリノタカラ
ハガネノタンレン
ハギア・ソフィアの祈り C-
ハクシノカンジンチョウ（ベンケイサインツキ）
ハクリュウ
ハサン
ハサン・サッバーハ
ハサン・サッバーハ体験クエスト
ハザードゾーン 上級
ハザードゾーン 中級
ハザードゾーン 初級
ハザードゾーン 滅級
ハザードゾーン 爆級
ハザードゾーン 超級
ハジマリトオワリノケン
ハジマリノヨカン
ハジメテバレンタイン
ハチドリは秘密の部屋
ハチヨウノカガミ
ハッピー×3・オーダー
ハッピー☆ドライブ
ハッピーハロウィン
ハッピー・メリー・クリスマス
ハツモウデニイコウ
ハトウトサザナミ
ハトウノケモノ
ハナサカノオキナ
ハナゾノノショウジョ
ハナトマウコ
ハナノフナデ
ハナノヤ
ハナノラクド
ハナヨリダンゴ
ハニー・レイク
ハヌマーン・ハウリング EX
ハハノオモイデ
ハベにゃんハット
ハベトロット
ハベニャンハット
ハマキトワイン
ハメシュ・ アヴァニム
ハラガヘッテハイクサガデキヌ
ハラダサノスケ
ハルウララ
ハルカゼユウホドウ
ハルトオカラジ
ハルニウタエバ
ハルノキンセン
ハルヲミル
ハレノアケボノ
ハレノヒ
ハロウィン
ハロウィン2017_ダミー
ハロウィンへの招待状
ハロウィンハット
ハロウィンヘノショウタイジョウ
ハロウィン・アレンジメント
ハロウィン・アンコール！ A
ハロウィン・カムバック！
超極☆大かぼちゃ村 ～そして冒険へ……～
ハロウィン・スター EX
ハロウィン・ストライク！ 
魔のビルドクライマー／姫路城大決戦
ハロウィン・パーティーナイト！
ハロウィン・プチデビル
ハロウィン・プリンセス
ハロウィン・ライジング！
～砂塵の女王と暗黒の使徒～
ハロウィン・ロイヤリティ
ハロウィン修行 序
ハロウィン修行 急
ハロウィン修行 破
ハロウィン修行 破クリアで開放
ハロー！アークティック
ハワイアンＧＥＮＪＩ
ハワイエリア
ハワトリアパビリオンクエスト1
ハワトリアパビリオンクエスト1クリアで開放
ハワトリアパビリオンクエスト2
ハンエイ
ハンギャクセヨ
ハンギャクヘノダイイッポ
ハンギングガーデンズ・オブ・バビロン
ハンス・クリスチャン・アンデルセン
ハンティング
ハンド・イン・ハンド
ハートのブレスレット
ハートチョコ・ビタービタービター
ハートブレイカー
ハート・オブ・ディクシー
ハードパンチャー EX
ハーバーストリート
ハーフムーン：アース
ハーミットシェーカー
ハーミットシェーカーのドロップ獲得数アップ
バイク乗り達のオアシス
バイコーン・ハント 典位級
バイコーン・ハント 祭位級
バイコーン・ハント 開位級
バイブレント・カラー
バスターアップ
バスターアップ〔増殖〕
バスターアップ〔月下〕
バスターアップ・炎上
バスターアップ：千年城
バスターアップ：水辺
バスターアップ：陽射し
バスターガソリン
バスター・コード・オープナー
バスター耐性アップ
バスター耐性ダウン
バステニャンエックスゴウ
バステニャンＸ号
バゼット
バゼナンシキバレンタインヨウカンミ
バッテリーユニット
バッテリーユニットのドロップ獲得数を1個増やす【『落涙の翼』イベント期間限定】
バッテリーユニットのドロップ獲得数を2個増やす[最大解放]【『落涙の翼』イベント期間限定】
バッテリーユニットのドロップ獲得数アップ
バッドコースター
バッドコースターのドロップ獲得数を1個増やす【『旧き蜘蛛は懐古と共に糸を紡ぐ』イベント期間限定】
バッドコースターのドロップ獲得数アップ
バッラヴァのほうちょう
バッラヴァの包丁
バディ・コップ
バディ・リング〔GOLD〕
バディ・リング〔SILVER〕
バトルキッチン
バトルマス
バトルマス：ケルベロスちゃんを起こさないで
バトルマス：ケルベロスちゃんを起こさないで
クリアで開放
バトルマス：ハジケる！ バブル・パーティー
バトルマス：ハジケる！ バブル・パーティー
クリアで開放
バトルマス：呪われしおもちゃを祓え！
バトルマス：呪われしおもちゃを祓え！
クリアで開放
バトルマス：書斎に潜むナゾを解け！
バトルマス：書斎に潜むナゾを解け！クリア
＆10月18日18時00分に開放
バトルマス：通路でひんやり一休み
バトルマス：通路でひんやり一休み
クリアで開放
バトル・イン・ニューヨーク 2018
バトル・イン・ニューヨーク 2019
バトル・イン・ニューヨーク 2022
～スペース・オデュッセウス対ニコラ・テスラ～
バトル・イン・ニューヨーク2019
バトル・イン・ニューヨーク2022 ～スペース・オデュッセウス対ニコラ・テスラ～
バトル・オリンピア
バトル中のメンバーをサブメンバーと入れ替える
バトル開始時NPチャージ
バナナ（ハヌマーンシンテイ）
バナナ（ハヌマーン贈呈）
バニペイポイント
バニペイポイント10,000以上で開放
バニペイポイント15,000以上で開放
バニペイポイント2,000以上で開放
バニペイポイント30,000以上で開放
バニペイポイント40,000以上で開放
バニペイポイント45,000以上で開放
バニペイポイント52,000以上で開放
バニペイポイント70,000以上で開放
バニヤン
バビロン
バビロンの蔵 EX
バビロンへの扉
バビロンヘノトビラ
バビロン・バトル・サマーリーグ
バベッジ
バミューダ海域エリア
バラマーケット
バラ色の日々
バリツ B++
バルムンク
バルムンク・クリームヒルト
バルーンの偃月刀
バルーンノエンゲツトウ
バレエ鑑賞チケット
バレエ鑑賞チケットのドロップ獲得数を1個増やす【『ポホヨラのクリスマス・イブ』イベント期間限定】
バレエ鑑賞チケットのドロップ獲得数アップ
バレルタワー
バレンタイン2017
バレンタイン2018 ～繁栄のチョコレート
ガーデンズ・オブ・バレンタイン～
バレンタイン2018　～繁栄のチョコレートガーデンズ・オブ・バレンタイン～
バレンタイン2019
バレンタイン2019 ボイス＆レター・これく
しょん！～紫式部と７つの呪本～
バレンタイン2019_カルデアゲート
バレンタイン2020
バレンタイン2020 いみじかりしバレンタイ
ン ～紫式部と５人のパリピギャル軍団～
バレンタイン2020_カルデアゲート表示用
バレンタイン2021
バレンタイン2022
バレンタイン2024
～チョコレート・リバーのその先に～
バレンタイン2024 ～チョコレート・リバーのその先に～
バレンタイン・ウィッチーズ
バレンタイン・ランチ
バンカーボルト A
バンセンヌに陽は落ちる EX
バントウノコンポート
バンノウノチ、コンテイノチ
バンノウフハッサン
バンノウホウタイ
バンノウレンズ
バンライノカッサイ
バンリュウノガショウ
バー トロイア
バーゲスト
バーサーカーお試しクエスト
バーサーカーお試しクエスト〔Ⅰ〕
バーサーカーお試しクエスト〔Ⅱ〕
バーサーカーピース
バーサーカーモニュメント
バーサーカー育成交換券
バーソロミュー
バーソロミュー・ロバーツ
バートリ・エルジェーベト
バートリ・ハロウィン・エルジェーベト
バートリ・ブレイブ・エルジェーベト
バートリ・メグシェールト
バードウォッチング
バード・パニック
バーニングセヒモナイチョコ
バーニング・らいヴしーと
バーニング・ライヴシート
バーニング是非もないチョコ
バーフカリー
バーヴァン・シー
パイレーツ・オブ・カルデア
パイレーツ・オブ・ジャングル
パイレーツ・パーティー！
パイレーツ・ルール
パウダー・シュガー・スノー・テイル
パウダー・スノー
パオペエ先生の手配書
パス
ファインダー
パックス・ロマーナ
パッションリップ
パッションリップ城
パッチワーク探索 おとぎ博物館
パッチワーク探索 ロンドン塔
パッチワーク探索 蒸気城
パツシィの選択
パニックカット C+
パニックマンション
パニッシュメント
パフェ・マケンヤブリ
パフェ・魔剣破り
パフォーマンス15万以上で開放
パフォーマンス23万以上で開放
パフォーマンス45万以上で開放
パフォーマンス8万以上で開放
パラケルスス
パラディ・シャトー・ディフ
パラディーン
パラドクス・エースキラー
パラドクス・シリンダー C
パリ
パリス
パワドラポイント
パワドラポイント150,000以上で開放
パワドラポイント200,000以上で開放
パワドラポイント30,000以上で開放
パワドラポイント70,000以上で開放
パワドラポイント、テクドラポイント、スピドラポイント獲得量アップ
パワーショット
パワートレーナー EX
パンクロックドラゴン
パンクロックドラゴンのドロップ獲得数アップ
パンダ
パンデモニウム・ケトゥス
パンプキンプラネット EX
パヴォニス山
パヴォニス山の麓
パ・ド・ドゥ A
パーシュパタ
パーシヴァル
パーソナル・コーチング
パーソナル・トレーニング
パーソナル・レッスン
パーティー・タイム
パーティー会場
パーティー食材集め アイス級
パーティー食材集め チーズ級
パーティー食材集め ヌードル級
パーティー食材集め フィッシュ級
パーティー食材集め ベジタブル級
パーティー食材集め ミート級
パーティー食材集め 上級
パーティー食材集め 中級
パーティー食材集め 初級
パーティー食材集め 後片づけ級
パーフェクト・ロール
パーフェクト・ロール A
パーフェクト・ロール B
パーフェクト・ロール EX
パープル・アイ
パーム・ジュメイラ
パールヴァティー
パールヴァティー・グランシア
ヒイロノケンキュウ
ヒカリノコヤンスカヤ
ヒカリノヒミチョコ
ヒガンノケイショウ
ヒケシダマシイ
ヒケン・キジガエシ
ヒジカタトシゾウ
ヒスイノカンザシ
ヒズイノコウボウ
ヒダマリノナカデ
ヒダリワキビーチ
ヒット数アップ
ヒット数アップ：Arts
ヒッポリュテ
ヒツジノカゾエウタ
ヒトクチチョコマウンテン
ヒトナツノアルバム
ヒトナツノシンキロウセット
ヒナゲシの園
ヒノキの材木
ヒノササヌココヘ
ヒビキ＆チカギ
ヒポぐるみ
ヒポぐるみのドロップ獲得数アップ
ヒポちゃん
ヒポグリフ
ヒポグリフぬいぐるみ（１／１）
ヒポグリフヌイグルミ（１／１）
ヒポチャン
ヒミコ
ヒミツガイシャアサシン
ヒミツデヒゾウデヒホウアルバム
ヒムロノテンチヒチニンノサイキョウイジンヘン
ヒメサマアンギャ
ヒメミコノスンカ
ヒャクニンゾウショ
ヒャクハチマセイ
ヒャクボウノハサン
ヒャッキヤコウ
ヒャッコイリチョコブクロ
ヒュドラ・ダガー
ヒュドラ・ハント 典位+級
ヒュドラ・ハント 典位級
ヒュドラ・ハント 祭位級
ヒュドラ・ハント 開位級
ヒュブリン・アナトレポーン・エリーニュエス
ヒュージスケール B
ヒュージスケール C
ヒュージスケール C+
ヒョウケツトウユウ
ヒヨコマメノペーストト…
ヒライユキオ
ヒルド
ヒロ
ヒロイックパーティ -I-
ヒロイックパーティ -II-
ヒロイックパーティ -III-
ヒロイックパーティ -IV-
ヒロイックパーティ -V-
ヒロイック・ニューイヤー
ヒロインX
ヒロインXX
ヒロインXX・オルタ
ヒロインXオルタ
ヒンシャノイットウ
ヒール・プリンセス
ヒーロー・オン・ザ・ビーチ
ビシャモンテンチョコ
ビショーネ
ビショーネ〔ウロボロスシフト〕
ビジネス街
ビジョンクエスト A
ビターテイスト・サマー
ビターパウダー
ビターパウダーのドロップ獲得数アップ
ビター・シャドウ・チャレンジ１ 〔セイバー〕
ビター・シャドウ・チャレンジ１０ 〔フォーリナー〕
ビター・シャドウ・チャレンジ１１ 〔アサシン〕
ビター・シャドウ・チャレンジ１２ 〔ルーラー〕
ビター・シャドウ・チャレンジ１３ 〔ムーンキャンサー〕
ビター・シャドウ・チャレンジ１４ 〔バーサーカー〕
ビター・シャドウ・チャレンジ２ 〔ムーンキャンサー〕
ビター・シャドウ・チャレンジ３ 〔アーチャー〕
ビター・シャドウ・チャレンジ４ 〔アヴェンジャー〕
ビター・シャドウ・チャレンジ５ 〔ランサー〕
ビター・シャドウ・チャレンジ６ 〔バーサーカー〕
ビター・シャドウ・チャレンジ７ 〔ライダー〕
ビター・シャドウ・チャレンジ８ 〔アルターエゴ〕
ビター・シャドウ・チャレンジ９ 〔キャスター〕
ビター・ジュエル
ビター・スイート
ビター・ピッチブラック
ビター・ブラック
ビッグコアラチョコ
ビッグシティ
ビッグストレージ
ビッグチャンスクエスト　オールイン級
ビッグチャンスクエスト　ベット級
ビッグチャンスクエスト　ベット級、レイズ級、リレイズ級クリアで開放
ビッグチャンスクエスト　リレイズ級
ビッグチャンスクエスト　レイズ級
ビッグハンド三蔵ちゃん
ビッグホール
ビッグ・ブルー・タンク
ビッグ・ブルー・タンクⅠ
ビッグ・ブルー・タンクⅡ
ビビッド・サマー
ビフォー・パーティー
ビブリオテーケ・バシレイオー
ビブリオフィリア
ビボウヲカクスカメン
ビューティフル・ジャーニー
ビューティフル・ドリーマー
ビューポイント 上級
ビューポイント 中級
ビューポイント 初級
ビューポイント 嵐級
ビューポイント 超級
ビューポイント 雷級
ビヨンド・ザ・フラッド
ビリー
ビリー・ザ・キッド
ビルダーがいる部屋のクエストを3つクリアで開放
ビルダーがいる部屋のクエストを4つクリアで開放
ビルドアッパーマルタ
ビルドアッパーマルタ 前編
ビルドアッパーマルタ 後編
ビルドアップ
ビンテージクローシュ
ビンテージクローシュのドロップ獲得数アップ
ビーストⅢ／L
ビーストⅢ／Ｒ
ビーストⅣ
ビーストに対する攻撃力をアップ
ビーストフラッシュチョコ
ビースト・ドライバー B
ビーチの女王
ビーチを満喫して探求力を磨く カンヅメ級
ビーチを満喫して探求力を磨く コツコツ級
ビーチを満喫して探求力を磨く ノリノリ級
ビーチを満喫して探求力を磨く ノンビリ級
ビーチクライシス A+
ビーチクライシス（ポセイドン） EX
ビーチクライマックス EX
ビーチパニック EX
ビーチフラワー
ビーチフラワー A+
ビーチフラワー B
ビーチフラワー EX
ビーチュ
ビーチ・アポカリプス
ビーチ・アポカリプス A+
ビービースロット
ビーマ
ビーマのスペシャルフルコース
ビームクッキー
ビームクッキーのドロップ獲得数アップ
ビー・シェルヴド
ピエドラ・デル・ソル
ピオリア
ピクシー・フィンガー
ピクシー・フィンガー A
ピクニックフィールド 上級
ピクニックフィールド 中級
ピクニックフィールド 初級
ピクニックフィールド 嵐級
ピクニックフィールド 超級
ピクニックフィールド 雷級
ピグマリオンの愛 EX
ピグマリオン・チーゼルアウト
ピジョンレポート
ピュアプリズム
ピュアプリズム交換在庫リセット券
ピュアリー・ブルーム
ピューリティドメイン
ピラミッド
ピラミッドからの脱出
ピラミッドカラノダッシュツ
ピラミッドリングの記憶
ピラミッド・テキスト
ピレリナージ・ド・テンプル
ピンキー・ビーチ
ピンクピストルチョコ
ピンク・ピグレット
ピープリン・ア・ラ・モード
ピール・ガウガメラ
ファイアーマウンテン
ファイティング・サンタマッチⅠ ラッキービギナーズ
ファイティング・サンタマッチⅡ 子供の笑顔守り隊
ファイティング・サンタマッチⅢ VR無双道場
ファイティング・サンタマッチⅣ 量産系トレーナー
ファイティング・サンタマッチⅤ 異種格闘家決戦
ファイティング・サンタマッチⅥ 夢幻の策略
ファイティング・サンタマッチⅦ マッシブファイター
ファイナルエリチャン A
ファイナルエリチャン C
ファイナルステージ
ファイナルハロウィン・スペシャルチョコ
ファイナル・ハロウィン2025
～パンプキンプラネットに輝く歌姫～
ファイブ・ラウンズ
ファイヤーフラワー
ファイルⅠ『アルバイトの日記』
ファイルⅡ『提出レポート（期限超過）』
ファイルⅢ『第１２４４６３実験記録映像』
ファイルⅣ『メモ：超能力について』
ファイルⅤ『伝言板ログ』
ファイルⅥ『蓬莱山賛歌』
ファイルⅦ『外様魔術師の所感』
ファイルⅧ『レポート：不老不死■■の仮面…』
ファイルⅨ『徐福の日記』
ファウル・ウェーザー A
ファクス・カエレスティス
ファッジ
ファニー・ヴァンプ
ファニー・ヴァンプ EX
ファミリーフラッグ
ファム・ファタル・ベゼ
ファム・ファタール（偽） A
ファラオくじで遊ぶ VIP級
ファラオくじで遊ぶ ビギナー級
ファラオくじで遊ぶ ビギナー級クリアで開放
ファラオくじで遊ぶ レギュラー級
ファラオくじで遊ぶ レギュラー級クリアで開放
ファラオの果たし状
ファラオよりの光悦
ファラオカジノ
ファラオ・チョコラトル
ファラオ・ニトクリス
ファロス・ティス・アレクサンドリアス
ファンからの差し入れ
ファンシーシュガー
ファンシーシュガーのドロップ獲得数を1個増やす【『バレンタイン2018』イベント期間限定】
ファンシーシュガーのドロップ獲得数アップ
ファンタジータウン
ファンタズムロッド・麗華
ファンタズム・パレード
ファンタズムーン
ファントム
ファントム・オブ・ジ・オペラ
ファントム・ナイト
ファントム・メイデン
ファンファーレは僕らのために
ファン１号の証
ファーストオーダー
ファーストサン・シバルバー
ファーストサーヴァント
ファーストステージ
ファーストミッション当日
ファースト・カリグラフィー
ファースト・サンライズ
ファースト・シャイン
ファースト・スター C
ファースト・セール
ファースト・ドローイング
ファースト・バレンタイン
ファースト・フォリオ
フィアレス・ダイバー
フィオナ騎士の誉れ B
フィスト・オブ・ヘイル
フィニス・ドラコーン EX
フィニス・フングス
フィラー・フラワー
フィン
フィン・マックール
フィン・マックール、神を斃した英雄
フィーバーチケット
フィールドが〔水辺〕の時、宝具で与えるダメージをアップ
フィールドが〔空中〕の時、宝具で与えるダメージをアップ
フィールドに登場した時、Busterカードの性能をアップする
フィールドに登場した時、スター獲得効果が発生する
フィールドに登場した時、味方全体に〔原稿完成〕状態を付与する
フィールドに登場した時、味方全体の攻撃力をアップ
フィールドに登場した時、回避状態を付与する
フィールドに登場した時、無敵状態を付与する
フィールドの〔陽射し〕を打ち消す
フィールドを〔ハロウィン〕にする
フィールドを〔千年城〕状態にする
フィールドを〔地獄〕状態にする
フィールドを〔天国〕状態にする
フィールドを〔暗闇〕状態にする
フィールドを〔森〕にする
フィールドを〔水辺〕にする
フィールドを〔水辺〕状態にする
フィールドを〔炎上〕にする
フィールドを〔都市〕状態にする
フィールドを〔陽射し〕にする
フィールドセット〔ハロウィン〕
フィールドセット〔森〕
フィールドセット〔水辺〕
フィールドセット〔炎上〕
フィールドセット〔陽射し〕
フィールド効果〔クリティカル威力耐性ダウン〕
フィールド効果〔宝具威力耐性ダウン〕
フィールド効果〔攻撃力アップ〕
フィールド効果〔防御力ダウン〕
フィールド変化〔千年城〕
フィールド変化〔地獄〕
フィールド変化〔天国〕
フィールド変化〔暗闇〕
フィールド変化〔水辺〕
フィールド変化〔都市〕
フィールド特性打ち消し〔陽射し〕
フウインシテイ　シッコウシャ
フウガタレ
フウジラレタサイジョウノビミ
フウセツセンキ
フウマコタロウ
フェアリーズオークション
フェアリーテイル・エルジェーベト
フェアリーパック A
フェアリー・ファーム
フェア・ゲーマー
フェア・ゲーマー A
フェア・ゲーマー B
フェア・ゲーマー EX
フェイク・ロンゴミニアド
フェイトエクステラリンク
フェイトグランドオーダーアーケード
フェイトグランドオーダーメモリーズ
フェイトグランドオーダーメモリーズスリー
フェイトグランドオーダーメモリーズツー
フェイトグランドカーニバルセカンドシーズン
フェイトグランドカーニバルファーストシーズン
フェイトステイナイト15ネンノキセキ
フェイトステイナイトリマスタード
フェイトステイナイトレアルタヌア
フェイトホロウアタラクシアリマスタード
フェイト／アポクリファ
フェイト／エクステラ
フェイト／エクストラ
フェイルノート
フェッチ・フェイルノート
フェルカーモルト・フォイアドラッヘ
フェルグス
フェルグス・マック・ロイ
フェロモン B
フエールフレーバー
フエールフレーバーのドロップ獲得数を2個増やす【『バレンタイン2018』イベント期間限定】
フエールフレーバーのドロップ獲得数アップ
フォウくんマペット
フォウクンマペット
フォトン・レイ
フォレスト・エデュケーター
フォンダン・オ・ショコラ
フォンデュイチゴ
フォンデュイチゴのドロップ獲得数を1個増やす【『バレンタイン2024』イベント期間限定】
フォンデュイチゴのドロップ獲得数アップ
フォンデュビスケット
フォンデュビスケットのドロップ獲得数を1個増やす【『バレンタイン2024』イベント期間限定】
フォンデュビスケットのドロップ獲得数アップ
フォンデュマシュマロ
フォンデュマシュマロのドロップ獲得数を1個増やす【『バレンタイン2024』イベント期間限定】
フォンデュマシュマロのドロップ獲得数アップ
フォートレス・アンジェラ
フォーマルクラフト
フォーマル・リーブス
フォーマル・リーブスのドロップ獲得数を1個増やす【『レディ・ライネスの事件簿』イベント期間限定】
フォーマル・リーブスのドロップ獲得数アップ
フォーメーションリハーサル〔ダンス＆パフォーマンスUP〕
フォーリナー『アビゲイル』を倒すことで開放
フォーリナー『葛飾北斎』を倒すことで開放
フォーリナー『謎のヒロインXX』を倒すことで開放
フォーリナーお試しクエスト
フォーリングポイント
フォー・ユア・レターズ
フガクメグリ
フギョウフクツ
フクチョウキンセイノサンヤク
フシギノクニカラ
フシチョウハダイチニ
フジコシノリュウズ
フタツボシノウタヒメ
フタリノギンガ
フットサンタ A
フツウノトモチョコ
フフ……栄光と勝利の月桂冠
フメイノサカヅキ
フメツナルヤイバ
フヤジョウノアサシン
フヤジョウノキャスター
フヤノバラ
フュルギア・ワルキューレ
フユノイノリ
フユノケッショウ
フユノセイジョ
フユノファラオダイカンシャサイ
フライ・オフ
フラガラック
フラガラックカウンター
フラガラック・アンヴァル
フラガラック発動
フラワーパーク
フラワー・アンド・カフェ
フラワー・サンシャイン
フラワー・ドール
フラン
フランク・セパレータ
フランケンシュタイン
フランケンシュタイン撃退戦 幼竜級
フランケンシュタイン撃退戦 成竜級
フランケンシュタイン撃退戦 邪竜級
フランシス・ドレイク
フランス修行 序
フランス修行 急
フランス修行 破
フランス修行 破クリアで開放
フランス兵を追え
フランソワ
フランソワ・プレラーティ
フランチェスカ
フランチェスカ・プレラーティ
フランチームを応援 オーバーヒート級
フランチームを応援 ドライブ級
フランチームを応援 ハイスピード級
フランチームを応援 フルスロットル級
フランチームを支援 スコップ級
フランチームを支援 スプーン級
フランチームを支援 ダイナマイト級
フランチームを支援 ドリル級
フリーゲームバトル　チャンピオン級
フリーゲームバトル　チョットデキル級
フリーゲームバトル　上級
フリーゲームバトル　中級
フリーゲームバトル　初級
フリーゲームバトル　名人級
フリーゲームバトル　腕自慢級
フリーゲームバトル　達人級
フリージング・サマータイム A
フリーズ・フレーム
フリーランサー
フリーレン・シャルフリヒター
フリー・シーティング
フルクティクルス・ディアーナ
フルーツケーキ
フルール・ド・リス
フレチョコ
フレンドポイント
フレームド・モーメント
フロウフシノセンタン
フロム・ウルク
フロレンティア
フロンティア
フローラ
フワワの花
フワワノハナ
フードコート
フード・コロシアム
ブキヨウナヨロコビ
ブケファラス
ブザー・ビーター
ブソクテン
ブックストーリーズ カルデアバージョン
ブック・ハント 典位+級
ブック・ハント 典位級
ブック・ハント 祭位級
ブック・ハント 開位級
ブッシュ・ド・ノエル
ブライダルタウン
ブライト・エハングウェン
ブライト・ブルー
ブラザー・スペシャル
ブラステッド・ツリー
ブラダマンテ
ブラックドッグ・ガラティーン
ブラックバレル B
ブラックヒルズ
ブラックプレゼント
ブラックプレゼント10個獲得かつ12月18日18時00分以降に開放
ブラックプレゼント10個獲得かつ12月9日18時00分以降に開放
ブラックプレゼント20個獲得かつ12月10日18時00分以降に開放
ブラックプレゼント20個獲得かつ12月19日18時00分以降に開放
ブラックプレゼント30個獲得かつ12月11日18時00分以降に開放
ブラックプレゼント30個獲得かつ12月20日18時00分以降に開放
ブラックプレゼント40個獲得かつ12月12日18時00分以降に開放
ブラックプレゼント40個獲得かつ12月21日18時00分以降に開放
ブラックプレゼント50個獲得かつ12月13日18時00分以降に開放
ブラックプレゼント50個獲得かつ12月22日18時00分以降に開放
ブラックプレゼント5個獲得かつ12月17日18時00分以降に開放
ブラックプレゼント5個獲得かつ12月8日18時00分以降に開放
ブラックマーケット
ブラック・ダーティ・バーティ・ハウリング
ブラック・ブラック・キス
ブラッディレイク
ブラッドバス・クラウン
ブラッドルビー・チョコレート
ブラフマーストラ
ブランドチョコ
ブラヴァツキー
ブリスティンビーチ
ブリスティンホテル
ブリタニア
ブリトマート
ブリュンヒルデ
ブリュンヒルデ・シグルテイン
ブリュンヒルデ・ロマンシア
ブリリアドーロの嘶き A
ブリリアント
サマー
ブリリアントサマー
ブリリアント・クイーンハート
ブリリアント・サマー ～21世紀救世主伝説～
ブリリアント・サマー ～アン&メアリーとたんけん～
ブリリアント・サマー ～キングアーチャー～
ブリリアント・サマー ～ゲイ・ボルク職人の朝は早い～
ブリリアント・サマー ～シング・ア・ソング！～
ブリリアント・サマー ～モードレッドといっしょ～
ブリリアント・サマー ～清姫とでぇと～
ブリリアント・サマー ～玉藻とおでかけ～
ブリリアント・サマー～キングアーチャー～
ブリリアント・サマー～ゲイ・ボルク職人の朝は早い～
ブリリアント・サマー～シング・ア・ソング！～
ブリリアント・サマー～２１世紀救世主伝説～
ブリーチローダー
ブルジュ・ハリファ
ブルーサマー・パラディオン
ブルースカイランド
ブルースカイランドの記憶
ブルースカイ・バニラカクテル
ブルースカイ・ヴァニラＭｔ．
ブルーバード・ゼリーアイス
ブルーム・フローリスト
ブルーム・フローリスト A
ブルーム・フローリスト B
ブルーム・フローリスト EX
ブルー・イリュージョン
ブルー・オーシャン/ホワイト・バス
ブルー・グラスムーン EX
ブルー・スプラッシュ
ブルー・ホライゾン EX
ブルー・ルルハワ味かき氷
ブレイン・ストーミング
ブレストゼロ・エリジェーベト
ブレスト・バレー
ブレスト・バレー A
ブレスト・バレー A+
ブレスト・ポーチ A
ブレスフル・タイム
ブレッシング・オブ・セイント EX
ブレーカー・ゴルゴーン
ブロンズリンク・マニピュレーター
ブロンド
ブローフレーム
ブンブイチドウ
ブンメイノトモシビ
ブークリエ・デ・アトラント
ブーディカ
ブーディカ(ライダー)装備時のみ、自身がフィールドにいる間、味方全体のスター発生率を20%アップ
ブーディカを救え
プチケーキ
プトレマイオス
プライベートビーチ
プライベートビーチ 上級
プライベートビーチ 中級
プライベートビーチ 初級
プライベートビーチ 嵐級
プライベートビーチ 超級
プライベートビーチ 雷級
プラネタリードーナツ
プラネットセッション
プラネットセッション A
プラネットセッション B
プラネットセッション EX
プラネット・オルガマリー
プラネット・ロック
プランニング B
プリエ・ギャラクシー
プリズマ☆イリヤ Licht 劇場公開記念クエスト
プリズマ☆イリヤ セッカノチカイ
プリズマ☆イリヤ 雪下の誓い
プリズマ☆イリヤ劇場公開記念クエスト
プリズマ☆スプラッシュレインボー！
プリズマ☆ファミリー
プリズマコスモス
プリズマ・コーズの記憶
プリズンブレイク・DOGポリス
プリズンブレイク・エルキドゥ
プリズンブレイク・ゴルゴーン
プリズンブレイク・怪人∞面相
プリティ・イリュージョン
プリテンダー＆ビーストお試しクエスト
プリドゥエン
プリドゥエン・チューブライディング
プリミティヴ・レッドローズ
プリミティヴ・レッドローズ(バッドエンド)
プリンシパル・キャスト
プリンシパル・キャスト A
プリンシパル・キャスト EX
プリンス・オブ・スレイヤー
プリンセス・オブ・アンコ
プリンセス・オーダー EX
プリンセス・サマーバケーション（偽） A
プリンセス・ブレイブ EX
プレイヤー側のフィールドにいるすべての対象が「宝具攻撃で受けるダメージが増える効果」を受ける
プレイヤー側のフィールドにいるすべての対象が「攻撃力をアップする効果」を受ける
プレイヤー側のフィールドにいるすべての対象が「防御力をダウンする効果」を受ける
プレザント・ストリート
プレジデントな記念バッヂ
プレジデントポイント
プレジデント・オーシャン
プレジャー・ハント
プレゼント・フォー・マイマスター
プレゼント・フォー・ユー
プレミアチョコケーキ
プレミアム・スナック
プレラーティの激励 B
プレラーティーズ・スペルブック
プロセルピナの開花 EX
プロタゴニスタ
プロミニマ・ティ・サティヒアス
プロローグ
プロローグ Back To The Night
プロローグ 「ぐだぐだ算数講座」
プロローグ 「サンタとサン○」
プロローグ 『チェイテピラミッド姫路城解体作業開始』
プロローグ いざ鬼の塔へ
プロローグ ぐだぐだ文明開化
プロローグ キック・オフ
プロローグ マスターは食堂へ行った
プロローグ 会えない二人の15光年
プロローグ 夏の女神の小さな親切
プロローグ 尨犬はぐれて霊騎を走らす
プロローグ 常ならぬ幕が開き
プロローグ 序
プロローグ 恋する少女とチョコレート
プロローグ 神罰の雨
プロローグⅠ
プロローグⅡ
プロローグ　「バクマツ退屈男」
プロローグ　今宵、ライブの下で
プロローグ　全てはチェイテから始まった
プロローグ　魔境のあるじ
プロローグ「グッバイ池田屋」
プロローグ「ミランの蛇竜」
プロローグ「リザ・デル・ジョコンドの優雅な休日」
プロローグ「五行山 仏法使いの弟子」
プロローグ「地獄から帰ってきた男」
プロローグ「埴輪、光の彼方に」
プロローグ「消えたノッブヘッドの謎」
プロローグ「逆転オケハザマ」
プロローグ『アフターライト・アフターライフ』
プロローグその1「いざ夢の街へ」
プロローグその2「秋葉原を調査せよ」
プロローグクリアで開放
プロローグ／殻と空とカラ
プロローグ：宝船オン・ザ・ミシシッピ
プロローグ：謎のゲームと旅する少年
プールサイド・バー
プールサイド・メイド
ヘカテの錫杖
ヘカティック・ホイール
ヘカテノシャクジョウ
ヘカテ島
ヘキクウニタツ
ヘキサゴン・チョコボルト
ヘクトール
ヘクトール(ランサー)装備時のみ、自身がフィールドにいる間、味方全体の宝具威力を20%アップ
ヘシアン・ロボ
ヘスティア島
ヘッドコア
ヘビニョウボウ
ヘファイスティオン
ヘブンスフィール
ヘブンズフィール・ミミクリー〔剣〕討伐戦 幼竜級
ヘブンズフィール・ミミクリー〔剣〕討伐戦 成竜級
ヘブンズフィール・ミミクリー〔剣〕討伐戦 邪竜級
ヘブンズフィール・ミミクリー〔弓〕討伐戦 幼竜級
ヘブンズフィール・ミミクリー〔弓〕討伐戦 成竜級
ヘブンズフィール・ミミクリー〔弓〕討伐戦 邪竜級
ヘブンズフィール・ミミクリー〔槍〕討伐戦 幼竜級
ヘブンズフィール・ミミクリー〔槍〕討伐戦 成竜級
ヘブンズフィール・ミミクリー〔槍〕討伐戦 邪竜級
ヘブンズフィール・ミミクリー〔殺〕討伐戦 幼竜級
ヘブンズフィール・ミミクリー〔殺〕討伐戦 成竜級
ヘブンズフィール・ミミクリー〔殺〕討伐戦 邪竜級
ヘブンズフィール・ミミクリー〔狂〕討伐戦 幼竜級
ヘブンズフィール・ミミクリー〔狂〕討伐戦 成竜級
ヘブンズフィール・ミミクリー〔狂〕討伐戦 邪竜級
ヘブンズフィール・ミミクリー〔術〕討伐戦 幼竜級
ヘブンズフィール・ミミクリー〔術〕討伐戦 成竜級
ヘブンズフィール・ミミクリー〔術〕討伐戦 邪竜級
ヘブンズフィール・ミミクリー〔騎〕討伐戦 幼竜級
ヘブンズフィール・ミミクリー〔騎〕討伐戦 成竜級
ヘブンズフィール・ミミクリー〔騎〕討伐戦 邪竜級
ヘブンズホール
ヘブンズ・フィール
ヘブンリー・ハート
ヘヤハモウトッテアルンダガ
ヘラの栄光
ヘラクレス
ヘラクレス(バーサーカー)装備時のみ、自身にガッツ状態(3回・HP500回復)を付与
ヘラクレスの誓い
ヘラクレスを打倒せよ
ヘラクレス島
ヘルズキッチン
ヘルズホテル
ヘルタースケルター
ヘルタースケルター・ハント 典位級
ヘルタースケルター・ハント 祭位級
ヘルタースケルター・ハント 開位級
ヘルＴシャツ
ヘルＴシャツのドロップ獲得数を1個増やす【『ファイナル・ハロウィン2025』イベント期間限定】
ヘルＴシャツのドロップ獲得数アップ
ヘンシンノユビワ
ヘンリー・ジキル＆ハイド
ヘヴンズドアには至らず
ヘヴンズホテル
ベア・キングス
ベイバロン・ドムス・アウレア
ベイヤードのたてがみ
ベイヤードノタテガミ
ベオウルフ
ベジチャウミン
ベスティア・デル・ソル
ベディヴィエール
ベニエンマ
ベラ・リザ
ベルザ・ダマスク A
ベルザ・ブルーク EX
ベルシラックの帯 EX
ベルセルク A
ベルトチェイテの記憶
ベルレフォーン
ベルヴェルク・グラム
ベーカーガイカラノダッシュツ
ベーカー街からの脱出
ベーカー街からの脱出 開催記念クエストクリアで開放
ベースキャンプ
ペイル・ブルー・ドット
ペインティング・サマー
ペインブレイカー
ペット隠しの廊下
ペネトレイト・ブレイダッド
ペリー・ダンサー B
ペルシア湾
ペルセイス島
ペル・アスペラ・アド・アストラ
ペンテシレイア
ペンテシレイアイベント
ペンテシレイアイベント_カルデアゲート表示用
ペンテシレイア地溝帯_サティスファクションＥ∴Ｔ∴Ｅ_エレナスクール水着差分
ホウジョウ
ホウジョウタルオウシ
ホウセキケンゼルレッチ
ホウセキマジュツ・タイエイ
ホウゾウインインシュン
ホウテンガゲキ
ホシガキ
ホシクズキャンディ
ホシクズキャンディのドロップ獲得数を1個増やす【『踊るドラゴン・キャッスル！』イベント期間限定】
ホシクズキャンディのドロップ獲得数アップ
ホシダチノジャセイケン
ホシノオウカン
ホシノカリウド
ホシノコウケン、ホシノコウバン
ホシノテンビン
ホシヲミルモノ
ホスピタリティ・マインド A
ホスピタリティ・マインド B
ホスピタリティ・マインド EX
ホットココア・ブレイク
ホット・ショコラトル
ホテル
ホテル街
ホノルル空港
ホマレヲココニ
ホムラバラガクエンセイトカイチョウ
ホムンクルス C+
ホムンクルスベビー
ホムンクルスベビー、万死の毒針、魔術髄液の中から一つと交換ができます。
ホムンクルスベビー、世界樹の種、励振火薬の中から一つと交換ができます。
ホラー・コンシェルジュ
ホロウキャンドル
ホロウキャンドルのドロップ獲得数アップ
ホロウハート・アルビオン
ホロス・ティス・セアス・ティス・トレラス
ホワイダニット
ホワイト
クリスマス
ホワイトクリスマス
ホワイトチャペル
ホワイトデー2019
ホワイトデー2020
ホワイトデー2020_カルデアゲート表示用
ホワイトデー2021
ホワイトデー2021_カルデアゲート表示用
ホワイトデー2021_強制ADV用クエスト
ホワイトデー・スペクタクルズ入館証
ホワイトデー・スペクタクルズ霊衣開放チケット
ホワイトデー当日
ホワイトドルフィン・ドリーム
ホワイトローズ
ホワイト・ガーデン
ホワイト・クルージング
ホワイト・デスマスク
ホワイト・ピジョン
ホープウィル・キャメロット
ホーリーナイト・サイン
ホーリーバナナ
ホーリーバナナのドロップ獲得数アップ
ホーリープレート
ホーリープレートのドロップ獲得数を1個増やす【『ポホヨラのクリスマス・イブ』イベント期間限定】
ホーリープレートのドロップ獲得数アップ
ホーリーラン・ノーチラス
ホーリー・シスター
ホーリー・シャイン
ホーリー・ナックル
ホーリー・ハート
ホーリー紙袋
ホーンテッド・フォレスト
ボイジャー
ボイジャーマグ
ボイジャーマグのドロップ獲得数アップ
ボウケンノショウチョウ
ボウケンヲシルモノダケノナガメ
ボクたちは召喚ができない！
ボクたちは召喚ができない！ 前編
ボクたちは召喚ができない！ 後編
ボクタチハショウカンガデキナイ
ボクラハトモダチ
ボッケン
ボトム・ヒール
ボトム・ブラック・アンコール！
ボルドー
ボンバーノッブ
ボーイ・ミーツ・カルデア
ボーカル20万以上で開放
ボーカル3万以上で開放
ボーカル40万／ダンス40万以上で開放
ボーカル45万以上で開放
ボーカル50万／パフォーマンス40万以上で開放
ボーカル6万／パフォーマンス5万以上で開放
ボーナスエネミーの出現率アップ
ボーナスエネミー出現度アップ
ポイズン☆パラダイス
ポイボス・カタストロフェ
ポイント113,000以上＆第4海域の影を1つ以上探査しつくすことで開放
ポイントジェム
ポイントジェムのドロップ獲得数アップ
ポイント・ネモ
ポイント合計10万以上で開放
ポイント合計10万以上＆4月28日18時以降に開放
ポイント合計11万以上で開放
ポイント合計14万以上で開放
ポイント合計15万以上で開放
ポイント合計15万以上＆4月29日18時以降に開放
ポイント合計17万以上で開放
ポイント合計17万以上＆10月23日18時以降に開放
ポイント合計18万以上で開放
ポイント合計1万5千以上で開放
ポイント合計20万以上で開放
ポイント合計23万以上で開放
ポイント合計26万以上で開放
ポイント合計26万以上＆10月24日18時以降に開放
ポイント合計30万以上で開放
ポイント合計30万以上＆4月30日18時以降に開放
ポイント合計35万以上で開放
ポイント合計35万以上＆10月25日18時以降に開放
ポイント合計3万以上で開放
ポイント合計3万以上＆10月21日18時以降に開放
ポイント合計40万以上で開放
ポイント合計40万以上＆5月1日18時以降に開放
ポイント合計45万以上で開放
ポイント合計45万以上＆10月26日18時以降に開放
ポイント合計50万以上で開放
ポイント合計50万以上＆5月2日18時以降に開放
ポイント合計55万以上で開放
ポイント合計5万以上で開放
ポイント合計5万以上＆4月27日18時以降に開放
ポイント合計60万以上で開放
ポイント合計7万以上で開放
ポイント合計9万以上で開放
ポイント合計9万以上＆10月22日18時以降に開放
ポセイドントライデント
ポタモス・トゥ・カトコズム
ポップコーンの吹雪 B
ポテトイーター C
ポホヨラのクリスマス・イブ 
夢見るサンタとくるみ割り人形
ポホヨラのクリスマス・イブ 夢見るサンタとくるみ割り人形
ポホヨラのクリスマス・イブ：
ショップテーマ
ポラリス・サーキュレーション
ポートピア・サイ
ポール・バニヤン
ポール・バニヤン霊衣獲得クエスト
マイディアー・ブライトスター
マイナーメット
マイノシシ
マイフェアソルジャー
マイル・ハイ・シティ
マイ・フェア・レディ
マイ・リトル・ドラゴン
マウナケアの不思議な夜
マウナ・ケア
マウナ・ロア
マウンティング・メニュー！ A
マオウノタムケ
マオウノブナガ
マカラ・フローティング A
マカロニグラタン
マキシマムオーバードライヴ
マキシム・ド・シュヴァリエ
マキバノチョコ
マキョウニノゾミテ
マクラモトノジャリュウ
マク・ア・ルイン
マグダラのせいがいふ
マグダラの聖骸布
マグダラノセイガイフ
マグナ・ウォルイッセ・マグヌム
マグニファイアーズ
マグヌス・ルプス
マグホイール
マグホイールのドロップ獲得数アップ
マコトノホタルビ
マシマサキ
マシュ
マシュからの手紙
マシュからの手紙 入手で開放
マシュの特訓
マシュ・キリエライト
マショウボサツ
マシーナリー・タウン
マジカル☆ブシドームサシ
マジカル☆ブシドームサシのドロップ獲得数アップ
マジカルシオン
マジックグッズ・クリエイト C+
マジックショー・フィールド EX
マジムン巫女の秘密の儀式
マジュツコウセキ
マスカレイド・オブ・ザ・ヴァンパイア
マスケティアーズ
マスターがドバイ観光を
楽しめば楽しむほど上がるポイント。
マスターの故郷の衣装を模した礼装
今年も良い年でありますように！
マスターの条件
マスタースキル効果アップ
マスタースキル奪取
マスター・イン・ザ・チョコレート
マスター・イン・ザ・デザートグラス
マスター人形
マスター好感度
マスター好感度アップ
マスマスマンガデワカル！エフジーオー
マセマティカル・マリグナント・アナイアレイト
マゼラン・スターロード
マゼラン・スターロード 決断戦
マゼラン・スターロード 追憶戦α
マゼラン・スターロード 追憶戦β
マゼラン・スターロード 追憶戦γ
マゼラン・スターロード 追憶戦δ
マゼラン・スターロード 追憶戦ε
マゼラン・スターロード 追憶戦ζ
マタ・ハリ
マタ・ハリ(アサシン)装備時のみ、自身がフィールドにいる間、味方全体のNP獲得量を15%アップ
マタ・ハリの酒場
マタ・ハリノサカバ
マッシュルーミング
マッシリア
マッスルバーガー
マッスルバーガーのドロップ獲得量アップ
マッスルパラダイス
マッスル・キャバリエ
マッスル・バレット
マッド・ドッグス
マッド・バニー
マッド・ローラン ～裸のデスドバイ～
マテリアルファーム
マテリアル・コンストラクター A
マテリアル・コンストラクター EX
マテンロウニカガヤク
マドウゲンスイ
マドウショ
マナツノヒトトキ
マナナン・スーベニア・バレンタイン
～チョコの樹と女神の選択～
マナナン・マク・リール
マナナン・マク・リール〔バゼット〕
マナプリズム
マハトマ A
マハトマ A++
マハトマタオル
マハトマタオルのドロップ獲得数アップ
マハーナーガ・ハント 典位++級
マハーナーガ・ハント 典位+級
マハーナーガ・ハント 典位級
マハーナーガ・ハント 祭位級
マハーナーガ・ハント 開位級
マハーマーヤー EX
マハー・プララヤ
マヒシャースラマルディニー
マブと雪の女王
マブイ・ロード
マブダチ・バーベキュー
ママのとっておき
ママノトッテオキ
ママノミミ
マラク・アル・マウト
マリア・ザ・リッパー
マリオンホテル
マリス・カルデアス
マリモヲカシ
マリョクケイ
マリー・アントワネット
マリー・アントワネット〔オルタ〕
マリー・アントワネット・オルタ
マルゴシシンジクン
マルセイユ
マルタ
マルタ(ライダー)装備時のみ、自身がフィールドにいる間、味方全体のHP回復量を30%アップ
マルタ〔サンタ〕
マルタの手料理 EX
マルタ・サンタ
マルチプル・スターリング EX
マンガで分かる！FGO
マンガデワカル！エフジーオー
マンション
マンション入口
マンションＡ
マンションＢ
マンチェスター
マンティコア・ハント 典位
マンティコア・ハント 典位+級
マンティコア・ハント 典位級
マンティコア・ハント 祭位
マンティコア・ハント 祭位級
マンティコア・ハント 開位
マンティコア・ハント 開位級
マンドリカルド
マン・オブ・ザ・グレイ
マーカーハウス
マーカーハウスのドロップ獲得数アップ
マーキング
マーケット
マーケットＡ
マーケットＢ
マーシャル・オブ・セントール・アルター
マーズ・シューティング
マーブルファンタズム
マーブルファンタズム・ハッピーヴァース
マーベラス・エクスプロイツ
マーベラス・エクスプローダー
マーマン・ハント 典位++級
マーマン・ハント 典位+級
マーマン・ハント 典位級
マーマン・ハント 祭位級
マーマン・ハント 開位級
マーラ・アヴァローダ
マーラ・シューニャター
マーラ・パーピーヤス EX
マーラ・パーリーピーポーズ
マーリン
マールティ・ヴァーユプトラ
ミアゲタソラ…
ミアゲタソラノホシニ
ミギワキ港
ミクトランパ
ミコット！ハナヨメシュギョウ
ミコノス☆ミコケル EX
ミコノス・ハンマー B
ミサイルラムネ
ミサイルラムネのドロップ獲得数アップ
ミシガン湖
ミシシッピ川・河口
ミスター・レッドガジェット
ミスティックアイズ・シンフォニー
ミスティックアイズ・シンフォニー
～妖しの森と麗しの足跡～
ミスティックミルク
ミスティックミルクのドロップ獲得数を1個増やす【『バレンタイン2018』イベント期間限定】
ミスティックミルクのドロップ獲得数アップ
ミスティック・ドライ・アイズ
ミステリアスパーティ -I-
ミステリアスパーティ -II-
ミステリアスパーティ -III-
ミステリアスパーティ -IV-
ミステリアスパーティ -V-
ミステリアスパーティ -VI-
ミステリーグラス
ミステリーゾーン 上級
ミステリーゾーン 中級
ミステリーゾーン 初級
ミステリーゾーン 嵐級
ミステリーゾーン 超級
ミステリーゾーン 雷級
ミステリーフェア2019
ミステリーフォレスト
ミステリー・トレジャー
ミストレス・オブ・クレヴン
ミストレス・Ｃ EX
ミス・クレーン
ミス・トールフットの美術館
ミズウミノオトメ
ミズウミ島の財宝
ミックス・ジュース
ミッションNo.10
「『かぼちゃ』系の敵を25体倒せ」達成で開放
ミッションNo.100達成で開放
ミッションNo.10達成
＆4月27日18時に開放
ミッションNo.10達成
＆5月5日18時00分以降に開放
ミッションNo.10達成かつ5月20日10時00分以降に開放
ミッションNo.10達成かつ8月18日10時00分以降に開放
ミッションNo.10達成かつ8月22日18時00分以降に開放
ミッションNo.10達成で開放
ミッションNo.11
「『屍人』を10体倒せ」達成で開放
ミッションNo.11達成
＆9月25日18時00分以降に開放
ミッションNo.11達成で開放
ミッションNo.12を達成で開放
ミッションNo.12達成
＆10月21日18時00分に開放
ミッションNo.12達成
＆4月28日18時に開放
ミッションNo.12達成
＆5月6日18時00分以降に開放
ミッションNo.12達成
＆6月8日18時00分以降に開放
ミッションNo.12達成かつ4月27日18時00分以降に開放
ミッションNo.12達成かつ5月21日10時00分以降に開放
ミッションNo.12達成かつ8月19日10時00分以降に開放
ミッションNo.12達成かつ8月24日18時00分以降に開放
ミッションNo.12達成で開放
ミッションNo.13達成で開放
ミッションNo.14
「『屍人』を200体倒せ」達成で開放
ミッションNo.14達成
＆4月28日18時00分以降に開放
ミッションNo.14達成で開放
ミッションNo.15
「『マンション霊』を20体倒せ」達成で開放
ミッションNo.15達成
＆10月22日18時00分に開放
ミッションNo.15達成
＆4月29日18時に開放
ミッションNo.15達成
＆6月9日18時00分以降に開放
ミッションNo.15達成かつ4月28日18時00分以降に開放
ミッションNo.15達成かつ5月21日20時00分以降に開放
ミッションNo.15達成かつ8月19日20時00分以降に開放
ミッションNo.15達成で開放
ミッションNo.16を達成で開放
ミッションNo.16達成
＆4月3日18時00分以降に開放
ミッションNo.16達成かつ11月18日18時00分以降に開放
ミッションNo.16達成かつ5月22日10時00分以降に開放
ミッションNo.16達成かつ8月20日10時00分以降に開放
ミッションNo.16達成かつ8月26日18時00分以降に開放
ミッションNo.16達成で開放
ミッションNo.17を達成で開放
ミッションNo.17達成で開放
ミッションNo.18
「『マンション霊』を200体倒せ」達成で開放
ミッションNo.18を達成で開放
ミッションNo.18達成
＆4月27日18時00分以降に開放
ミッションNo.18達成
＆4月30日18時に開放
ミッションNo.18達成かつ5月22日20時00分以降に開放
ミッションNo.18達成かつ8月20日20時00分以降に開放
ミッションNo.18達成で開放
ミッションNo.19
「『スケルトン』を20体倒せ」達成で開放
ミッションNo.19
「『パンプキンスケルトン』を60体倒せ」達成で開放
ミッションNo.19達成
＆6月10日18時00分以降に開放
ミッションNo.19達成かつ4月29日18時00分以降に開放
ミッションNo.19達成かつ5月23日10時00分以降に開放
ミッションNo.19達成かつ8月21日10時00分以降に開放
ミッションNo.19達成で開放
ミッションNo.1達成で開放
ミッションNo.20を達成で開放
ミッションNo.20達成
＆5月1日18時に開放
ミッションNo.20達成で開放
ミッションNo.21
「『メタルパンプキンスケルトン』を20体倒せ」達成で開放
ミッションNo.21達成かつ5月23日20時00分以降に開放
ミッションNo.21達成かつ8月21日20時00分以降に開放
ミッションNo.21達成で開放
ミッションNo.22
「『スケルトン』を200体倒せ」達成で開放
ミッションNo.22達成
＆6月11日18時00分以降に開放
ミッションNo.22達成かつ4月30日18時00分以降に開放
ミッションNo.22達成かつ5月24日10時00分以降に開放
ミッションNo.22達成かつ8月22日10時00分以降に開放
ミッションNo.22達成で開放
ミッションNo.23
「『パンプキンナイト』を6体倒せ」達成で開放
ミッションNo.23
「『素体』を20体倒せ」達成で開放
ミッションNo.23を達成で開放
ミッションNo.23達成
＆9月26日18時00分以降に開放
ミッションNo.23達成かつ5月24日20時00分以降に開放
ミッションNo.23達成かつ8月22日20時00分以降に開放
ミッションNo.23達成で開放
ミッションNo.24達成
＆6月12日18時00分以降に開放
ミッションNo.24達成かつ5月1日18時00分以降に開放
ミッションNo.24達成かつ5月25日20時00分以降に開放
ミッションNo.24達成かつ8月23日20時00分以降に開放
ミッションNo.24達成で開放
ミッションNo.25を達成で開放
ミッションNo.25達成かつ5月26日10時00分以降に開放
ミッションNo.25達成かつ8月24日10時00分以降に開放
ミッションNo.25達成で開放
ミッションNo.26
「『素体』を200体倒せ」達成で開放
ミッションNo.26を達成で開放
ミッションNo.26達成
＆6月13日18時00分以降に開放
ミッションNo.26達成かつ5月26日20時00分以降に開放
ミッションNo.26達成かつ5月2日18時00分以降に開放
ミッションNo.26達成かつ8月24日20時00分以降に開放
ミッションNo.26達成で開放
ミッションNo.27
「『男性』特性を持つサーヴァントを10騎倒せ」達成で開放
ミッションNo.27達成で開放
ミッションNo.28
「『スケアクロウ』を8体倒せ」達成で開放
ミッションNo.28達成で開放
ミッションNo.29を達成で開放
ミッションNo.29達成で開放
ミッションNo.2を達成で開放
ミッションNo.2達成
＆5月1日18時00分以降に開放
ミッションNo.2達成かつ5月29日10時00分以降に開放
ミッションNo.2達成かつ8月27日10時00分以降に開放
ミッションNo.2達成で開放
ミッションNo.30達成で開放
ミッションNo.31
「『女性』特性を持つサーヴァントを10騎倒せ」達成で開放
ミッションNo.31達成で開放
ミッションNo.32を達成で開放
ミッションNo.32達成で開放
ミッションNo.33を達成で開放
ミッションNo.33達成
＆4月26日18時00分以降に開放
ミッションNo.33達成で開放
ミッションNo.34達成で開放
ミッションNo.35
「『七人御佐姫』を30体倒せ」達成で開放
ミッションNo.35を達成で開放
ミッションNo.35達成
＆9月29日18時00分以降に開放
ミッションNo.35達成で開放
ミッションNo.36
「『ホムンクルス』系の敵を20体倒せ」達成で開放
ミッションNo.36を達成で開放
ミッションNo.36達成で開放
ミッションNo.37を達成で開放
ミッションNo.37達成で開放
ミッションNo.38
「『七人御佐姫』を200体倒せ」達成で開放
ミッションNo.38を達成で開放
ミッションNo.38達成で開放
ミッションNo.39
「『アサシン』クラスのサーヴァントを15騎倒せ」達成で開放
ミッションNo.39
「『オートマタ』系の敵を30体倒せ」達成で開放
ミッションNo.39を達成で開放
ミッションNo.3達成
＆10月17日18時00分に開放
ミッションNo.3達成かつ8月16日18時00分以降に開放
ミッションNo.3達成＆1月18日18時に開放
ミッションNo.40を達成で開放
ミッションNo.40達成で開放
ミッションNo.41を達成で開放
ミッションNo.41達成で開放
ミッションNo.42を達成で開放
ミッションNo.42達成で開放
ミッションNo.43達成
＆4月7日18時00分以降に開放
ミッションNo.43達成かつ11月22日18時00分以降に開放
ミッションNo.43達成で開放
ミッションNo.44達成で開放
ミッションNo.45
「『神性』特性を持つサーヴァントを10騎倒せ」達成で開放
ミッションNo.46
「『魔性』特性を持つ敵を50体倒せ」達成で開放
ミッションNo.47達成で開放
ミッションNo.49
「『ラプンツェル』を10体倒せ」達成で開放
ミッションNo.49達成で開放
ミッションNo.4を達成で開放
ミッションNo.4達成
＆5月3日18時00分以降に開放
ミッションNo.4達成で開放
ミッションNo.4達成＆1月19日18時に開放
ミッションNo.50
「『悪』属性を持つサーヴァントを10騎倒せ」達成で開放
ミッションNo.50を達成で開放
ミッションNo.50達成で開放
ミッションNo.51を達成で開放
ミッションNo.51達成で開放
ミッションNo.52達成で開放
ミッションNo.53
「『ライダー』クラスのサーヴァントを10騎倒せ」達成で開放
ミッションNo.53達成
＆5月2日12時00分以降に開放
ミッションNo.53達成で開放
ミッションNo.54
「『混沌』属性を持つサーヴァントを10騎倒せ」達成で開放
ミッションNo.54達成で開放
ミッションNo.55を達成で開放
ミッションNo.55達成で開放
ミッションNo.56
「『バーサーカー』クラスのサーヴァントを10騎倒せ」達成で開放
ミッションNo.57達成で開放
ミッションNo.58達成
＆4月4日18時00分以降に開放
ミッションNo.58達成かつ11月19日18時00分以降に開放
ミッションNo.58達成で開放
ミッションNo.5達成
＆10月18日18時00分に開放
ミッションNo.5達成で開放
ミッションNo.60
「『神性』属性を持つサーヴァントを15騎倒せ」達成で開放
ミッションNo.60を達成で開放
ミッションNo.60達成で開放
ミッションNo.61達成
＆4月29日12時00分以降に開放
ミッションNo.61達成で開放
ミッションNo.62
「『混沌』属性を持つサーヴァントを10騎倒せ」達成で開放
ミッションNo.62達成
＆9月27日18時00分以降に開放
ミッションNo.62達成で開放
ミッションNo.63達成で開放
ミッションNo.64達成
＆4月6日18時00分以降に開放
ミッションNo.64達成かつ11月21日18時00分以降に開放
ミッションNo.64達成で開放
ミッションNo.65達成で開放
ミッションNo.66
「『悪』属性を持つサーヴァントを15騎倒せ」達成で開放
ミッションNo.66達成
＆9月28日18時00分以降に開放
ミッションNo.66達成で開放
ミッションNo.67
「『すべての階の二号室』をクリアせよ」達成で開放
ミッションNo.67達成で開放
ミッションNo.69達成で開放
ミッションNo.6を達成で開放
ミッションNo.6達成かつ8月18日18時00分以降に開放
ミッションNo.6達成で開放
ミッションNo.6達成＆1月20日18時に開放
ミッションNo.70
「『三階までの部屋』をすべてクリアせよ」達成で開放
ミッションNo.70達成で開放
ミッションNo.71
「『六階までの部屋』をすべてクリアせよ」達成で開放
ミッションNo.71達成で開放
ミッションNo.72
「『804号室以外のすべての部屋』をクリアせよ」達成で開放
ミッションNo.75
「『チェイテ城部分』にあるクエストを合計10回クリアせよ」達成で開放
ミッションNo.75達成で開放
ミッションNo.76
「『ピラミッド部分』にあるクエストを合計10回クリアせよ」達成で開放
ミッションNo.76達成で開放
ミッションNo.77
「『姫路城部分』にあるクエストを合計10回クリアせよ」達成で開放
ミッションNo.78達成で開放
ミッションNo.79達成かつ11月24日18時00分以降に開放
ミッションNo.7達成
＆5月4日18時00分以降に開放
ミッションNo.7達成で開放
ミッションNo.7達成＆1月21日18時に開放
ミッションNo.80を達成で開放
ミッションNo.81
「ミッションを30個クリアせよ」達成で開放
ミッションNo.82
「ミッションを60個クリアせよ」達成で開放
ミッションNo.87達成で開放
ミッションNo.88達成で開放
ミッションNo.89達成で開放
ミッションNo.8を達成で開放
ミッションNo.8達成で開放
ミッションNo.8達成＆1月22日18時に開放
ミッションNo.90達成で開放
ミッションNo.91達成で開放
ミッションNo.94達成で開放
ミッションNo.95
「ミッションを10個クリアせよ」達成で開放
ミッションNo.96を達成で開放
ミッションNo.96達成
＆4月5日18時00分以降に開放
ミッションNo.96達成かつ11月20日18時00分以降に開放
ミッションNo.96達成で開放
ミッションNo.97を達成で開放
ミッションNo.97達成で開放
ミッションNo.98
「『隠されていた鍵』を獲得せよ」達成で開放
ミッションNo.98
「ミッションを70個クリアせよ」達成で開放
ミッションNo.98達成で開放
ミッションNo.9達成
＆10月20日18時00分に開放
ミッションNo.9達成かつ5月19日20時00分以降に開放
ミッションNo.9達成かつ8月17日20時00分以降に開放
ミッションNo.9達成かつ8月20日18時00分以降に開放
ミッションNo.9達成で開放
ミッションNo.9達成＆1月23日18時に開放
ミッションNo10
「『かぼちゃ』系の敵を25体倒せ」達成で開放
ミッションNo100達成で開放
ミッションNo10達成かつ6月16日18時00分以降に開放
ミッションNo10達成で開放
ミッションNo11を達成で開放
ミッションNo12を達成で開放
ミッションNo12達成かつ6月18日18時00分以降に開放
ミッションNo13を達成で開放
ミッションNo13達成で開放
ミッションNo14を達成で開放
ミッションNo14達成で開放
ミッションNo15を達成で開放
ミッションNo15達成で開放
ミッションNo16達成かつ6月20日18時00分以降に開放
ミッションNo17達成で開放
ミッションNo19
「『パンプキンスケルトン』を60体倒せ」達成で開放
ミッションNo19達成で開放
ミッションNo1達成で開放
ミッションNo21
「『メタルパンプキンスケルトン』を20体倒せ」達成で開放
ミッションNo21を達成で開放
ミッションNo21達成で開放
ミッションNo22達成で開放
ミッションNo23
「『パンプキンナイト』を6体倒せ」達成で開放
ミッションNo23達成で開放
ミッションNo25達成で開放
ミッションNo26達成で開放
ミッションNo28
「『スケアクロウ』を8体倒せ」達成で開放
ミッションNo28達成で開放
ミッションNo2を達成で開放
ミッションNo2達成で開放
ミッションNo30を達成で開放
ミッションNo33クリアで開放
ミッションNo33達成で開放
ミッションNo35を達成で開放
ミッションNo35クリアで開放
ミッションNo35達成で開放
ミッションNo36
「『ホムンクルス』系の敵を20体倒せ」達成で開放
ミッションNo36達成で開放
ミッションNo37達成で開放
ミッションNo38を達成で開放
ミッションNo38達成で開放
ミッションNo39
「『オートマタ』系の敵を30体倒せ」達成で開放
ミッションNo39達成で開放
ミッションNo3達成かつ6月10日18時00分以降に開放
ミッションNo3達成で開放
ミッションNo40達成で開放
ミッションNo41を達成で開放
ミッションNo41達成で開放
ミッションNo42を達成で開放
ミッションNo42達成で開放
ミッションNo43を達成で開放
ミッションNo43達成で開放
ミッションNo44達成で開放
ミッションNo45達成で開放
ミッションNo46
「『魔性』特性を持つ敵を50体倒せ」達成で開放
ミッションNo46を達成で開放
ミッションNo46達成で開放
ミッションNo48達成で開放
ミッションNo49を達成で開放
ミッションNo49達成で開放
ミッションNo4を達成で開放
ミッションNo4達成で開放
ミッションNo53
「『ライダー』クラスのサーヴァントを10騎倒せ」達成で開放
ミッションNo53達成で開放
ミッションNo55達成で開放
ミッションNo56
「『バーサーカー』クラスのサーヴァントを10騎倒せ」達成で開放
ミッションNo56を達成で開放
ミッションNo56達成で開放
ミッションNo57達成で開放
ミッションNo58を達成で開放
ミッションNo5を達成で開放
ミッションNo5達成で開放
ミッションNo60
「『神性』属性を持つサーヴァントを15騎倒せ」達成で開放
ミッションNo60を達成で開放
ミッションNo60達成で開放
ミッションNo61達成で開放
ミッションNo62
「『混沌』属性を持つサーヴァントを10騎倒せ」達成で開放
ミッションNo62を達成で開放
ミッションNo62達成で開放
ミッションNo63を達成で開放
ミッションNo64を達成で開放
ミッションNo64達成で開放
ミッションNo66
「『悪』属性を持つサーヴァントを15騎倒せ」達成で開放
ミッションNo66を達成で開放
ミッションNo66達成で開放
ミッションNo67を達成で開放
ミッションNo68を達成で開放
ミッションNo69を達成で開放
ミッションNo6達成かつ6月12日18時00分以降に開放
ミッションNo6達成で開放
ミッションNo70を達成で開放
ミッションNo71を達成で開放
ミッションNo71達成で開放
ミッションNo72を達成で開放
ミッションNo73達成で開放
ミッションNo74達成で開放
ミッションNo75
「『チェイテ城部分』にあるクエストを合計10回クリアせよ」達成で開放
ミッションNo75達成で開放
ミッションNo76
「『ピラミッド部分』にあるクエストを合計10回クリアせよ」達成で開放
ミッションNo76達成で開放
ミッションNo77
「『姫路城部分』にあるクエストを合計10回クリアせよ」達成で開放
ミッションNo77達成で開放
ミッションNo78達成で開放
ミッションNo7を達成で開放
ミッションNo7達成で開放
ミッションNo81達成で開放
ミッションNo84クリアで開放
ミッションNo8を達成で開放
ミッションNo8達成で開放
ミッションNo94達成で開放
ミッションNo95
「ミッションを10個クリアせよ」達成で開放
ミッションNo95達成で開放
ミッションNo97達成で開放
ミッションNo98
「ミッションを70個クリアせよ」達成で開放
ミッションNo98クリアで開放
ミッションNo98達成で開放
ミッションNo99を達成で開放
ミッションNo99クリアで開放
ミッションNo9達成かつ6月14日18時00分以降に開放
ミッションNo9達成で開放
ミッションクエスト マシュ『女王モルガン戦』
ミッションクエスト マシュ『獅子王戦』
ミッション・スタート
ミッシング・スターリング EX
ミッドサマー・ナイツ A
ミッドナイトオブサマーサイド A
ミッドナイト・テンション
ミドラーシュのキャスター
ミドラーシュノキャスター
ミドリノコッケン
ミドリノハオン
ミナモトノタメトモ
ミナモトノライコウ
ミナモトノライコウ／ウシゴゼン
ミニクーちゃん
ミニクーちゃん・ハント 典位+級
ミニクーちゃん・ハント 典位級
ミニクーちゃん・ハント 祭位級
ミニクーちゃん・ハント 開位級
ミニクーチャン
ミニサバフェス会場
ミニチェーンソー
ミニチェーンソーのドロップ獲得数アップ
ミニチュア・アルゴー
ミニボーダー
ミニリボン
ミニ牛若
ミニ銅鐸
ミニ銅鐸のドロップ獲得数アップ
ミネラルウォーター
ミブロ
ミミ思う故にミミあり
ミミ＄札
ミミ＄札のドロップ獲得数アップ
ミヤモトイオリ
ミヤモトムサシ
ミユノ地区
ミユ・エーデルフェルト
ミラクルグドウシャ
ミラクルトランプ
ミラクルトランプのドロップ獲得数アップ
ミラクル求道者
ミラーハウス
ミルキーウェイを探して EX
ミルキー・ウェイ
ミレニア城塞
ミートウォーズ
ムガシキ　シンクウミョウウ
ムキュウノカイコウ
ムキュウノソラノカタスミデ
ムキュウノハテ
ムゲンショウカン（インストール）
ムゲンノパンケーキ
ムゴウノカナタ
ムサシボウベンケイ
ムジンノチリヤマ
ムラサキスイショウノサトウガシ
ムラサキ・シキブ
ムリアン
ムロク
ムーチョダンベル
ムーチョダンベルのドロップ獲得数アップ
ムーディな廊下
ムーディな部屋
ムーニー・ジュエル
ムール・ウ・テュ・ドワ EX
ムーンそば
ムーンキャンサーお試しクエスト
ムーンセル・オートマトン
ムーンバス・アイランド
ムーンユーフォ―チョコ
ムーンライトロストルーム
ムーンライト・フェスト
ムーン・ウォーキング
ムーン・クルージング
ムーン・ショッピング
ムーン・ストリート
ムーン・ドバイ・ファウンテン
ムーン・ドバイ上空
ムーン・ボゥ
ムーン・マーガレット
ムーンＵＦＯチョコ
メアリー・アニング
メイオール・エタニティ
メイオール・エタニティ 決断戦
メイオール・エタニティ 追憶戦α
メイオール・エタニティ 追憶戦β
メイオール・エタニティ 追憶戦γ
メイオール・エタニティ 追憶戦δ
メイオール・エタニティ 追憶戦ε
メイオール・エタニティ 追憶戦ζ
メイカイニハナノサク
メイカイノスイートホーム
メイカフウママンジュウ
メイカフウママンジュウ・カイ
メイキング・クリスマス・パーティー！
メイク・ア・トースト
メイク無し（第一再臨）
メイゲツ
メイジ
メイソウ
メイタンテイフォウムズ
メイトウウスミドリフウミチョコ
メイド・イン・ハロウィン
メイド・オルタ
メイド猫の隠し部屋
メイブチャンジルシノノウコウカカオチョコ
メイプルシロップをかけよう A
メインインタールード
メインステージ
メインストリート
メインレコード 1.5
メインレコード 2
メインレコード １
メイン・インタールード
冥界のメリークリスマス
メイン・インタールード
徳川廻天迷宮 大奥
メイン・インタールード
深海電脳楽土 SE.RA.PH
メイン・インタールード
非霊長生存圏 ツングースカ・サンクチュアリ
メイン・インタールード
ＢＢプレゼンツ☆セレブサマー・エクスペリエンス！
メイン・インタールード 虚数大海戦
メイン設定用
メイヴ
メイヴちゃん印のハニーチョコ
メイヴちゃん印の濃厚カカオチョコ
メイヴチャンジルシノハニーチョコ
メカエリチャン
メカエリチャンⅡ号機
メカエリチャンニゴウキ
メカエリチャン選択権獲得クエスト
メカニカル弓術 EX
メガコイル級[1]～[6]をすべてクリアで開放
メガネ
メガネあり（第三再臨）
メガネあり（第二再臨）
メガネオフモード
メガミノキラメキ
メガミノユウショウカップ
メザメ
メザメマエ
メジェぐるみ
メジェぐるみのドロップ獲得数アップ
メジェドの眼
メストリアパン
メタトロン・ジャンヌ
メタボ・ピグレッツ
メツィティトラン
メテオバーガー
メテオバーガーのドロップ獲得数アップ
メディア
メディア〔リリィ〕
メディア・リリィ
メディオラヌム
メドゥーサ
メドゥーサ(ライダー)装備時のみ、自身がフィールドにいる間、味方全体のNP獲得量を15%アップ
メヒコシティ
メビウスの日々
メフィストフェレス
メモリアルホール
メモリアル・チョコフレーム
メモリーズ
メモリー・オブ・クオリア
メモリー・オブ・ロンディニウム
メラム・ディンギル
メリュジーヌ
メリュジーヌ・オンディーヌ
メリュジーヌ霊衣獲得クエスト(妖精騎士ランスロット)
メリュジーヌ霊衣獲得クエスト(赤熱偏位)
メリー☆メリー
メリーゴーランド
メリーサイダー
メリーフォーク
メリーフォークのドロップ獲得数を1個増やす【『ポホヨラのクリスマス・イブ』イベント期間限定】
メリーフォークのドロップ獲得数アップ
メリー・クリスマス
メリー・シープ
メリー・ロードワーク ウェルター級
メリー・ロードワーク ウルトラヘビー級
メリー・ロードワーク スーパーヘビー級
メリー・ロードワーク バンタム級
メリー・ロードワーク フェザー級
メリー・ロードワーク フライ級
メリー・ロードワーク ヘビー級
メリー・ロードワーク 上級
メリー・ロードワーク 中級
メリー・ロードワーク 初級
メルティ・スイートハート
メルティ・ハート
メルティ・ハート A
メルティ・ラブ
メルトの鍵
メルトの鍵を所持で開放
メルトウイルス EX
メルトエンヴィー EX
メルトダウン・ラヴァー
メルトリリス
メルヒェン・マイネスレーベンス
メルヘンドリーマー
メルヘンドリーマー A
メルヘンドリーマー B
メルヘンドリーマー EX
メルヘンポイント〔シンデレラ〕
メルヘンポイント〔白雪姫〕
メルヘンポイント〔赤ずきん〕
メル友戦争
メヲソラサズニ
メンフィス
メンロパークの魔術師
メンロパークの魔術師 A
モウヒトツノケツマツ
モザイク市の独占：Re
モタザルモノ
モチヅキチヨメ
モナ・リザ
モナ・リザ A+
モナ・リザ（偽）
モノクローム・インパルス
モノノフノヤグラ
モフー！　スーパーランチタイム！
モメンノクビマキ
モラ・ルタ
モリアーティ
モリナリシセイ
モリ・ナガヨシ
モルガニア物語
モルガン
モルガンメダル〔金〕
モルガンメダル〔金〕のドロップ獲得数を1個増やす【『カルデア妖精騎士杯』イベント期間限定】
モルガンメダル〔金〕のドロップ獲得数アップ
モルガンメダル〔銀〕
モルガンメダル〔銀〕のドロップ獲得数を1個増やす【『カルデア妖精騎士杯』イベント期間限定】
モルガンメダル〔銀〕のドロップ獲得数アップ
モルガンメダル〔銅〕
モルガンメダル〔銅〕のドロップ獲得数を1個増やす【『カルデア妖精騎士杯』イベント期間限定】
モルガンメダル〔銅〕のドロップ獲得数アップ
モルガン霊衣獲得クエスト
モンスター襲来！ I
モンスター襲来！ II
モンスター襲来！ III
モンテ・クリストの秘宝 A+
モンテ・クリストセレクション
モンテ・クリスト・ミトロジー
モントゴメリー
モンブラン・オ・ショコラ
モータード・キュイラッシェ
モーターユニット
モーターユニットのドロップ獲得数を1個増やす【『落涙の翼』イベント期間限定】
モーターユニットのドロップ獲得数を2個増やす[最大解放]【『落涙の翼』イベント期間限定】
モーターユニットのドロップ獲得数アップ
モーダカ・ポータブル
モードレッド
モードレッド(セイバー)装備時のみ、自身がフィールドにいる間、味方全体の宝具威力を20%アップ
モードレッド(ライダー)装備時のみ、自身がフィールドにいる間、味方全体の宝具威力を20%アップ
モードレッド撃退戦 幼竜級
モードレッド撃退戦 成竜級
モードレッド撃退戦 邪竜級
モーニング・グローリー
モールド・キャメロット
ヤオニノショウドウ
ヤガ
ヤガの生誕
ヤガ・ジェメンスク
ヤガ・スィチョーフカ
ヤガ・スモレンスク
ヤガ・トゥーラ
ヤガ・モスクワ
ヤガ・リャザン
ヤガ・ヴャジマ
ヤギュウタジマノカミムネノリ
ヤクソクノトキ
ヤコブの手足 B
ヤスムコトナキガラスノクツ
ヤツハシチョコ
ヤドカリ・ハント 典位+級
ヤドカリ・ハント 典位級
ヤドカリ・ハント 祭位級
ヤドカリ・ハント 開位級
ヤナムン返し A
ヤボウノコウシ
ヤマトタケル
ヤマトタケル体験クエスト
ヤマナミケイスケ
ヤマノオキナ
ヤミノコヤンスカヤ
ヤミヨノカイコウ
ヤヤウキ
ヤワラカナジアイ
ヤングガン
ユイゴンジョウ
ユイショウセツ
ユウカンナルモノ
ユウガタレ
ユウガナルテン、カンダイナルチ
ユウキュウノハテヲモトメテ
ユウコクノフチ
ユウシノタギリ
ユウシャエリチャンノボウケン
ユウシャノサカズキ
ユカタン・レガーロ・デ・ナヴィダ
ユガの終わりに笑う者達
ユキノシロ
ユキミホワイトチョコ
ユニットビーチ
ユニバーサルキューブ
ユニバーサル鳥羽伏見の戦い【勢力戦】 勇士級
ユニバーサル鳥羽伏見の戦い【勢力戦】 大将級
ユニバーサル鳥羽伏見の戦い【勢力戦】 旗本級
ユニバーサル鳥羽伏見の戦い【勢力戦】 書生級
ユニバーサル鳥羽伏見の戦い【勢力戦】 浪士級
ユニバーサル鳥羽伏見の戦い【勢力戦】 番頭級
ユニバーサル鳥羽伏見の戦い【勢力戦】 組頭級
ユニバーサル鳥羽伏見の戦い【勢力戦】 足軽級
ユニバーサル鳥羽伏見の戦い【勢力戦】 門生級
ユニバーサル鳥羽伏見の戦い【勢力戦】 隊士級
ユニバーサル鳥羽伏見の戦い【決着戦】
ユニヴァースにおいては平凡な宇宙服
だがそれ故にキャプテンたり得るのだ
ユニヴェール・イモルテル・メタトロン
ユミナ C
ユメニミシミチ
ユメノアト
ユメノウマレルマチ
ユメノオワリニ
ユーオルガマリー
ユートピー・ピュルガトワール
ユーフォー
ユーフラテスの夕べ
ユーフラテスノユウベ
ヨウィヌス砦
ヨウキヒ
ヨウセイノハサン
ヨウフウゼンザイ
ヨウランノユメ
ヨカナーンの首
ヨカナーンノクビ
ヨゲンノホシ
ヨゾラニイノリヲ
ヨゾラヲカケルニジ
ヨハンナ
ヨハンナさんと未確認の愛
ぶっ壊せ☆らぶらぶはぁと大石像
ヨハンナさんと未確認の愛 ぶっ壊せ☆らぶらぶはぁと大石像
ヨフカシノカタライ
ヨミカケノイリアス
ヨミカケノホン
ヨーミンニャンニャン
ライオンのぬいぐるみ
ライオンノヌイグルミ
ライオン・スカイ ～恐怖の機械化帝国～
ライオン号くん
ライオン号くんのドロップ獲得数アップ
ライク・ア・バード
ライク・ア・レディ
ライコウノトナカイクン
ライダーお試しクエスト
ライダーお試しクエスト〔Ⅰ〕
ライダーお試しクエスト〔Ⅱ〕
ライダーピース
ライダーベルト・レプリカ
ライダーモニュメント
ライダー育成交換券
ライティング・ハイ
ライデンノテ
ライトニング
ライトニングイエロー
ライト・オブ・ナイト
ライフカウンター
ライフカウンターのドロップ獲得数アップ
ライフリングホール
ライブハウス
ライブハウスでシークレットライブ〔ダンスUP〕
ライブラリ・アイスクリーム
ライヘンバッハ
ラインの黄金
ラインの黄金を求めて
ラインノオウゴン
ライ・ライク・ヴォーティガーン
ライ・ライム・グッドフェロー
ラウス・セント・クラウディウス
ラウダレントゥム・ドムス・イルステリアス
ラウンズ・オン・アイス
ラウンズ・ビーチ
ラウンド・アンド・ラウンド
ラウンド・オブ・アヴァロン
ラクシャーサ・キングピット
ラクシュミー・バーイー
ラクヨウノキュウデン
ラクヨウノピアス
ラグジュアリーキャメル
ラグジュアリーキャメルのドロップ獲得数アップ
ラグジュアリー・ビュッフェ
ラグナロク・リーヴスラシル
ラグランジュ・ラグジュアリー EX
ラシャーテ・オーニ・スペランツァ、ヴォイ・ケントラーテ
ラシール・セアラ・レドディ
ラストアンコール
ラストエリア Ｉ大陸
ラストサン・シバルバー
ラストスパート 栄光への架け橋
ラスト・ステップ
ラスト・リゾート
ラスト・リゾート A
ラスプーチン
ラスベガス大通り
ラッキーダイス
ラッキーダイスのドロップ獲得数アップ
ラッキービースト
ラッキー・ブルーバード
ラビット・キュート・チョコ
ラビリンスマップ
ラピス・ラズリの腕飾り
ラピス・ラズリノウデカザリ
ラピタイ・カイネウス
ラブ・ディリュージョン
ラブ・ブレイカー
ラブ・ブレイカー A
ラブ・ブレイカー EX
ラボック
ラミア・ハント 典位+級
ラミア・ハント 典位級
ラミア・ハント 祭位級
ラミア・ハント 開位級
ラムセウム
ラムセウム・テンティリス
ラムダリリス
ラムレイにごう
ラムレイニゴウ
ラムレイ二号
ラモール・エスポワール
ランサーお試しクエスト
ランサーお試しクエスト〔Ⅰ〕
ランサーお試しクエスト〔Ⅱ〕
ランサーテアトルム
ランサーピース
ランサーモニュメント
ランサー育成交換券
ランスロット
ランセジョウジョウ
ランチは軽快に
ランチハケイカイニ
ランチ・ラッシュ
ランディングポイント
ランディング・サイ
ランニングマン
ランブル・パーティー
ランマニウム EX
ランマルアイ
ランマルハンド
ランリョウオウ
ラン・オルタ・ラン！
ラヴァーズ・スクィーズ
ラヴ・イット
ラ・グラスフィーユ・ノエル
ラ・グロンドメント・デュ・ヘイン
ラ・シエスタ
ラ・シャリテ
ラ・シャリテの追憶
ラ・フェーリ・デュン・ニュイ
ラ・フォリア
ラ・レーヴ・アンソレイエ
ラーニーのカリスマ B+
ラーマ
ラーマ(セイバー)装備時のみ、自身がフィールドにいる間、味方全体のクリティカル威力を25%アップ
ラーマは戦場へ行った
ラーメンダイスキアナスタシアサン
ラーヴァ／ティアマト
リアクタールーム
リアルイベントCP
リコレクションクエスト
リザレクション・フロートハデス
リジェクション・カーフ
リズムド・バース
リソウノオウセイ
リゾートタウン
リゾートホテル
リターン・オブ・イシュタル
リターン・マッチ
リチャードⅠ世
リチャードⅠ世体験クエスト
リチャードイッセイ
リッター・デア・オツェアネ
リッチデーツ
リッチデーツのドロップ獲得数を1個増やす【『セレブサマー・エクスペリエンス！』イベント期間限定】
リッチデーツのドロップ獲得数アップ
リッチバター
リッチバターのドロップ獲得数アップ
リップの鍵
リップの鍵を所持で開放
リディクールキャット EX
リトラベル
リトルリトルバレット
リトル・ギフト
リトル・プレゼント
リバートン
リピート・マジック
リフレイン
リフ・レイン
リボンつききよひめ
リボンツキキヨヒメ
リボン付清姫
リミテッド／ゼロオーバー
リムレスラウンド
リュウグウパール
リュウグウパールのドロップ獲得数を1個増やす【『踊るドラゴン・キャッスル！』イベント期間限定】
リュウグウパールのドロップ獲得数アップ
リュウシュ
リュウトリュウノケンシ
リュウドウジ
リュウノキオク
リュウミャク
リュミノジテ・エテルネッル
リョウギシキ
リョウゲンノヤイバ
リョウサイケンコ
リョフホウセン
リヨイベ
リヨン
リラクシング・ダンテ
リラックスマンション
リリス
リリムハーロット
リリンたちののんびりライフ
リリン＆リリスｓグッズセット
リリース3000日突破記念特別チケット
リリー・ショコラ
リローデッド C
リンク・アンクル
リング・ザ・ベル
リンド
リンノペンダント
リヴァイアサン
リ・ショブン
リーガル・シャワー！ B++
リージェントパーク
リーディンググラス
リーディング・ホリデー
ルイビル
ルカンレースで遊ぶ VIP級
ルカンレースで遊ぶ VIP級クリアで開放
ルカンレースで遊ぶ ビギナー級
ルカンレースで遊ぶ ビギナー級クリアで開放
ルカンレースで遊ぶ ミリオネア級
ルカンレースで遊ぶ レギュラー級
ルカンレースで遊ぶ レギュラー級クリアで開放
ルギマートを追え！
ルギマート！
ルチャベルト
ルナティックパーティ -I-
ルナティックパーティ -II-
ルナティックパーティ -III-
ルナティックパーティ -IV-
ルナティックパーティ -V-
ルナティックパーティ -VI-
ルプス・ストライクファング
ルミノカリバー
ルルハワ
ルルハワの記憶
ルルハワの鶏
ルルハワ空港
ル・グテ
ルーの光輪
ルーシ高地
ルーダ・マスカラ
ルート整備大作戦！ スノークリスタル級
ルート整備大作戦！ ダイヤモンドダスト級
ルート整備大作戦！ パウダーダスト級
ルート整備大作戦！ フレークダスト級
ルート整備大作戦！ 上級
ルート整備大作戦！ 中級
ルート整備大作戦！ 初級
ルート整備大作戦！ 超級
ルーノコウリン
ループステリトリー
ルームガーダー
ルーラーお試しクエスト
ルーラークラスへの特攻を付与
ルールブレイカー
ルーンイシノチョコ
ルーンストーン
ルーン石のチョコ
ルーン魔術 A
ルーン魔術 B
レアなキノコを探し出せ！
レアエネミーの出現率アップ
レアエネミー出現度アップ
レアプリズム
レアルタ合金
レイク・パニック　～あるいは何かのプロローグ～
レイシショウゾウ:アルテラ
レイシショウゾウ:カルナ
レイシショウゾウ:ギルガメッシュ
レイシショウゾウ:タマモノマエ
レイシショウゾウ:ネロ・クラウディウス
レイシショウゾウ:ムメイ
レイニーグライダー
レイニーグライダーのドロップ獲得数を1個増やす【『インドラの大試練』イベント期間限定】
レイニーグライダーのドロップ獲得数アップ
レイニー・ブリッジ
レイプルーフ・キリエライト
レインボータウン
レイ・ホライゾン A
レオナルド・ダ・ヴィンチ
レオナルド・ダ・ヴィンチ霊衣獲得クエスト
レオニダス
レオニダスイッセイ
レオニダス・ブートキャンプ
レオニダス一世
レクイエム・フォー・デス
レコードホルダー
レシーバー
レジェンダム・パーパ・トロヌス
レジェンド・オブ・ドラキュリア Ⅰ
レジェンド・オブ・ドラキュリア Ⅱ
レジスタンス
レジスタンスのライダー
レジスタンスノライダー
レストランストリート
レックス・ミロワール A
レッスンスタジオ
レッドセイバー
レッドフード・スライサー A
レッド・スターヴァンプ EX
レッド・ボックス
レッド茶葉
レディの衣装な愛情 EX
レディズ・メイド
レディ・アヴァロン
レディ・ジャスティス
レディ・フォクシー
レディ・ライネスの事件簿
レディ・ライネスの追憶
レディ・ロングアームの探偵事務所
レディース＆ジェントルメン
レトロルームキー
レトロルームキーのドロップ獲得数アップ
レプリカ アガートラム
レプリカ(1/5)
レプリカ(2/5)
レプリカ(3/5)
レプリカ(4/5)
レプリカ(5/5)
レベリオン・ウ・モンド
レポートチェック
レンゲアイスハナンビトゾ
レンサ
レース会場
ロイヤル
ブランド
ロイヤルカード B+
ロイヤルカード C+
ロイヤルバニー
ロイヤルバニー A
ロイヤルバニージャンプ
ロイヤルパーティ -I-
ロイヤルパーティ -II-
ロイヤルパーティ -III-
ロイヤルパーティ -IV-
ロイヤルパーティ -V-
ロイヤルパーティ -VI-
ロイヤルパーティ -VII-
ロイヤルブランド
ロイヤル・アイシング
ロウセイノオキナ
ロウヒ
ロクスタ
ロケットパンチ
ロケットパンチ（Ⅱ号機）
ロコモコ！
ロコモコＵＤＫ
ロゴスイーター C
ロゴスイーター D
ロシアエリア
ロストウィル
ロストベルト-NO_No.
ロストベルト-No.1
ロストベルト-No.2
ロストベルト-No.3
ロストベルト-No.4
ロストベルト-No.5
ロストベルト-No.6
ロストベルト-No.7
ロストベルト：ビーストⅣ 決戦
ロストベルト：ビーストⅣ 総力戦 愛玩級
ロストベルト：ビーストⅣ 総力戦 殺戮級
ロストベルト：ビーストⅣ 総力戦 生存級
ロスト・エルサレム
ロスト・バレット
ロスト・ロビン・ロンド
ロックオンチョコ
ロデオフリップ A+
ロビグス・イロンシッド
ロビンフッド
ロビー
ロボウノユメ
ロマニ・アーキマンハクシャクノカンタイ
ロマニ・アーキマン伯爵の歓待
ロマンチックケイヴ 上級
ロマンチックケイヴ 中級
ロマンチックケイヴ 初級
ロマンチックケイヴ 嵐級
ロマンチックケイヴ 超級
ロマンチックケイヴ 雷級
ロムルス
ロムルス(ランサー)装備時のみ、自身がフィールドにいる間、味方全体の宝具威力を20%アップ
ロムルス＝クィリヌス
ロワールの畔
ロンギヌス・カウントゼロ
ロンゴミニアド
ロンゴミニアド・ミュトス
ロンディニウム
ロンディニウムの騎士
ロンディニウム前
ロンディニウム防衛戦
ロンドン
ロンドン、魔霧の都市
ロンドン・チャイルド
ロンドン・ナイト
ロンド・メモリア
ロンド・メモリア A
ロンド・メモリア B
ロンド・メモリア EX
ロンド・メモリア EX+
ロンリテキナアクセイ
ロードレス・キャメロット
ロード・カルデアス
ロード・キャメロット
ロード・トゥ・スター
ロード・ログレス
ロード・ログレス体験クエスト
ローマ
ローマの休日
ローマの地平
ローマは一日にして成らず
ローマよりテルマエに愛をこめて
ローマ市街
ローマ戦線I 王ではない、カエサルである
ローマ戦線II 経験はすべての教師である
ローマ戦線III 目に見えぬ危険は、人心をかき乱す
ローマ戦線IV 指示を与える者には責任がある
ローマ戦線V 賽は投げられた
ローマ戦線VI 分断して征服せよ
ローマ戦線VII 来た！見た！勝った！
ローマ特性付与
ローラン
ローランを待ちながら
ワイキキストリート
ワイキキビーチ
ワイキョクノマガン
ワイバーン・ハント 典位+級
ワイバーン・ハント 典位級
ワイバーン・ハント 祭位級
ワイバーン・ハント 開位級
ワイルドハウス
ワイルドハント A
ワイルドハント B+
ワイルドポテト
ワイルドポテトV
ワイルドポテトVのドロップ獲得数アップ
ワイルドポテトのドロップ獲得量アップ
ワイルドルール A
ワイルド・ガンマン
ワインで乾杯
ワインと星のチョコレート
ワイントホシノチョコレート
ワカガエリノクスリ
ワガシフウチョコ＋テガミ
ワガドクハイ、ワガカメン
ワクワクザブーンユウタイチケット
ワシントン
ワスレエヌモノ
ワスレジノナツ、ニテンノフトコロ
ワタアメ
ワタシノクビカザリ
ワタシハダレダ？
ワタナベノツナ
ワラウコタツニフクキタル
ワルキューレ
ワルキューレカチューシャ
ワルキューレカチューシャのドロップ獲得数アップ
ワルキューレ・スタイル
ワルキューレ・ハント 典位+級
ワルキューレ・ハント 典位級
ワルキューレ・ハント 祭位級
ワルキューレ・ハント 開位級
ワルキューレ式集団戦闘 B+
ワルツインザムーンライト
ワレラガユクハホシノタイカイ
ワンショット・マイ・ラブ
ワンジナ
ワンジナの怒り
ワンジナメット
ワンジナ・アイ
ワンジナ・ママラガン・セブンスターズ
ワンジナ・ワールドツアー！
ワンジナ・ワールドツアー！
～大精霊と巡る世界一周～
ワンス・アポン・ア・タイム・イン・アマゾネス
ワンダフル・ライフ
ワンダーランド
ワームズ・サンドボックス
ワールズエンド・フラワーガーデン
ワールドエンド
ワールドエンド・キャッスル
ワールドエンド・ホワイト
ワールド・トラベラー
ワールド・トラベラー EX
ワールド・トラベラー Ａ
ワールド・フェイス・ドミネーション
ヴぃなす・どらいばー
ヴぃなーやか
ヴぃヴ・ら・ふらんす
ヴりとらはん
ヴァサヴィ・シャクティ
ヴァリエンテ・アサルト・デディカド・ア・ラ・プリンセッサ
ヴァルキリー・ウェディング
ヴァレンティヌスの聖骸布 A
ヴァンドルディ・トレイズ
ヴァン・ゴッホ
ヴァン・ゴッホ〔マイナー〕
ヴァン・ホーエンハイム・パラケルスス
ヴァーサス
ヴァースキの霊薬 A
ヴァーユのこ
ヴィイ・ヴィイ・ヴィイ
ヴィイ（ジリツガタ）
ヴィイ（自立型）
ヴィクトリーローズ
ヴィシュヌの試練
ヴィジター
ヴィスコンティ・アセンツァ
ヴィナスのシルク
ヴィナス・ドライバー B
ヴィナーヤカ EX
ヴィランズ・スウィート・バー
ヴィヴ・ラ・フランス
ヴィ・ヴィクテス
ヴェルグ・アヴェスター
ヴェールマールシュ・エルジェーベト
ヴォイドレコード・ムーンアンカー
ヴォルフガング・アマデウス・モーツァルト
ヴォークルール
ヴラドサンセイ
ヴラド三世
ヴラド三世〔EXTRA〕
ヴラド三世の凱旋
ヴラド三世撃退戦 幼竜級
ヴラド三世撃退戦 成竜級
ヴラド三世撃退戦 邪竜級
ヴリトラ
ヴリトラハン EX
ヴリトラ・トリシラス
ヴルカーノ・カリゴランテ
一つの結び目
一つ前の幕間の物語をクリア
一つ前の幕間の物語をクリア
＆Lostbelt No.3 プロローグをクリアで開放
一つ前の幕間の物語をクリア
＆死想顕現界域 トラオムをクリアで開放
一つ前の幕間の物語をクリア
＆第四特異点クリアで開放
一つ前の幕間の物語をクリアで開放
一つ前の幕間の物語をクリア＆Lostbelt No.3 プロローグをクリアで開放
一つ前の幕間の物語をクリア＆Lostbelt No.6をクリアで開放
一つ前の幕間の物語をクリア＆亜種特異点Ⅰをクリアで開放
一つ前の幕間の物語をクリア＆亜種特異点Ⅱをクリアで開放
一つ前の幕間の物語をクリア＆亜種特異点Ⅲをクリアで開放
一つ前の幕間の物語をクリア＆地獄界曼荼羅 平安京をクリアで開放
一つ前の幕間の物語をクリア＆死想顕現界域 トラオムをクリアで開放
一つ前の幕間の物語をクリア＆特異点Fをクリアで開放
一つ前の幕間の物語をクリア＆第一特異点をクリアで開放
一つ前の幕間の物語をクリア＆第三特異点をクリアで開放
一つ前の幕間の物語をクリア＆第二特異点をクリアで開放
一つ前の幕間の物語をクリア＆第二特異点クリアで開放
一つ前の幕間の物語をクリア＆第五特異点をクリアで開放
一つ前の幕間の物語をクリア＆第五特異点クリアで開放
一つ前の幕間の物語をクリア＆第六特異点をクリアで開放
一つ前の幕間の物語をクリア＆第四特異点をクリアで開放
一つ前の幕間の物語をクリア＆第四特異点クリアで開放
一つ前の幕間の物語をクリア＆第２部プロローグ「序」をクリアで開放
一つ前の幕間の物語をクリア＆終局特異点をクリアで開放
一つ前の幕間の物語をクリア＆終局特異点クリアで開放
一つ前の幕間の物語をクリア＆非霊長生存圏をクリアで開放
一の太刀
一より生まれし百王子
一ヶ月後のあなたたちへ
一乗の法 B
一人の探偵と、一人の黒幕との因縁。
それを飲み込んだ瀑布の名を冠す棺。
一件落着！
一件落着！（おまけ2）
一件落着！（おまけ）
一休み
一口チョコマウンテン
一夏のアルバム
一夏の城
一夏の蜃気楼セット
一夜の夢
一夜羽織 B
一夜要塞
一寸姫
一息つけそうだ……
一意専心 C
一意専心（愛） A
一撃、船を斬る
一斉突撃
一方その頃 A
一時撤退
一服の茶
一期一会
一条戻橋の腕斬 EX
一条邸
一盃の酒とお塩チョコ
一筆の春夢
一粒のあめ玉
一粒のあめ玉、インスタント麺、コノートコインのドロップ獲得数アップ
一粒のあめ玉のドロップ獲得数アップ
一緒に、ひなたぼっこ
一線を越えた部屋
一線を越える廊下
一色
一衣帯水
一見さんお断りの座敷
一輪の花 B
一陽来復
一階 楽勝な予感がする
一階　一号室
一階　一号室・退去後
一階　三号室
一階　二号室
一階　四号室
一難去って
丁か半かのるかそるか
七つのヴェールの踊り
七つのヴェールの踊り A
七つの丘 A
七つの丘 EX
七つの冠 C
七つの洞窟
七つの獣冠 C
七人のラスボス
七十一階 シャンシャンとベルの音がする
七十七階 馬のいななきが聞こえる
七十三階 磯の匂いがする
七十九階 お酒の匂いがする
七十二階 ぐだぐだな予感がする
七十五階 難題の予感がする
七十八階 Quickが効かない予感がする
七十六階 ぐだぐだな予感がする
七十四階 蹄の音が聞こえる
七十階 登頂者の気配がする
七十階 鬼の気配がする
七十階の登頂者
七十階の鬼
七原しえ
七尾城
七条二坊
七条四坊
七段　近うて遠きもの
七段クリアかつ2月17日18時00分以降に開放
七段クリアで開放
七罪の刻印 B
七罪付与（怠惰） A
七階 羽ばたく音が聞こえる
七階　一号室
七階　三号室
七階　二号室
七階　四号室
七頭の戦鎚シタ
万古不易の迷宮
万感の想いは楔のように
万死の毒針
万死の毒針、魔術髄液、竜の牙の中から一つと交換ができます。
万死蒐集 A
万物の轍 EX
万物の霊長（前編）
万物の霊長（後編）
万能の人
万能の智、根底の知
万能包帯
万能岩
万能岩のドロップ獲得数を1個増やす【『水怪クライシス 無垢なる者たちの浮島』イベント期間限定】
万能岩のドロップ獲得数アップ
万能布ハッサン
万雷の喝采
丈夫な丸太
三つの結び目
三つの謎かけ
三つ星の狩人
三つ首の犬
三世界放浪 EX
三井の晩鐘
三井の晩鐘 EX
三匹のジンのレポート
三十一階 つけもの石には困らなそう
三十七階 かん高い叫び声が聞こえる
三十三階 ぬるぬるな予感がする
三十九階 底知れぬ魔力を感じる
三十二階 油の匂いがする
三十五階 獣の咆哮が轟いている
三十八階 ブーンと羽音が聞こえる
三十六階 歯車の回る音が聞こえる
三十四階 美しい歌声が聞こえる
三十羽の鳥 A
三十階 登頂者の気配がする
三十階 鬼の気配がする
三十階の登頂者
三十階の鬼
三千世界
三千信長世界 デ・アルカ
三千寵愛在一身 A
三千寵愛在一身 A+
三叉の野原
三咲の学び舎
三咲高校
学生服
三咲高校学生服
三大ロックオンチョコ〔紅〕
三大ロックオンチョコ〔翠〕
三大ロックオンチョコ〔藍〕
三度、落陽を迎えても A
三度、落陽を迎えても EX
三日月の海域
三星の弓人 A+
三昧真火
三条三坊
三段　なまめかしきもの
三段クリアかつ2月13日18時00分以降に開放
三段クリアで開放
三界分立
三番目のチョコレート
三番目のプレゼント
三百の奮闘 A+
三色兼備
三蔵の教え A
三途茶屋 上級
三途茶屋 中級
三途茶屋 初級
三重治療
三重結界
三階 涼しそうな気配がする
三階　一号室
三階　三号室
三階　二号室
三階　四号室
三頭の獅子、三つ影の娘達
上杉謙信
上流域
上野
下町商店街
不列顛役者の大立ち回り
不動たる信仰の末
不動の忍耐 C
不可逆廃棄孔 イド
不可逆廃棄孔：
イド ～Dusk～
不可逆廃棄孔：
イド ～Noir～
不吉な空
不和呼びし黄金の林檎 EX
不器用な歓び
不在の怪物、荒廃の大迷宮
不夜のカリスマ B
不夜の薔薇
不夜城
不夜城のアサシン
不夜城のキャスター
不完全・鮮血惑星
不実の座敷
不屈の弓射 B
不屈の意志 A
不屈の意志 C
不屈の配達者 B+
不帯剣の誓い
不思議の国から
不撓不屈
不撓不屈 A
不撓不屈 B+
不撓燃えたつ勝利の剣
不断 B
不断 B+
不明
不明の杯
不機嫌サマー・オベロン
不死ならざる者
不死の一万騎兵
不死殺しの刃
不死鳥は大地に
不毀の極槍
不毀の極聖
不毛なる憤怒 B+
不気味な廊下
不気味な湯煙
不気味な薬草
不気味な薬草のドロップ獲得数アップ
不気味な触手 Rank A
不気味な触手 Rank B
不気味な触手 Rank C
不気味な触手 Rank D
不気味な触手 Rank EX
不浄な森
不滅なるものへ
不滅なる刃
不滅の混沌旅団
不滅の誠
不知火の間
不老不死の仙丹
不貞隠しの兜 EX
不還匕首
与HP回復量をアップ
与HP回復量アップ
与えるダメージをアップ
与えるダメージを増やす
丑御前
丑御前の御本地、異説
丑御前討伐戦 上級
丑御前討伐戦 上級 【討伐済】
丑御前討伐戦 中級
丑御前討伐戦 中級 【討伐済】
丑御前討伐戦 初級
丑御前討伐戦 初級 【討伐済】
丑御前討伐戦 超級
丑御前討伐戦 超級 【討伐済】
丑御前討伐戦 鬼級
丑御前討伐戦 鬼級 【討伐済】
世界の救済について話をしよう
世界を内包せしもの
世界を巡る吸血ツアー！？
世界を救える証明を
世界を砕く勝利の舞踏
世界名作童話 おおきな瓢箪酒
世界名作童話 おかしなりんご屋さん
世界名作童話 おどろいた王様
世界名作童話 ほら穴の怪物
世界名作童話 九つの得物
世界名作童話 仮面の騎士
世界名作童話 勇士のお詫び
世界名作童話 女神と野獣
世界名作童話 待ち人来たらず
世界名作童話 森の守り人
世界名作童話 燕は偲ぶ
世界名作童話 蛇の足
世界名作童話 運のない婦人
世界名作童話 鬼の大あくび
世界旅行！ キャンプ地の怨霊！
世界旅行！ ハロウィンの騒動！
世界旅行！ 勝負の後の一時！
世界旅行！ 城への侵入者！
世界旅行！ 泡沫の夢のあと！
世界旅行！ 灼熱の常夏ビーチ！
世界旅行！ 砂塵舞う砂漠にて！
世界最古の海賊船
世界樹の種
世界樹への生贄
世紀末トラップ
世紀末女神伝
シャドウアイランド
両儀式
両儀式(アサシン)装備時のみ、自身がフィールドにいる間、味方全体の即死付与成功率を30%アップ
両雄、荒野の果てに
中つ森
中国拳法 EX
中国武術（八極拳） A+++
中国武術（六合大槍） A+++
中央の城 城内
中央の城 城門
中央の森
中央教会
中川のわたり
中庭
中心街
中立地帯
中部平原
串刺し公の凱旋
串刺し公の密かな愉しみ
串刺し公の玉座
串刺の雷刃
串刺城塞
主人公補正
主従
主砲支援をオーバーブーストする
主神の寵愛 A+
主神の星 A
主神の白牡牛 C
主神の白牡牛 C+
主神の神核 B+
久遠の微笑
久遠の鏡
久遠寺有珠
乗り物を造り直す
乗着 EX
乙女たちの午餐会
乙女の英雄
乙女を攫う西風 B
乙姫清姫
九偉人の鎧 A
九十一階 ヒロインの気配がする
九十七階 Quickが効かない予感がする
九十三階 酷く強い呪いが立ち込めている
九十九鏡
九十九階 Artsが効かない予感がする
九十九髪茄子
九十二階 羽ばたく音が聞こえる
九十五階 つけもの石には困らなそう
九十八階 Busterが効かない予感がする
九十六階 底知れぬ魔力を感じる
九十四階 魂を吸い取られそうな気配がする
九十階 登頂者の気配がする
九十階 鬼の気配がする
九十階の登頂者
九十階の鬼
九大青竜姫・流星天！
九尾の狐
九節棍史進君
九紋竜エリザ
九賓の礼
九階 すごく涼しそうな気配がする
九頭竜の雷火 A
九首牛魔羅王
乱世の梟雄 A
乱世上々
乱戦の心得 B
乱戦の心得 B++
乳白色の湖
乾いた拳
乾坤圏
亀吉れんあ
亀鉱山
了
予備リアクター
予告状送付
予測回避
予選 アリーナ級 カーネギーホール
予選 ガーデン級 カイザーファイト
予選 クラブ級 ざんにん！ エンパイア
予選 ジム級 NY守り隊
予選 ストリート級 NYケルトブラザーズ
予選 上級 ぐだぐだ☆新選組
予選 上級 エーゲ海のゆうべ
予選 中級 オリンピア医療班
予選 中級 砂のロマンス
予選 初級 エンジョイネロ祭り
予選 初級 黒髭危機一髪
予選 勇者級 ジーニアススリー
予選 勇者級 大江山ダウンヒル
予選 王者級 未知と解析
予選 王者級 魔城ダンテス
予選 覇者級 大和の荒魂
予選 超級 キッチンカルデア2017
予選 超級 スコットランドヤード
争いの平原
二つの結び目
二つ玉にて撃ちて候
二万里を征く鸚鵡貝
二代目の凱旋
二代目はオルタちゃん ～2016クリスマス～
二十一階 死臭が漂っている
二十七階 かん高い叫び声が聞こえる
二十三階 磯の匂いがする
二十九階 焼け焦げた匂いがする
二十二階 パラパラめくる音が聞こえる
二十五階 魂を吸い取られそうな気配がする
二十八階 涼しそうな気配がする
二十六階 薬きょうの落ちる音が響いている
二十四階 忠誠の誓いが聞こえる
二十階 登頂者の気配がする
二十階 鬼の気配がする
二十階の登頂者
二十階の鬼
二天一流の女
二天道楽の刀
二段　あさましきもの
二神三脚
二股の廊下
二重に見える廊下
二重召喚 B
二重存在者 A+
二重扉
二階 コツコツと音が聞こえる
二階　一号室
二階　三号室
二階　二号室
二階　四号室
二階笠
五つの宝を入手で開放
五つの石
五つの結び目
五停心観 A
五停心観 A+
五十一階 つけもの石には困らなそう
五十七階 蹄の音が聞こえる
五十三階 忍の者の気配がする
五十九階 難題の予感がする
五十二階 無線連絡をする声が聞こえる
五十五階 羽ばたく音が聞こえる
五十八階 見つめられている気がする
五十六階 コツコツと音が聞こえる
五十四階 かん高い叫び声が聞こえる
五十階 登頂者の気配がする
五十階 鬼の気配がする
五十階の登頂者
五十階の鬼
五大元素使い
五宝月団子
五月の風
五月連休温泉　隈乃
五月飾りの座敷
五条の橋
五条大橋の邂逅
五段　たゆまるるもの
五段クリアかつ2月15日18時00分以降に開放
五段クリアで開放
五百年の妄執
五百羅漢補陀落渡海
五穀礼賛 B
五穀豊穣の座敷
五色の鬼
五色神牛 EX
五行山・釈迦如来掌
五輪の刃 A
五階 馬のいななきが聞こえる
五階　一号室
五階　三号室
五階　二号室
五階　四号室
亜種並行世界
亜種並行世界
屍山血河舞台 下総国
亜種特異点
亜種特異点EXコミック発売記念クエスト
亜種特異点Ⅰ
亜種特異点Ⅰ
悪性隔絶魔境 新宿
亜種特異点Ⅰ メモリアルクエスト
亜種特異点Ⅰをクリアで開放
亜種特異点Ⅰをクリア＆Lostbelt No.3 プロローグをクリアで開放
亜種特異点Ⅰをクリア＆Lostbelt No.3 プロローグクリアで開放
亜種特異点Ⅰをクリア＆霊基再臨2段階目＆絆Lv.3で開放
亜種特異点Ⅰをクリア＆霊基再臨2段階目＆絆Lv.4で開放
亜種特異点Ⅰをクリア＆霊基再臨3段階目＆絆Lv.5で開放
亜種特異点Ⅰをクリア＆霊基再臨4段階目＆絆Lv.5で開放
亜種特異点Ⅰクリアで開放
亜種特異点Ⅰコミック発売記念クエスト
亜種特異点Ⅰ＆2016メモリアルクエスト（終局特異点）をクリアで開放
亜種特異点Ⅱ
亜種特異点Ⅱ
伝承地底世界 アガルタ
亜種特異点Ⅱ メモリアルクエスト
亜種特異点Ⅱをクリアで開放
亜種特異点Ⅱをクリア＆霊基再臨2段階目＆絆Lv.3で開放
亜種特異点Ⅱをクリア＆霊基再臨3段階目＆絆Lv.3で開放
亜種特異点Ⅱをクリア＆霊基再臨3段階目＆絆Lv.4で開放
亜種特異点Ⅱをクリア＆霊基再臨3段階目＆絆Lv.5で開放
亜種特異点Ⅱクリアで開放
亜種特異点Ⅱコミック発売記念クエスト
亜種特異点Ⅱ第11節をクリアで開放
亜種特異点Ⅱ第11節をクリア＆霊基再臨2段階目＆絆Lv.3で開放
亜種特異点Ⅲ メモリアルクエスト
亜種特異点Ⅲをクリアで開放
亜種特異点Ⅲをクリアで開放＆Lostbelt No.3 プロローグをクリアで開放
亜種特異点Ⅲをクリア＆Lostbelt No.3 プロローグをクリアで開放
亜種特異点Ⅲをクリア＆霊基再臨2段階目で開放
亜種特異点Ⅲをクリア＆霊基再臨2段階目＆絆Lv.3で開放
亜種特異点Ⅲをクリア＆霊基再臨3段階目＆絆Lv.5で開放
亜種特異点Ⅲをクリア＆霊基再臨4段階目＆絆Lv.5で開放
亜種特異点Ⅲクリアで開放
亜種特異点Ⅲコミック発売記念クエスト
亜種特異点Ⅲ＆2016メモリアルクエスト（終局特異点）をクリアで開放
亜種特異点Ⅳ
亜種特異点Ⅳ
禁忌降臨庭園 セイレム
亜種特異点Ⅳ メモリアルクエスト
亜種特異点Ⅳまでのメモリアルクエストを全てクリアで開放
亜種特異点Ⅳをクリアで開放
亜種特異点Ⅳをクリア＆霊基再臨1段階目＆絆Lv.5で開放
亜種特異点Ⅳをクリア＆霊基再臨3段階目＆絆Lv.5で開放
亜種特異点Ⅳクリアで開放
亜種特異点Ⅳコミック発売記念クエスト
亡き王女のためのパヴァーヌ
亡国のメダル
亡国のメダルのドロップ獲得数を1個増やす【『螺旋証明世界 リリムハーロット』イベント期間限定】
亡国のメダルのドロップ獲得数アップ
亡者の群がる河
交流式ライトニングクッキー
京の町
京乱怒濤
京極
人に愛を A
人に愛を EX
人よ、神を繋ぎとめよう
人体図（偽）
人体理解 A
人体研究 B
人外跋扈怪界
人工英雄（偽） B+
人形師の休息
人形神楽 A
人悪のカリスマ B-
人斬り A
人斬り彦斎 A
人狼の館
人王の灰 EX
人理の在処
人理の徒
人理の紋章
人理の防人 C
人理の防人 EX
人理保障の長
人理保障天球：
オルガ・カルデアス
人理査定（攻） B
人理査定（防） B
人理終着点
人理継続保障機関・カルデアのマスターに支給される魔術礼装
人理継続保障機関・カルデアの技術部が
激化する戦闘に耐えられるように作りだした魔術礼装
人理詐称天球：
マリス・カルデアス
人生の征服者
人知れぬ辺境
人肌の廊下
人肌の部屋
人跡未踏の島
人造くのいち
人造四肢（絡繰） A++
人間への道程
人間無骨
人間牧場
人間観察
人間観察 A
人間観察 A++
人間魔力工場 A
人類最古の城塞都市
人類未踏の旅へ
人類神話・雷電降臨
人類裁決法廷
人類裁決法廷：
トリニティ・メタトロニオス Ⅰ
人類裁決法廷：
トリニティ・メタトロニオス Ⅱ
人魂ぐらす
人魂ぐらすのドロップ獲得数を1個増やす【『カルデア南海大決戦！』イベント期間限定】
人魂ぐらすのドロップ獲得数を2個増やす[最大解放]【『カルデア南海大決戦！』イベント期間限定】
人魂ぐらすのドロップ獲得数アップ
人魚の滋養
人魚の肉 EX
人魚姫の愛 EX
仁王立ち B
仁義なき！ アナログＶＳデジタル戦争
仁義八行 A
仁義八行水饅頭
仄暗い砂の底から
仄暗い聖堂
仄黒き妄執の令印
今から間に合う家事セット
今だけは、ただ友として
今は甘き辺獄の美味
今は知らず、無垢なる湖光
今は脆き雪花の壁
今も、追い続けるもの
今回の結果やいかに？
今魔川大将
今魔川大将合戦 侍大将級
今魔川大将合戦 副大将級
今魔川大将合戦 組頭級
今魔川大将合戦 総大将級
今魔川大将合戦 足軽大将級
今魔川大将突破戦
今魔川焼
今魔川焼のドロップ獲得数を1個増やす【『ぐだぐだ超五稜郭』イベント期間限定】
今魔川焼のドロップ獲得数を2個増やす[最大解放]【『ぐだぐだ超五稜郭』イベント期間限定】
今魔川焼のドロップ獲得数アップ
仏像（たくさん）
仕切り直し A
仕切り直し B
仕切り直し C
仕切り直し（再装填） C+
仕掛けるときは潔く。
狙いを定め打ち砕く。
他のフォーリナーを全て倒すことで開放
付与しない
付与する
仙桃
仙界羽人 A
仙界羽人 A+
代々木ニ丁目
代々森公園
代償魔術
代行者 B
代行者（弓） A
令嬢応酬 B
仮想宝具 疑似展開／人理の礎
仮装パレード
仮説推論 A+
仮面舞踏会のパッチワーク
仰天不愧
仲良しの魔女
仲良し煉獄チョコ
企業訪問 『えれふぁんと工芸』
企業訪問 『ひみつ会社アサシン』
企業訪問 『アルゴノーツ・トイ OMIYA支店』
企業訪問 『アルゴノーツ・トイ URAWA本店』
企業訪問 『アロンダイト鉄工』
企業訪問 『トモエごはん』
企業訪問 『パイレーツ急便』
企業訪問 『ヘアサロン・ブラックバート』
企業訪問 『大江山酒造』
企業訪問 『欧風居酒屋ツェペシュ』
伊吹山の御子
伊吹御霊・八脈怒濤
伊吹童子
伊吹童子霊衣獲得クエスト
伊達男を追跡せよ
伊那IC
伐採と採掘と建築と
休むことなきガラスの靴
休日の過ごし方
休日！ そしてまた月曜日が来る
会稽零式設計図
伝令神の加護 B
伝承保菌者 EX
伝承地底世界：
アガルタ
伝承結晶
伝承防御 B
伝説と事実
伝説の樹
伝説の狩人
伝説再来魔城チェイテ
伯爵
似て非なるもの
似合う帽子
位相滑剣 B+
位高き乙女の愛 EX
位高き乙女の矜持 EX
住めば都のグラナート
住宅街
住居
佐々木小次郎
佐久
佐渡金山
体が火照る廊下
体が火照る部屋
何もかも消えてなくなって
何度も服を着替えて恥ずかしくはありません
何度目かの最後の夜
何者かの宝剣
余談「ぐだぐだ茶の湯譚」
余談「謎の蘭丸X」
作品名：チョコによる自刻像ver.2
使い魔（鳩） D
使用不能
例えばの話でしかないけれど
例の紋章チョコ
侍従池領
侘びの極み A-
依瓮水に影ぞ差す EX
価値無き宝
侵奪怺えぬ拒絶の王国
保護対象
保護対象外
信ずるは我が神のみ
信仰の加護 A
信仰の加護 A+++
信仰の加護 EX
信仰の加護（独） A+
信仰の祈り C
信州峠
信心深き町
信念のゼリー
信念のゼリーのドロップ獲得数アップ
信長タクティクス B
修理部内区画
修理部本部
修理部郊外
修練着（現代Ver.）
修羅場クライマックス
修羅肉輪
修行の旅 上級
修行の旅 中級
修行の旅 初級
修行の旅 天竺級
修行の旅 火焔山級
修行の旅 超級
修行の旅路
修行惑星ケルトント
修補すべき全ての疵
修道騎士の盾
俵藤太
俵藤太(アーチャー)装備時のみ、自身がフィールドにいる間、味方全体のHPを毎ターン500回復
俺様生徒会
倒し得ぬもの
倒せ！ かかれ柴田の弱点！
借転輪自在趺坐 A
倣薬・不要なる冥府の悲歎
値するもの
偉大なるわし様が選んだ最高の帯
健康の大切さを知る処方箋　１
健康の大切さを知る処方箋　２
健気なコン
偶の一興
偽りの十字軍本陣
偽りの誓約
偽り写し記す万象
偽・軍神五兵
偽神転生 B
偽臣の書
偽装工作 B
偽装工作 EX
傀儡の根城
傍若無人 A
傲慢の都
傲慢覆す怒り
傷ついた廊下
傷んだ廊下
傾国の寵姫 A
働き者の小人たち
働くウルク民
僥倖の拘引網
僭称のアウグスタ B
儒は坑すべし A
儚き夏よ、青春のきらめきに還れ
儚き姉妹 A
儚く恋に溶ける EX
優しい願い
優雅たれ
優雅たれ Rank A
優雅たれ Rank B
優雅たれ Rank C
優雅たれ Rank D
優雅たれ Rank D クリアで開放
優雅たれ Rank EX
優雅なる天、寛大なる地
優雅に歌え、かの聖誕を
優雅典雅な怪盗帽
優駿
元旦夢の枕
元気なコン
元気なコン、陽気なコン、健気なコンのドロップ獲得数アップ
元気なコン、陽気なコン、健気なコンのドロップ獲得数アップ＆攻撃の威力アップ
元素使いの魔剣
先の先 B+
先制
先触れの凶鳥 A
光さす運命の槍
光のコヤンスカヤ
光のコヤンスカヤ体験クエスト
光のヒミチョコ
光の園の思い出
光の奔流 A+
光の祭典
光の託宣 A
光ノブ
光帯の玉座
光殻湛えし虚樹
光糸導く迷宮
光輝の城塞都市
光輝の大複合神殿
光輝の神殿
光輝の羅針盤
光銀の冠
光銀の冠、ゴーストランタン、宵哭きの鉄杭の中から一つと交換ができます。
光銀の冠、八連双晶、オーロラ鋼の中から一つと交換ができます。
光銀の冠、隕蹄鉄、赦免の小鐘の中から一つと交換ができます。
克己宝具
克螺旋境界式
オガワハイム
免許皆伝
兎の間
兎人間の呪い
兜輝くヘクトール
入り口
入れ替えない
入れ替える
入道雲の上
全てのおまけクエストクリアで開放
全てのとどめ戦クリアで開放
全てのオーバーブースト改修をリセットする
全ての寄せ書きクエストクリアで開放
全ての建造物を解体する
全ての建造物を除去する
全ての盈月攻城戦をクリア＆1月24日18時に開放
全ての製作クエストをやり直す （水上村を除く）
全ての道はローマに通ず
全ての霊地争奪戦＆「異傳 一筋の閃光」クリアで開放
全て咲き誇る精彩の花園
全のコインチョコ
全クエストをクリア済みです
全体の攻撃の威力アップ＆アルトリウムの獲得数アップ
全体効果により得られる絆アップ
全体回復
全体強化
全特異点・踏破完了
全知なる粘土板
全能の智慧 A
全面戦争・復権界域（前編）
全面戦争・復権界域（後編）
全額勝負
八つ橋チョコ
八十一階 シャンシャンとベルの音がする
八十七階 蹄の音が聞こえる
八十三階 つけもの石には困らなそう
八十九階 難題の予感がする
八十二階 罠が仕掛けられている気がする
八十五階 獣の咆哮が轟いている
八十八階 Busterが効かない予感がする
八十六階 ぐだぐだな予感がする
八十四階 魂を吸い取られそうな気配がする
八十階 登頂者の気配がする
八十階 鬼の気配がする
八十階の登頂者
八十階の鬼
八叉の血脈
八咫烏の目 B
八大蛇王
八幡祈願・大妖射貫
八段　遠くて近きもの
八段クリアかつ2月18日18時00分以降に開放
八段クリアで開放
八百土の晶洞
八脈怒濤 B
八葉の鏡
八連双晶
八連双晶、凶骨、世界樹の種の中から一つと交換ができます。
八連双晶、宵哭きの鉄杭、万死の毒針の中から一つと交換ができます。
八門洞
八階 獣臭い匂いがする
八階　一号室
八階　三号室
八階　二号室
八階　四号室
公会堂
六つの結び目
六十一階 かん高い叫び声が聞こえる
六十七階 パラパラめくる音が聞こえる
六十三階 忍の者の気配がする
六十九階 焼け焦げた匂いがする
六十二階 にゅるにゅるな予感がする
六十五階 つけもの石には困らなそう
六十八階 Artsが効かない予感がする
六十六階 シャンシャンとベルの音がする
六十四階 コツコツと音が聞こえる
六十階 登頂者の気配がする
六十階 鬼の気配がする
六十階の登頂者
六十階の鬼
六厩金山
六合大槍
六条大路
六段　恐ろしげなるもの
六段クリアかつ2月16日18時00分以降に開放
六段クリアで開放
六道五輪・倶利伽羅天象
六道輪廻 人間道
六道輪廻 人間道、修羅道、畜生道、餓鬼道、地獄道 クリアで開放
六道輪廻 修羅道
六道輪廻 地獄道
六道輪廻 天道
六道輪廻 畜生道
六道輪廻 餓鬼道
六郷大橋
六階 不気味な呪文が聞こえる
六階　一号室
六階　三号室
六階　二号室
六階　四号室
六韜三略・魔王尊大羽扇
六韜兵法 EX
六韜秘術・迅雷風烈 A
共に明日を
共同製作中！
兵どもが夢の跡
兵装舎、停止
兵装舎ハルファス 制圧戦
兵装舎ハルファス 最終戦
其は、女神を穿つ狩人（上）
其は、女神を穿つ狩人（下）
其処には、万能の手でも届かない
其処は、見知った街に似て
内室
円卓の砦
円卓戦線I こんにちは、羊のお兄さんだよ
円卓戦線II 太陽を分断しようか
円卓戦線III 仲良しこそパワー
円卓戦線IV 人生はあみだくじのようなものさ
円卓戦線V おおっと。籠城、籠城
円卓戦線VI そう！　これが騎士道だ！
円卓戦線VII 私が何をしたというんだい？
円舞絶奏 B
再び神の詩を求めよ
再会の宇宙へ
再創世の試練
再復刻クリスマス2017_カルデアゲート表示用
再来！ 技喰丸討伐戦 【とどめ戦】
再来！ 技喰丸討伐戦 上級
再来！ 技喰丸討伐戦 上級 【討伐済】
再来！ 技喰丸討伐戦 中級
再来！ 技喰丸討伐戦 中級 【討伐済】
再来！ 技喰丸討伐戦 初級
再来！ 技喰丸討伐戦 初級 【討伐済】
再来！ 技喰丸討伐戦 超級
再来！ 技喰丸討伐戦 超級 【討伐済】
再来！ 技喰丸討伐戦 鬼級
再来！ 技喰丸討伐戦 鬼級 【討伐済】
再来！ 轟力丸討伐戦 【とどめ戦】
再来！ 轟力丸討伐戦 上級
再来！ 轟力丸討伐戦 上級 【討伐済】
再来！ 轟力丸討伐戦 中級
再来！ 轟力丸討伐戦 中級 【討伐済】
再来！ 轟力丸討伐戦 初級
再来！ 轟力丸討伐戦 初級 【討伐済】
再来！ 轟力丸討伐戦 超級
再来！ 轟力丸討伐戦 超級 【討伐済】
再来！ 轟力丸討伐戦 鬼級
再来！ 轟力丸討伐戦 鬼級 【討伐済】
再来！ 風越丸討伐戦 【とどめ戦】
再来！ 風越丸討伐戦 上級
再来！ 風越丸討伐戦 上級 【討伐済】
再来！ 風越丸討伐戦 中級
再来！ 風越丸討伐戦 中級 【討伐済】
再来！ 風越丸討伐戦 初級
再来！ 風越丸討伐戦 初級 【討伐済】
再来！ 風越丸討伐戦 超級
再来！ 風越丸討伐戦 超級 【討伐済】
再来！ 風越丸討伐戦 鬼級
再来！ 風越丸討伐戦 鬼級 【討伐済】
再縁の夢 EX
再臨の真実
冒涜審美 C+++
冒険の象徴
冒険を知る者だけの眺め
冗化 D
冠位人形師
冠位戴冠戦
冠位戴冠戦
アサシン
冠位戴冠戦
アーチャー
冠位戴冠戦
エクストラ
冠位戴冠戦
エクストラⅠ
冠位戴冠戦
エクストラⅡ
冠位戴冠戦
キャスター
冠位戴冠戦
セイバー
冠位戴冠戦
バーサーカー
冠位戴冠戦
ライダー
冠位戴冠戦
ランサー
冠位時間神殿：
ソロモン
冠位研鑽戦〔アサシン〕 Ⅰ
冠位研鑽戦〔アサシン〕 Ⅱ
冠位研鑽戦〔アサシン〕 Ⅲ
冠位研鑽戦〔アサシン〕 Ⅳ
冠位研鑽戦〔アサシン〕 Ⅴ
冠位研鑽戦〔アサシン〕 Ⅵ
冠位研鑽戦〔アサシン〕 Ⅶ
冠位研鑽戦〔アーチャー〕 Ⅰ
冠位研鑽戦〔アーチャー〕 Ⅱ
冠位研鑽戦〔アーチャー〕 Ⅲ
冠位研鑽戦〔アーチャー〕 Ⅳ
冠位研鑽戦〔アーチャー〕 Ⅴ
冠位研鑽戦〔アーチャー〕 Ⅵ
冠位研鑽戦〔アーチャー〕 Ⅶ
冠位研鑽戦〔エクストラⅠ〕 地Ⅰ
冠位研鑽戦〔エクストラⅠ〕 地Ⅱ
冠位研鑽戦〔エクストラⅠ〕 地Ⅲ
冠位研鑽戦〔エクストラⅠ〕 地Ⅳ
冠位研鑽戦〔エクストラⅠ〕 地Ⅴ
冠位研鑽戦〔エクストラⅠ〕 地Ⅵ
冠位研鑽戦〔エクストラⅠ〕 地Ⅶ
冠位研鑽戦〔エクストラⅠ〕 火Ⅰ
冠位研鑽戦〔エクストラⅠ〕 火Ⅱ
冠位研鑽戦〔エクストラⅠ〕 火Ⅲ
冠位研鑽戦〔エクストラⅠ〕 火Ⅳ
冠位研鑽戦〔エクストラⅠ〕 火Ⅴ
冠位研鑽戦〔エクストラⅠ〕 火Ⅵ
冠位研鑽戦〔エクストラⅠ〕 火Ⅶ
冠位研鑽戦〔エクストラⅡ〕 水Ⅰ
冠位研鑽戦〔エクストラⅡ〕 水Ⅱ
冠位研鑽戦〔エクストラⅡ〕 水Ⅲ
冠位研鑽戦〔エクストラⅡ〕 水Ⅳ
冠位研鑽戦〔エクストラⅡ〕 水Ⅴ
冠位研鑽戦〔エクストラⅡ〕 水Ⅵ
冠位研鑽戦〔エクストラⅡ〕 水Ⅶ
冠位研鑽戦〔エクストラⅡ〕 風Ⅰ
冠位研鑽戦〔エクストラⅡ〕 風Ⅱ
冠位研鑽戦〔エクストラⅡ〕 風Ⅲ
冠位研鑽戦〔エクストラⅡ〕 風Ⅳ
冠位研鑽戦〔エクストラⅡ〕 風Ⅴ
冠位研鑽戦〔エクストラⅡ〕 風Ⅵ
冠位研鑽戦〔エクストラⅡ〕 風Ⅶ
冠位研鑽戦〔キャスター〕 Ⅰ
冠位研鑽戦〔キャスター〕 Ⅱ
冠位研鑽戦〔キャスター〕 Ⅲ
冠位研鑽戦〔キャスター〕 Ⅳ
冠位研鑽戦〔キャスター〕 Ⅴ
冠位研鑽戦〔キャスター〕 Ⅵ
冠位研鑽戦〔キャスター〕 Ⅶ
冠位研鑽戦〔セイバー〕 Ⅰ
冠位研鑽戦〔セイバー〕 Ⅱ
冠位研鑽戦〔セイバー〕 Ⅲ
冠位研鑽戦〔セイバー〕 Ⅳ
冠位研鑽戦〔セイバー〕 Ⅴ
冠位研鑽戦〔セイバー〕 Ⅵ
冠位研鑽戦〔セイバー〕 Ⅶ
冠位研鑽戦〔バーサーカー〕 Ⅰ
冠位研鑽戦〔バーサーカー〕 Ⅱ
冠位研鑽戦〔バーサーカー〕 Ⅲ
冠位研鑽戦〔バーサーカー〕 Ⅳ
冠位研鑽戦〔バーサーカー〕 Ⅴ
冠位研鑽戦〔バーサーカー〕 Ⅵ
冠位研鑽戦〔バーサーカー〕 Ⅶ
冠位研鑽戦〔ライダー〕 Ⅰ
冠位研鑽戦〔ライダー〕 Ⅱ
冠位研鑽戦〔ライダー〕 Ⅲ
冠位研鑽戦〔ライダー〕 Ⅳ
冠位研鑽戦〔ライダー〕 Ⅴ
冠位研鑽戦〔ライダー〕 Ⅵ
冠位研鑽戦〔ライダー〕 Ⅶ
冠位研鑽戦〔ランサー〕 Ⅰ
冠位研鑽戦〔ランサー〕 Ⅱ
冠位研鑽戦〔ランサー〕 Ⅲ
冠位研鑽戦〔ランサー〕 Ⅳ
冠位研鑽戦〔ランサー〕 Ⅴ
冠位研鑽戦〔ランサー〕 Ⅵ
冠位研鑽戦〔ランサー〕 Ⅶ
冠位解放戦〔アサシン〕
冠位解放戦〔アーチャー〕
冠位解放戦〔エクストラ〕
冠位解放戦〔キャスター〕
冠位解放戦〔セイバー〕
冠位解放戦〔バーサーカー〕
冠位解放戦〔ライダー〕
冠位解放戦〔ランサー〕
冠位認定戦〔アサシン〕
冠位認定戦〔アーチャー〕
冠位認定戦〔エクストラⅠ〕
冠位認定戦〔エクストラⅡ〕
冠位認定戦〔キャスター〕
冠位認定戦〔セイバー〕
冠位認定戦〔バーサーカー〕
冠位認定戦〔ライダー〕
冠位認定戦〔ランサー〕
冥きに微睡む常世の花園
冥主の槍檻
冥府の抱擁 A
冥府の神核 C
冥府神の御業 A+
冥府神の裁定 A
冥獄天秤（前編）
冥獄天秤（後編）
冥界に花の咲く
冥界のとば口
冥界のクリスマスの記憶
冥界のスイートホーム
冥界のメリークリスマス
冥界の砂
冥界の砂のドロップ獲得数アップ
冥界の花
冥界の花園
冥界の花園解除
冥界の護り
冥界の護り EX
冥界ペイルライダーズ
冥界茶会はいづこ
冥界茶会は茶に沈む
冥航の助言 A+
冥鏡宝典
冨嶽三十六景
冨嶽三十六氷
冨嶽巡り
冬のカジュアルな装い
寒さに負けず外へ繰り出そう
冬のファラオ大感謝祭
冬の女王
冬の祈り
冬の結晶
冬の聖女
冬の記憶
冬期清掃対策装備
冬木に降り立つ貴婦人
冬木大橋
冬木教会
冬臣
冷たい廊下
凄凄切切
凄烈たる道行き B+
凄絶の門
凍える吹雪 B
凍土の試練
凛のペンダント
凡俗の刃
処刑人 A++
処女航海、再び
凪の海
凱旋
凱旋のカリスマ B
凱旋を高らかに告げる虹弓
凶つ神 A
凶つ神「光ノブ」とどめ戦
凶つ神「光ノブ」撃退戦 呪念級
凶つ神「光ノブ」撃退戦 怨念級
凶つ神「光ノブ」撃退戦 邪念級
凶つ神「地ノブ」とどめ戦
凶つ神「地ノブ」撃退戦 呪念級
凶つ神「地ノブ」撃退戦 怨念級
凶つ神「地ノブ」撃退戦 邪念級
凶つ神「嵐ノブ」とどめ戦
凶つ神「嵐ノブ」撃退戦 呪念級
凶つ神「嵐ノブ」撃退戦 怨念級
凶つ神「嵐ノブ」撃退戦 邪念級
凶つ神「水ノブ」とどめ戦
凶つ神「水ノブ」撃退戦 呪念級
凶つ神「水ノブ」撃退戦 怨念級
凶つ神「水ノブ」撃退戦 邪念級
凶つ神「炎ノブ」とどめ戦
凶つ神「炎ノブ」撃退戦 呪念級
凶つ神「炎ノブ」撃退戦 怨念級
凶つ神「炎ノブ」撃退戦 邪念級
凶つ神「狂ノブ」とどめ戦
凶つ神「狂ノブ」撃退戦 呪念級
凶つ神「狂ノブ」撃退戦 怨念級
凶つ神「狂ノブ」撃退戦 邪念級
凶つ神「闇ノブ」とどめ戦
凶つ神「闇ノブ」撃退戦 呪念級
凶つ神「闇ノブ」撃退戦 怨念級
凶つ神「闇ノブ」撃退戦 邪念級
凶兆
凶兆の申し子 EX
凶化 A+
凶骨
凶骨、愚者の鎖、世界樹の種の中から一つと交換ができます。
凹型虚数怪理 イマジナリ・トレンチ
出会いの花束
出会いの風車
出会いの風車のドロップ獲得数アップ
出会い橋
出張！護法少女スペシャルヒーローショー
出演続行 A
出発進行！
出航の助言 A
出雲キセルチョコ
出雲阿国
刀八毘沙門天
刀剣審美 A
刃と風の谷
刃にてその心を断つ
刃物の町
分割思考（王） A
切り裂かれた廊下
刑事の直感 E
刑部姫
初めての、同人誌
初心者用狩りセット
初歩的なことだ、友よ
初段授与
初詣に行こう
利益衆生 A
制圧ポイント
制圧軍略 A
刹那という久遠の果て、キミと
刹那のまほろば
刹那無影剣 C+
刺し穿つバニー
刺し穿つ死棘の槍
刻の終わり
刻まれていたもの
刻むもの A
刻印されたカードに〔セイバー〕特攻効果を20%付与
刻印されたカードに〔人間〕特攻効果を10%付与
刻印されたカードに〔人間〕特攻効果を5%付与
刻印されたカードに〔人類の脅威〕特攻効果を10%付与＆〔セイバー〕特攻効果を10%付与
刻印されたカードに〔女性〕特攻効果を10%付与＆クリティカル威力を10%アップ
刻印されたカードに〔女性〕特攻効果を15%付与
刻印されたカードに〔封印〕状態特攻効果を25%付与＆NP獲得量を5%アップ
刻印されたカードに〔悪〕特攻効果を20%付与
刻印されたカードに〔死霊〕特攻効果を10%付与
刻印されたカードに〔死霊〕特攻効果を10%付与＆NP獲得量を5%アップ
刻印されたカードに〔死霊〕特攻効果を15%付与
刻印されたカードに〔死霊〕特攻効果を20%付与
刻印されたカードに〔死霊〕特攻効果を5%付与
刻印されたカードに〔死霊〕特攻効果を5%付与＆NP獲得量を3%アップ
刻印されたカードに〔毒〕特攻効果を20%付与
刻印されたカードに〔混沌〕特攻効果を15%付与＆〔悪〕特攻効果を15%付与
刻印されたカードに〔混沌〕特攻効果を20%付与＆NP獲得量を5%アップ
刻印されたカードに〔混沌〕特攻効果を25%付与
刻印されたカードに〔猛獣〕特攻効果を10%付与
刻印されたカードに〔猛獣〕特攻効果を5%付与
刻印されたカードに〔男性〕特攻効果を20%付与
刻印されたカードに〔神性〕特攻効果を15%付与
刻印されたカードに〔神性〕特攻効果を15%付与＆NP獲得量を5%アップ
刻印されたカードに〔神性〕特攻効果を20%付与
刻印されたカードに〔神性〕特攻効果を5%付与
刻印されたカードに〔秩序〕特攻効果を15%付与＆NP獲得量を5%アップ
刻印されたカードに〔秩序〕特攻効果を20%付与＆〔ルーラー〕特攻効果を20%付与
刻印されたカードに〔竜〕特攻効果を20%付与
刻印されたカードに〔行動不能〕状態特攻効果を25%付与＆NP獲得量を5%アップ
刻印されたカードに〔魅了〕状態特攻効果を25%付与
刻印されたカードに〔魔性〕特攻効果を10%付与＆クリティカル威力を10%アップ
刻印されたカードに〔魔性〕特攻効果を20%付与
刻印されたカードに〔魔性〕特攻効果を5%付与
刻印されたカードによる攻撃の与ダメージを1000増やす
刻印されたカードによる攻撃時に、味方全体のBusterカード性能を10%アップ(1回・1ターン)
刻印されたカードによる攻撃時に、味方全体のHPを150回復
刻印されたカードによる攻撃時に、味方全体のHPを200回復
刻印されたカードによる攻撃時に、味方全体のクリティカル威力を15%アップ(1回・1ターン)
刻印されたカードによる攻撃時に、味方全体のクリティカル威力を5%アップ(1回・1ターン)
刻印されたカードによる攻撃時に、味方全体の宝具威力を8%アップ(1ターン)
刻印されたカードによる攻撃時に、敵単体にやけど状態(500ダメージ・3ターン)を付与
刻印されたカードによる攻撃時に、敵単体に呪い状態(500ダメージ・3ターン)を付与
刻印されたカードによる攻撃時に、敵単体のクリティカル発生率アップ状態を1つ解除＋スターを1個獲得
刻印されたカードによる攻撃時に、敵単体の攻撃力アップ状態を1つ解除＋自身のHPを100回復
刻印されたカードによる攻撃時に、敵単体の防御力アップ状態を1つ解除
刻印されたカードによる攻撃時に、自身に封印無効状態(1回・2ターン)を付与
刻印されたカードによる攻撃時に、自身に最大HPが100アップする状態を付与(3ターン)
刻印されたカードによる攻撃時に、自身に行動不能無効状態(1回・2ターン)を付与
刻印されたカードによる攻撃時に、自身に被ダメージを300カットする状態(1回・1ターン)を付与
刻印されたカードによる攻撃時に、自身に防御力ダウン無効状態(1回・2ターン)を付与
刻印されたカードによる攻撃時に、自身のHPを1000回復(1度使用すると再使用に3ターン必要)
刻印されたカードによる攻撃時に、自身のHPを100回復
刻印されたカードによる攻撃時に、自身のHPを100回復＋スターを1個獲得
刻印されたカードによる攻撃時に、自身のHPを200回復
刻印されたカードによる攻撃時に、自身のHP回復量を50%アップ(1回・2ターン)
刻印されたカードによる攻撃時に、自身のNPを10%増やす(1度使用すると再使用に3ターン必要)
刻印されたカードによる攻撃時に、自身のNPを5%増やす(1度使用すると再使用に3ターン必要)
刻印されたカードによる攻撃時に、自身の宝具威力を10%アップ(1ターン)＋スターを2個獲得
刻印されたカードによる攻撃時に、自身の宝具威力を15%アップ(1ターン)
刻印されたカードによる攻撃時に、自身の弱体状態を1つ解除
刻印されたカードによる攻撃時に、自身の弱体状態を1つ解除＆HPを250回復
刻印されたカードによる攻撃時に、自身の攻撃弱体状態を1つ解除＆HPを100回復
刻印されたカードによる攻撃時に、自身の毒・呪い・やけど状態を1つ解除
刻印されたカードによる攻撃時に、自身の毒・呪い・やけど状態を1つ解除＆HPを100回復
刻印されたカードによる攻撃時に、自身の被強化成功率を20%アップ(1回・2ターン)
刻印されたカードによる攻撃時に、自身の防御弱体状態を1つ解除＆HPを100回復
刻印されたカードによる攻撃時に、自身の防御弱体状態を1つ解除＆HPを200回復
刻印されたカードによる攻撃時に、自身の防御弱体状態を1つ解除＋スターを1個獲得
刻印されたカードによる攻撃時にスターを1個獲得 ＋ 刻印されたカードに〔悪〕特攻効果を10%付与
刻印されたカードによる攻撃時にスターを1個獲得＋敵単体の弱体耐性を5%ダウン(3ターン)
刻印されたカードによる攻撃時にスターを1個獲得＋自身の封印状態を1つ解除
刻印されたカードによる攻撃時にスターを1個獲得＋自身の弱体耐性を10%アップ(1ターン)
刻印されたカードによる攻撃時にスターを1個獲得＋自身の強化解除耐性を10%アップ(1ターン)
刻印されたカードによる攻撃時にスターを1個獲得＋自身の攻撃弱体状態を1つ解除
刻印されたカードによる攻撃時にスターを1個獲得＋自身の毒・呪い・やけど状態を1つ解除
刻印されたカードによる攻撃時にスターを2個獲得 ＋ 刻印されたカードのNP獲得量を5%アップ
刻印されたカードによる攻撃時にスターを2個獲得＋敵単体のクリティカル発生率アップ状態を1つ解除
刻印されたカードによる攻撃時にスターを2個獲得＋敵単体の攻撃力アップ状態を1つ解除
刻印されたカードによる攻撃時にスターを2個獲得＋敵単体の防御力アップ状態を1つ解除
刻印されたカードによる攻撃時にスターを2個獲得＋自身の毒・呪い・やけど状態を1つ解除
刻印されたカードによる攻撃時にスターを2個獲得＋自身の防御弱体状態を1つ解除
刻印されたカードによる攻撃時にスターを3個獲得
刻印されたカードによる攻撃時にスターを3個獲得 ＋ 刻印されたカードのNP獲得量を5%アップ
刻印されたカードによる攻撃時にスターを3個獲得＋敵単体の攻撃力アップ状態を1つ解除
刻印されたカードによる攻撃時にスターを3個獲得＋自身のHPを200回復
刻印されたカードによる攻撃時にスターを4個獲得
刻印されたカードによる攻撃時に自身の強化解除耐性を10%アップ(1ターン)＆HPを100回復
刻印されたカードに必中効果を付与
刻印されたカードに必中効果を付与 ＋ 刻印されたカードによる攻撃時にスターを2個獲得
刻印されたカードに必中効果を付与＆クリティカル威力を10%アップ
刻印されたカードに必中効果を付与＆クリティカル威力を15%アップ
刻印されたカードに無敵貫通効果を付与
刻印されたカードに無敵貫通効果を付与＆クリティカル威力を10%アップ
刻印されたカードに防御無視効果を付与
刻印されたカードに防御無視効果を付与 ＋ 刻印されたカードによる攻撃時にスターを2個獲得
刻印されたカードのNP獲得量を10%アップ ＋ 刻印されたカードによる攻撃時にスターを1個獲得
刻印されたカードのNP獲得量を3%アップ ＋ 刻印されたカードによる攻撃時にスターを1個獲得
刻印されたカードのNP獲得量を3%アップ＆スター発生率を20%アップ
刻印されたカードのNP獲得量を5%アップ
刻印されたカードのNP獲得量を5%アップ＆スター発生率を30%アップ
刻印されたカードのNP獲得量を5%アップ＆スター発生率を50%アップ
刻印されたカードのNP獲得量を5%アップ＆スター集中度を50%アップ
刻印されたカードのNP獲得量をアップ
刻印されたカードの〔やけど〕状態に対するクリティカル威力を30%アップ
刻印されたカードの〔セイバー〕クラスに対するクリティカル威力を25%アップ
刻印されたカードの〔人の力を持つ敵〕に対するクリティカル威力を15%アップ
刻印されたカードの〔悪〕特性に対するクリティカル威力を25%アップ
刻印されたカードの〔神性〕に対するクリティカル威力を30%アップ
刻印されたカードの〔竜〕に対するクリティカル威力を25%アップ
刻印されたカードのクリティカル威力を10%アップ
刻印されたカードのクリティカル威力を10%アップ＆防御無視効果を付与
刻印されたカードのクリティカル威力を10～30%アップ<HPが少ないほど威力がアップ>
刻印されたカードのクリティカル威力を15%アップ＆防御無視効果を付与
刻印されたカードのクリティカル威力を20%アップ
刻印されたカードのクリティカル威力を3%アップ
刻印されたカードのクリティカル威力を5%アップ＆NP獲得量を3%アップ
刻印されたカードのクリティカル威力を5～25%アップ<HPが少ないほど威力がアップ>
刻印されたカードのスター発生率を20%アップ
刻印されたカードのスター発生率を30%アップ
刻印されたカードのスター集中度を100%アップ
刻印されたカードのスター集中度を100%アップ＆NP獲得量を5%アップ
刻印されたカードのスター集中度を100%アップ＆クリティカル威力を10%アップ
刻印されたカードのスター集中度を25%アップ
刻印されたカードのスター集中度を25%アップ ＋ 刻印されたカードによる攻撃時にスターを1個獲得
刻印されたカードのスター集中度を25%アップ＆NP獲得量を3%アップ
刻印されたカードのスター集中度を50%アップ ＋ 刻印されたカードによる攻撃時にスターを2個獲得
刻印されたカードのスター集中度を50%アップ＆クリティカル威力を10%アップ
刻印されたカードのスター集中度を50%アップ＆防御無視効果を付与
刻印されたカードのスター集中度を75%アップ ＋ 刻印されたカードによる攻撃時にスターを1個獲得
前を
前後不覚になる廊下
前線回復
前線基地
前進の火
前進衝動／人々と彼女
剛雉豆
剣に祈りを命に願いを
剣のコインチョコ
剣のチョコ型
剣の凱旋 B
剣の印章
剣の秘石
剣の輝石
剣の魔石
剣は少しだけ置き去りにして
剣を摂れ、銀色の腕
剣を鍬に
剣伐怒頂 C
剣士の頂に立つもの
剣術無双・剣禅一如
副砲支援をオーバーブーストする
副長謹製の散薬
創り出された者の夢
創世期
創始閃光紊らば混沌
創生の真珠
剽滅十字前線 アンティオキア
力屠る祝福の剣
力抜山兮氣蓋世
功徳のご奉仕 A
功徳の札
功徳の玉
加藤段蔵
加虐体質 A
加虐体質 A+
加速・精霊眼球 B
励振火薬
効果なし
勇士の滾り
勇士の矜持 A
勇壮なる騎士のために王が来た
勇敢なるもの
勇気のきびだんご
勇気のキャンディ
勇気のキャンディのドロップ獲得数アップ
勇猛 A
勇猛 A+
勇猛 B
勇猛なる神獣
勇者のマント
勇者の不凋花 B
勇者の剣
勇者の弓
勇者の杯
勇者の槍
勇者の盾
勇者エリちゃんの冒険
勇者大原則 EX
動く畳の座敷
動物会話 C
動物会話 D
勝利すべき黄金の剣
勝利の兵装
勝利の女王 A
勝利の渇き
勝利へのフルスロットル（エレナチーム）
勝利へのフルスロットル（ニトクリスチーム）
勝利へのフルスロットル（ネロチーム）
勝利へのフルスロットル（フランチーム）
勝利へのフルスロットル（信長チーム）
勝利へのフルスロットル（頼光チーム）
勝利への確信
勝者の余裕
勝負最終───ウエスタン巌流島
勢い破竹の如し B
勢い破竹の如し C
勤王まんじゅう市
勤王党本部
勧進帳読み上げ
包囲網ウルフ
化楽天・蛟蛤曼荼羅
化石婦人の大発見 A
北の丘陵
北の城 城内
北の城 城門
北の境界
北の屋敷
北の断崖
北の柳
北の災厄 A
北の財宝
北の霊峰
北の高台
北壁
北大西洋エリア
北条五色備えブリテンファイブ
北極式天然氷
北極式天然氷のドロップ獲得数を1個増やす【『アークティック・サマーワールド！』イベント期間限定】
北極式天然氷のドロップ獲得数アップ
北極魔園観光アークティック・サマーワールド
北欧エリア
北海道覇王
北海道覇王合戦 侍大将級
北海道覇王合戦 副大将級
北海道覇王合戦 組頭級
北海道覇王合戦 総大将級
北海道覇王合戦 足軽大将級
北海道覇王突破戦
北米神話大戦　序
北米神話大戦　急
北米神話大戦　破
北米神話大戦：
イ・プルーリバス・ウナム
北部平原
匠たる心魂
匠の餅
医の記憶
医療テントの決まり事
医療用チョコ
医神 EX
医者の輝きを知る処方箋　１
医者の輝きを知る処方箋　２
医術 A
医術 A+
十の王冠 D
十一階 ぬるぬるな予感がする
十七階 油の匂いがする
十三番目の試練
十三階 蹄の音が聞こえる
十九階 足音がドシンとお腹に響く
十二階 獣臭い匂いがする
十五階 獣の咆哮が轟いている
十人十色のサークルたち
十八階 蹄の音が聞こえる
十六階 コツコツと音が聞こえる
十四の石
十四の石 A
十四階 美しい歌声が聞こえる
十文字槍
十歩殺一人 B+
十王判決・葛籠の道行
十王満腹・葛籠の宴海
十階 登頂者の気配がする
十階 鬼の気配がする
十階の登頂者
十階の鬼
十面埋伏・無影の如く
千と一の夜を越えても
千の星と百の夜の夢
千代紙大隊長
千代紙大隊長 EX
千代紙操法 EX
千利休
千夜に響く子守歌
千夜一夜物語
千子村正
千子村正体験クエスト
千客万来の座敷
千年の報恩 A
千年城遊園地
千年王国
千年黄金樹
千手千眼
千曲
千本通
千眼 EX
千紫万紅・神便鬼毒
千里を駆ける
千里疾走
千里疾走 A
千里疾走（馬） EX
千里眼 A
千里眼 B
千里眼 C
千里眼 C+
千里眼 D
千里眼（射手） B+
千里眼（獣） D
千里眼（獣） D+++
千里眼（超越） EX
千里眼（闇） C
千里眼（闇） C++
千里眼（麗） B++
千鳥足になる廊下
千鳥飾りの和傘
午後はカルデアおもいッきり虞美人
半蔵門
卑弥呼
卒業の証に
南の丘陵
南の島のフェスティバル
南の町
南の街道
南の街道東
南の街道西
南の財宝
南アジアエリア
南国の守護神獣
南国ツアーを楽しむための
ラフ＆ライトな礼装。Ａ・Ａ製
南天の星 EX
南征 一の矢 南溟に漕ぎ寄せ敵を識る
南征 三の矢 四行会して戯作を三昧す
南征 二の矢 犬一匹出でて八島鳴動す
南征 五の矢 君偲ぶ道を辿り忍び取る
南征 五の矢クリアかつ7月2日18時00分以降に開放
南征 五の矢クリアで開放
南征 六の矢 偃月の赤き画虎と血戦す
南征 四の矢 妖都に潜みて窮せしむ
南征 終の矢 来ぬ春を待ちて椿散りゆく
南征 終の矢クリアかつ7月3日18時00分以降に開放
南征 終の矢クリアで開放
南極
南極へ
南極海上空エリア
南欧エリア
南海の大決戦 EX
南海の花の衣装
南海道覇王
南海道覇王合戦 侍大将級
南海道覇王合戦 副大将級
南海道覇王合戦 組頭級
南海道覇王合戦 総大将級
南海道覇王合戦 足軽大将級
南海道覇王突破戦
南溟弓張八犬伝
南瓜模様の座敷
南総里見八犬伝
南部平原
単体化しない
単体化する
単独航海 A
単独行動 A
単独行動 A+
単独行動 B
単独行動 B(EX)
単独行動 B+
単独行動 B-
単独行動 C
単独行動 C++
単独行動 EX
単独行動withヴィイ EX
単独行動（カノポス） C+
単独行動（セレブ） EX
単独行動（自己中） A
単独行動（自己中） D
単独顕現 -
単独顕現 A
単独顕現 C
単独顕現 D
単独顕現 E
単独顕現 E-
単独顕現（天使） EX
博愛のマカロン
博愛のマカロンのドロップ獲得数アップ
危機また危機
危険な座敷
危険地帯
危険生物の進行を止めろ！
即死
即死付与率をアップ
即死付与率アップ
即死付与率アップ〔人間〕
即死効果を受けた時、HPを回復して耐える
即死効果を無効にする
即死時ガッツ
即死無効
即死耐性をアップ
即死耐性をダウン
即死耐性アップ
即死耐性ダウン
卵の間
厄災宝具
原初のルーン
原初のルーン（戦士） B
原初のルーン（海） A
原初のルーン（盛夏） A
原初のレギオン
原初の一 D
原初の星、見上げる空
原初の海
原初の火
原初の産毛
原初特異点　冬木
原始兵法 A+
原始呪術
原始宇宙
原始宇宙に輝く王冠
原始林
原理血戒 B
原理血戒・断頭台
原田左之助
原稿完成解除
厭離穢土城
参ります！　ＶＲ新陰流！
友からの手紙
友と子（前編）
友と子（後編）
友と征く遙かなる海路 B++
友情の証
友誼の証明 C
双つ星の歌姫
双六盤虫空間 ガリトラップハウス
双剣、来たる
双神の神核 B
双神賛歌
双腕・零次集束
双鞭 A
反乱のカリスマ B-
反応強化
反照の湖
反転憲章・境目のない世界
反骨の相 B
収容所
収穫日和
取っ手のない座敷
取材名目の観光です
受けたダメージを吸収する
受け継がれるもの
受け継がれる魂
受肉精霊 A
叛逆せよ
叛逆の暁星
叛逆への第一歩
叛逆者たち
叛逆軍の砦
叡智の光
叡智の結晶 A
叡智の結晶 EX
叡智への接触 EX
口寄せ・伊吹大明神縁起
古き神の謎
古びた鉄兜
古びた鉄兜のドロップ獲得数アップ
古井戸
古今東西展 上級
古今東西展 中級
古今東西展 刀剣ゾーン
古今東西展 初級
古今東西展 彫刻ゾーン
古今東西展 模型ゾーン
古今東西展 王室ゾーン
古今東西展 立ち入り禁止ゾーン
古今東西展 遺跡ゾーン
古代埴輪時空 邪馬台国
古代神殿
古代神殿跡で資源収集
古戦場
古楓橋
古風な客間を修理で開放
可憐なる姫君と忠実なる騎士
可憐な強欲城主
可能性の光 B
右歯噛咬 C
右鯱
司るは全知全能なりて
司馬懿
司馬懿〔ライネス〕
合戦場
合戦最中
合戦最中のドロップ獲得数アップ
合戦訓練 上級
合戦訓練 中級
合戦訓練 初級
吉原
同人探求力
同人探求力のドロップ獲得量アップ
同人活動力
同人活動力のドロップ獲得量アップ
同人空想力
同人空想力のドロップ獲得量アップ
同人誌を3冊入手で開放
同人誌を5冊入手で開放
同人誌を6冊入手で開放
同人誌を7冊入手で開放
同属嫌悪 A
同行従者 B
同調
名なしの森
名もなき霊峰
名も無き兵士
名も無き孤独、儚い風景
名も無き宝剣
名も無き宝剣のドロップ獲得数を1個増やす【『聖杯戦線 ～白天の城、黒夜の城～』イベント期間限定】
名も無き宝剣のドロップ獲得数アップ
名も無き戦場にて
名も知れぬ記念銀貨
名刀薄緑チョコ風味
名前のない死
名城ビーチ
名所の丘
名探偵の名推理
名探偵フォウムズ
名探偵ペネトレイト
名曲スタジオ
名月
名物お土産に思わずイチコロ？
名詮自性 B
吐き気を催す廊下
向日葵のきらめき A
向日葵の呪い A
君には改心する権利がある
君もドラゴンセット
君よ、綿津見の原を征け
君を想うということ
君臨する雷帝
吸精公女 B
吸血 A
吸血 C
吸血戦斧の恐怖
吼えよ我が友、我が力
吼えろ、生きろ、噛み砕け、滅びろ
吼え立てよ、我が憤怒
吾はまだ帰らぬ！ B++
呂娥
呂布
呂布奉先
呂律が回らなくなる廊下
告密羅織経
告死の剣
告解の惑い場
呪い
呪いによるダメージをHP回復効果に変換する
呪いの効果量アップ
呪いの屋敷
呪いを受けなくなる
呪い付与アップ
呪い付与率をアップ
呪い吸収
呪い滲出
呪い無効
呪い解除
呪われし海賊たち
呪厄
呪層・廣日照 A
呪層・猫日照 B
呪本回収 上級
呪本回収 上級 クリアで開放
呪本回収 中級
呪本回収 中級 クリアで開放
呪本回収 初級
呪本回収 初級 クリアで開放
呪本回収 古書級
呪本回収 古書級 クリアで開放
呪本回収 奇書級
呪本回収 奇書級  クリアで開放
呪本回収 新書級
呪本回収 新書級 クリアで開放
呪本回収 禁書級
呪獣胆石
呪腕のハサン
呪血尸解嘆歌
呪術 A
呪術 E
呪術 EX
呪術（巫） C
呪術（巫） C++
呪術（詞） D+
味方がやられた時、自身のNPを増やす
味方がやられた時、自身のチャージを増やす
味方全体<控え含む>の最大HPを1000アップ
味方全体<控え含む>の最大HPを1200アップ[最大解放]
味方全体に〔ローマ〕特攻状態を付与▲(3ターン)＆クリティカル威力をアップ(3ターン)▲
味方全体に〔神性〕特攻状態を付与(3ターン) ＋ 自身のNPを増やす
味方全体に〔神性〕特攻状態を付与[{0}](3ターン) ＋ 自身のNPを増やす[{0}]
味方全体に回避状態を付与(1回・3ターン)＆HPを回復[{0}]＆毒・呪い・やけど状態を解除
味方全体に回避状態を付与(1回・3ターン)＆HPを回復＆毒・呪い・やけど状態を解除
味方全体に回避状態を付与(1回・3ターン)＆NP獲得量をアップ(3ターン)
味方全体に回避状態を付与(1回・3ターン)＆NP獲得量をアップ[{0}](3ターン)
味方全体に最大HPがアップする状態を付与(3ターン)
味方全体に最大HPがアップする状態を付与[{0}](3ターン)
味方全体に毎ターンNP獲得状態を付与(3ターン)＆宝具威力をアップ(3ターン)
味方全体に毎ターンNP獲得状態を付与(3ターン)＆宝具威力をアップ[{0}](3ターン)
味方全体に毎ターンNP獲得状態を付与(3ターン)＆攻撃力をアップ(3ターン)
味方全体に毎ターンNP獲得状態を付与[{0}](3ターン)＆攻撃力をアップ[{0}](3ターン)
味方全体に無敵状態を付与(1回・3ターン) ＋ 自身のNPを増やす ＋ スターを獲得
味方全体のArtsカード性能をアップ(1ターン)
味方全体のArtsカード性能をアップ(1ターン)＆Busterカード性能をアップ(1ターン)
味方全体のArtsカード性能をアップ(1ターン)＆宝具威力をアップ(1ターン)
味方全体のArtsカード性能をアップ(3ターン)
味方全体のArtsカード性能をアップ(3ターン) ＋ スターを獲得
味方全体のArtsカード性能をアップ(3ターン)＆NPを増やす ＋ 敵全体のチャージを減らす
味方全体のArtsカード性能をアップ(3ターン)＆弱体付与成功率をアップ(3ターン)
味方全体のArtsカード性能をアップ[{0}](1ターン)
味方全体のArtsカード性能をアップ[{0}](3ターン)
味方全体のArtsカード性能をアップ[{0}](3ターン) ＋ スターを獲得[{0}]
味方全体のBusterカード性能をアップ(1ターン)
味方全体のBusterカード性能をアップ(3ターン)
味方全体のBusterカード性能をアップ(3ターン)＆クリティカル威力をアップ(3ターン)
味方全体のBusterカード性能をアップ(3ターン)＆スター発生率をアップ(3ターン)
味方全体のBusterカード性能をアップ[{0}](1ターン)
味方全体のBusterカード性能をアップ[{0}](3ターン)
味方全体のHPを回復
味方全体のHPを回復 ＋ スターを獲得
味方全体のHPを回復 ＋ 自身を除く味方全体の〔女性〕のHPを回復
味方全体のHPを回復[{0}]
味方全体のHPを回復[{0}] ＋ スターを獲得[{0}]
味方全体のHPを回復[{0}] ＋ 自身を除く味方全体の〔女性〕のHPを回復[{0}]
味方全体のHPを回復[{0}][g][o]▲[/o][/g]＆弱体状態を解除
味方全体のHPを回復[{0}]＆NPを増やす
味方全体のHPを回復[{0}]＆NPを少し増やす＆宝具威力をアップ[{0}](1ターン)
味方全体のHPを回復[{0}]＆弱体状態を1つ解除＆NP獲得量をアップ[{0}](3ターン)
味方全体のHPを回復[{0}]＆弱体状態を1つ解除＆即死無効状態を付与(3ターン)
味方全体のHPを回復[{0}]＆弱体状態を解除
味方全体のHPを回復▲＆弱体状態を解除
味方全体のHPを回復＆NPを増やす
味方全体のHPを回復＆NPを少し増やす＆宝具威力をアップ(1ターン)
味方全体のHPを回復＆弱体状態を1つ解除＆NP獲得量をアップ(3ターン)
味方全体のHPを回復＆弱体状態を1つ解除＆即死無効状態を付与(3ターン)
味方全体のHPを回復＆弱体状態を解除
味方全体のNPを増やす
味方全体のNPを増やす ＋ 自身に毎ターンスター獲得状態を付与(5ターン)
味方全体のNPを増やす[{0}]
味方全体のNPを増やす[{0}] ＋ 自身に毎ターンスター獲得状態を付与(5ターン)
味方全体のNPを増やす[{0}]＆弱体状態を解除
味方全体のNPを増やす＆弱体状態を解除
味方全体のNPを増やす＆強化成功率をアップ(1ターン)
味方全体のNPを増やす＆強化成功率をアップ[{0}](1ターン)
味方全体のNPを増やす＆攻撃力をアップ(3ターン)＆毎ターンスター獲得状態を付与(3ターン)
味方全体のNPを少し増やす＆弱体耐性をアップ(3ターン)
味方全体のNPを少し増やす＆弱体耐性をアップ[{0}](3ターン)
味方全体のNP獲得量をアップ(3ターン)
味方全体のNP獲得量をアップ(3ターン) ＋ 自身のQuickカード性能をアップ(3ターン)▲
味方全体のNP獲得量をアップ[{0}](3ターン)
味方全体のQuickカード性能をアップ(1ターン)
味方全体のQuickカード性能をアップ(1ターン)＆Artsカード性能をアップ(1ターン)
味方全体のQuickカード性能をアップ(1ターン)＆Busterカード性能をアップ(1ターン)
味方全体のQuickカード性能をアップ(3ターン)
味方全体のQuickカード性能をアップ(3ターン)＆Artsカード性能をアップ(3ターン)
味方全体のQuickカード性能をアップ[{0}](1ターン)
味方全体のQuickカード性能をアップ[{0}](3ターン)
味方全体のQuickカード性能をアップ[{0}][g][o]▲[/o][/g](1ターン)
味方全体のQuickカード性能をアップ▲(1ターン)
味方全体のクリティカル威力をアップ(1ターン)
味方全体のクリティカル威力をアップ(3ターン)
味方全体のクリティカル威力をアップ[{0}](1ターン)
味方全体のクリティカル威力をアップ[{0}](3ターン)
味方全体のスキルチャージを1進める＆HPを回復▲＆NPを増やす<オーバーチャージで効果アップ>
味方全体のスキルチャージを1進める＆HPを回復＆NPを増やす<オーバーチャージで効果アップ>
味方全体のスター発生率をアップ(3ターン)＆弱体状態を解除
味方全体のスター発生率をアップ[{0}](3ターン)＆弱体状態を解除
味方全体のスター発生率をアップ▲(3ターン)＆NP獲得量をアップ▲(3ターン)
味方全体のスター発生率を大アップ(3ターン)
味方全体のスター発生率を大アップ[{0}](3ターン)
味方全体のスター発生率を大アップ▲(3ターン)＆クリティカル威力をアップ(3ターン)▲
味方全体の宝具威力をアップ(1ターン)
味方全体の宝具威力をアップ(1ターン)&スター発生率をアップ(1ターン)
味方全体の宝具威力をアップ(1ターン)＆NP獲得量をアップ(1ターン)
味方全体の宝具威力をアップ(1ターン)＆攻撃力をアップ(1ターン)
味方全体の宝具威力をアップ(3ターン)＆NPを増やす
味方全体の宝具威力をアップ[{0}](1ターン)
味方全体の宝具威力をアップ[{0}](1ターン)&スター発生率をアップ[{0}](1ターン)
味方全体の宝具威力をアップ[{0}](1ターン)＆NP獲得量をアップ[{0}](1ターン)
味方全体の宝具威力をアップ[{0}](1ターン)＆攻撃力をアップ[{0}](1ターン)
味方全体の宝具威力をアップ[{0}](3ターン)＆NPを増やす
味方全体の宝具威力をアップ▲(3ターン▲) + 敵全体の防御強化状態を解除▲
味方全体の宝具威力をアップ▲(3ターン▲)＆NP獲得量をアップ(3ターン)▲
味方全体の宝具威力をアップ▲(3ターン▲)＆クリティカル威力をアップ(3ターン)▲
味方全体の宝具威力をアップ▲(3ターン▲)＆被ダメージカット状態を付与(2回・3ターン)▲
味方全体の攻撃力をアップ(1ターン)
味方全体の攻撃力をアップ(1ターン)＆宝具威力をアップ(1ターン)
味方全体の攻撃力をアップ(3ターン)
味方全体の攻撃力をアップ(3ターン) ＋ 〔ガッツ〕状態の味方全体の攻撃力をアップ(3ターン)
味方全体の攻撃力をアップ(3ターン) ＋ 〔神性〕特性の味方全体の攻撃力をアップ(3ターン)
味方全体の攻撃力をアップ(3ターン) ＋ 〔竜〕特性を持つ味方全体の攻撃力をアップ(3ターン)
味方全体の攻撃力をアップ(3ターン) ＋ スターを大量獲得▲
味方全体の攻撃力をアップ(3ターン) ＋ 味方全体の〔男性〕のスター発生率をアップ(3ターン)
味方全体の攻撃力をアップ(3ターン) ＋ 味方単体のスキルチャージを1進める
味方全体の攻撃力をアップ(3ターン) ＋ 敵全体の攻撃力をダウン(3ターン)
味方全体の攻撃力をアップ(3ターン) ＋ 自身に〔魔性〕特攻状態を付与(3ターン)
味方全体の攻撃力をアップ(3ターン) ＋ 自身に毎ターンスター獲得状態を付与(3ターン)
味方全体の攻撃力をアップ(3ターン) ＋ 自身の宝具威力をアップ(3ターン)
味方全体の攻撃力をアップ(3ターン) ＋ 自身の攻撃力をアップ(1ターン)
味方全体の攻撃力をアップ(3ターン)▲ ＋ 自身の弱体状態を解除＆HPを回復＆NPを増やす▲
味方全体の攻撃力をアップ(3ターン)＆Artsカード性能をアップ(3ターン)
味方全体の攻撃力をアップ(3ターン)＆HPを回復
味方全体の攻撃力をアップ(3ターン)＆NPを増やす
味方全体の攻撃力をアップ(3ターン)＆NP獲得量をアップ(3ターン)
味方全体の攻撃力をアップ(3ターン)＆NP獲得量をアップ(3ターン) ＋ スターを獲得
味方全体の攻撃力をアップ(3ターン)＆クリティカル威力をアップ(3ターン)
味方全体の攻撃力をアップ(3ターン)＆スター発生率をアップ(3ターン)
味方全体の攻撃力をアップ(3ターン)＆与ダメージプラス状態を付与(3ターン)＆NPを少し増やす
味方全体の攻撃力をアップ(3ターン)＆毎ターンスター獲得状態を付与(3ターン)
味方全体の攻撃力をアップ(3ターン)＆被クリティカル発生耐性をアップ(3ターン)
味方全体の攻撃力をアップ(3ターン)＆防御無視状態を付与(3ターン)▲ ＋ 自身のNPを増やす▲
味方全体の攻撃力をアップ[{0}](1ターン)
味方全体の攻撃力をアップ[{0}](1ターン)＆宝具威力をアップ[{0}](1ターン)
味方全体の攻撃力をアップ[{0}](3ターン)
味方全体の攻撃力をアップ[{0}](3ターン) ＋ 味方単体のスキルチャージを1進める
味方全体の攻撃力をアップ[{0}](3ターン) ＋ 敵全体の攻撃力をダウン[{0}](3ターン)
味方全体の攻撃力をアップ[{0}](3ターン) ＋ 自身の宝具威力をアップ[{0}](3ターン)
味方全体の攻撃力をアップ[{0}](3ターン) ＋ 自身の攻撃力をアップ(1ターン)
味方全体の攻撃力をアップ[{0}](3ターン)＆Artsカード性能をアップ[{0}](3ターン)
味方全体の攻撃力をアップ[{0}](3ターン)＆HPを回復[{0}]
味方全体の攻撃力をアップ[{0}](3ターン)＆NPを増やす
味方全体の攻撃力をアップ[{0}](3ターン)＆NPを増やす[{0}]
味方全体の攻撃力をアップ[{0}](3ターン)＆NP獲得量をアップ[{0}](3ターン)
味方全体の攻撃力をアップ[{0}](3ターン)＆クリティカル威力をアップ[{0}](3ターン)
味方全体の攻撃力をアップ[{0}](3ターン)＆スター発生率をアップ[{0}](3ターン)
味方全体の攻撃力をアップ[{0}](3ターン)＆毎ターンスター獲得状態を付与(3ターン)
味方全体の攻撃力をアップ▲(3ターン) ＋ 自身のNPを増やす▲
味方全体の毒状態を解除＆HPを回復
味方全体の毒状態を解除＆HPを回復[{0}]
味方全体の毒状態を解除＆HPを回復[{0}][g][o]▲[/o][/g]
味方全体の毒状態を解除＆HPを回復▲
味方全体の精神異常状態を解除＆回避付与(1回)＆HPを回復
味方全体の精神異常状態を解除＆回避付与(1回)＆HPを回復[{0}]
味方全体の防御力をアップ(1ターン)＆弱体耐性をアップ(1ターン)
味方全体の防御力をアップ(1ターン)＆弱体耐性をアップ[{0}](1ターン)
味方全体の防御力をアップ(3ターン)
味方全体の防御力をアップ(3ターン)＆被ダメージカット状態を付与(3ターン)＆NPを少し増やす
味方全体の防御力をアップ[{0}](3ターン)
味方全体の防御力をアップ▲(3ターン)＆被ダメージカット状態を付与(1回)▲
味方単体▲にガッツ状態(1回・5ターン)を付与＆最大HPをアップ(5ターン)▲
味方単体▲のQuickカード性能をアップ(1ターン)＆スキルチャージを1進める▲
味方単体にNP獲得アップ状態を付与(3ターン)
味方単体にNP獲得アップ状態を付与(3ターン)＆NPを増やす▲
味方単体にNP獲得アップ状態を付与[{0}](3ターン)
味方単体にガッツ状態(1回・3ターン)を付与
味方単体にガッツ状態(1回・3ターン)を付与[{0}]
味方単体にガッツ状態(1回・3ターン)を付与＆NP獲得量をアップ(3ターン)▲
味方単体にガッツ状態を付与(1回・1ターン)
味方単体にガッツ状態を付与(1回・1ターン) ＋ スターを獲得
味方単体にガッツ状態を付与(1回・1ターン)＆Busterカード性能をアップ(1ターン)
味方単体にガッツ状態を付与(1回・1ターン)＆NPを増やす
味方単体にガッツ状態を付与(1回・3ターン)＆Busterカード性能をアップ(3ターン)
味方単体にガッツ状態を付与(1回・3ターン)＆攻撃力をアップ(3ターン)
味方単体にガッツ状態を付与(1回・3ターン)＆攻撃力をアップ(3ターン) ＋ 自身のNPを増やす
味方単体にガッツ状態を付与(1回・3ターン)＆攻撃力をアップ[{0}](3ターン)
味方単体にガッツ状態を付与[{0}](1回・1ターン)
味方単体にガッツ状態を付与[{0}](1回・1ターン) ＋ スターを獲得[{0}]
味方単体にガッツ状態を付与[{0}](1回・1ターン)＆NPを増やす
味方単体にガッツ状態を確率で付与(1回・3ターン)＆弱体無効状態を確率で付与(1回)＆HPを回復
味方単体にターゲット集中状態を付与(1ターン) ＋ スターを獲得
味方単体にターゲット集中状態を付与(1ターン) ＋ スターを獲得[{0}]
味方単体にターゲット集中状態を付与(1ターン) ＋ 自身のNPを増やす＆HPを回復
味方単体に回避状態を付与(1ターン)
味方単体に回避状態を付与(1ターン)＆スター発生率をアップ(1ターン)
味方単体に回避状態を付与(1ターン)＆スター発生率をアップ[{0}](1ターン)
味方単体に回避状態を付与(1ターン)＆毒・呪い・やけど状態を解除
味方単体に回避状態を付与(1回・3ターン)
味方単体に回避状態を付与(1回・3ターン) ＋ スターを獲得
味方単体に回避状態を付与(1回・3ターン) ＋ スターを獲得[{0}]
味方単体に回避状態を付与(1回・3ターン)＆HPを回復
味方単体に回避状態を付与(1回・3ターン)＆HPを回復[{0}]
味方単体に回避状態を付与(1回・3ターン)＆NPを増やす
味方単体に宝具使用時のチャージ段階を1段階引き上げる状態を付与(1ターン)＆NPを増やす
味方単体に弱体無効状態を付与(1回)
味方単体に弱体無効状態を付与(1回・3ターン) ＋ スターを獲得
味方単体に弱体無効状態を付与(1回・3ターン) ＋ スターを獲得[{0}]
味方単体に必中状態を付与(1ターン)
味方単体に必中状態を付与[{0}](1ターン)
味方単体に毎ターンHP回復状態を付与(3ターン)
味方単体に毎ターンHP回復状態を付与[{0}](3ターン)
味方単体に毎ターンスター獲得状態を付与▲(3ターン)＆NP獲得量をアップ(3ターン)▲
味方単体に毎ターンスター獲得状態を付与▲(3ターン)＆毎ターンNP獲得状態を付与(3ターン)▲
味方単体に無敵状態を付与(1ターン)
味方単体に無敵状態を付与(1ターン)＆HPを回復
味方単体に無敵状態を付与(1ターン)＆HPを回復[{0}]
味方単体に無敵状態を付与(1ターン)＆NPを増やす
味方単体に無敵状態を付与(1ターン)＆NPを増やす[{0}]
味方単体に無敵状態を付与(1ターン)＆スター発生率をアップ(1ターン)
味方単体に無敵状態を付与(1ターン)＆スター発生率をアップ[{0}](1ターン)
味方単体に無敵状態を付与(2回・1ターン)
味方単体に無敵状態を付与(2回・3ターン)＆弱体耐性をアップ(3ターン)
味方単体に無敵状態を付与(2回・3ターン)＆弱体耐性をアップ(3ターン)＆NPを増やす▲
味方単体に無敵状態を付与(2回・3ターン)＆弱体耐性をアップ[{0}](3ターン)
味方単体に無敵貫通状態を付与(1ターン)
味方単体のArtsカードへのスター集中度をアップ(1ターン)
味方単体のArtsカードへのスター集中度をアップ(1ターン)＆NPを増やす
味方単体のArtsカードへのスター集中度をアップ[{0}](1ターン)
味方単体のArtsカードへのスター集中度をアップ[{0}](1ターン)＆NPを増やす
味方単体のArtsカード性能をアップ(1ターン)
味方単体のArtsカード性能をアップ(1ターン)＆クリティカル威力をアップ(1ターン)
味方単体のArtsカード性能をアップ(1ターン)＆宝具威力をアップ(1ターン)
味方単体のArtsカード性能をアップ(3ターン)
味方単体のArtsカード性能をアップ(3ターン)＆HPを回復▲
味方単体のArtsカード性能をアップ[{0}](1ターン)
味方単体のArtsカード性能をアップ[{0}](3ターン)
味方単体のBusterカードへのスター集中度をアップ(1ターン)
味方単体のBusterカードへのスター集中度をアップ[{0}](1ターン)
味方単体のBusterカード性能をアップ(1ターン)＆HPを回復
味方単体のBusterカード性能をアップ(1ターン)＆宝具威力をアップ(1ターン)
味方単体のBusterカード性能をアップ(3ターン)
味方単体のBusterカード性能をアップ(3ターン)＆弱体状態を解除
味方単体のBusterカード性能をアップ[{0}](1ターン)＆HPを回復[{0}]
味方単体のBusterカード性能をアップ[{0}](3ターン)
味方単体のBusterカード性能をアップ[{0}](3ターン)＆弱体状態を解除
味方単体のBusterカード性能を超アップ(1ターン)
味方単体のBusterカード性能を超アップ[{0}](1ターン)
味方単体のExtra Attackカードの性能をアップ(1ターン)
味方単体のExtra Attackカードの性能をアップ[{0}](1ターン)
味方単体のHPを回復
味方単体のHPを回復 ＋ スターを獲得
味方単体のHPを回復[{0}]
味方単体のHPを回復[{0}] ＋ スターを獲得[{0}]
味方単体のHPを回復[{0}]＆NPを増やす
味方単体のHPを回復[{0}]＆NPを増やす＆クリティカル威力をアップ[{0}](1ターン)
味方単体のHPを回復[{0}]＆やけど無効状態を付与(3ターン) ＋ スターを大量獲得[{0}]
味方単体のHPを回復[{0}]＆弱体状態を1つ解除
味方単体のHPを回復[{0}]＆弱体状態を解除 ＋ 自身の攻撃力をアップ[{0}](3ターン)
味方単体のHPを回復[{0}]＆攻撃弱体状態を解除
味方単体のHPを回復[{0}]＆毒・呪い・やけど状態を解除
味方単体のHPを回復[{0}]＆被ダメージカット状態を付与[{0}](1ターン)
味方単体のHPを回復[{0}]＆防御力をアップ[{0}](3ターン)
味方単体のHPを回復[{0}]＆防御弱体状態を解除
味方単体のHPを回復＆NPを増やす
味方単体のHPを回復＆NPを増やす＆クリティカル威力をアップ(1ターン)
味方単体のHPを回復＆やけど無効状態を付与(3ターン) ＋ スターを大量獲得
味方単体のHPを回復＆弱体無効状態を付与(1ターン)＆スター発生率をアップ(1ターン)
味方単体のHPを回復＆弱体状態を1つ解除
味方単体のHPを回復＆弱体状態を解除 ＋ 自身の攻撃力をアップ(3ターン)
味方単体のHPを回復＆攻撃弱体状態を解除
味方単体のHPを回復＆毒・呪い・やけど状態を解除
味方単体のHPを回復＆被ダメージカット状態を付与(1ターン)
味方単体のHPを回復＆防御力をアップ(3ターン)
味方単体のHPを回復＆防御力をアップ(3ターン)＆〔天の力を持つ敵〕特攻状態を付与(3ターン)▲
味方単体のHPを回復＆防御弱体状態を解除
味方単体のHPを大回復
味方単体のHPを大回復[{0}]
味方単体のHPを大回復[{0}]＆スター発生率アップ(3ターン)
味方単体のHPを大回復[{0}]＆弱体状態を解除[g][o]▲[/o][/g]
味方単体のHPを大回復[{0}]＆弱体耐性をアップ[{0}](3ターン)
味方単体のHPを大回復＆スター発生率アップ(3ターン)
味方単体のHPを大回復＆弱体状態を解除▲
味方単体のHPを大回復＆弱体耐性をアップ(3ターン)
味方単体のHP回復量をアップ(1ターン)
味方単体のHP回復量をアップ(1ターン)＆強化解除耐性をアップ(3ターン)▲
味方単体のHP回復量をアップ[{0}](1ターン)
味方単体のNPを増やす
味方単体のNPを増やす ＋ スターを獲得
味方単体のNPを増やす ＋ スターを獲得[{0}]
味方単体のNPを増やす ＋ 味方全体のNP獲得量をアップ(3ターン)
味方単体のNPを増やす ＋ 自身にターゲット集中状態を付与(1ターン)
味方単体のNPを増やす[{0}]
味方単体のNPを増やす[{0}] ＋ 味方全体のNP獲得量をアップ[{0}](3ターン)
味方単体のNPを増やす[{0}] ＋ 自身にターゲット集中状態を付与(1ターン)
味方単体のNPを増やす[{0}]＆NP獲得量をアップ[{0}](3ターン)
味方単体のNPを増やす[{0}]＆スター発生率をアップ(3ターン)
味方単体のNPを増やす[{0}]＆スター発生率をアップ[{0}](3ターン)
味方単体のNPを増やす[{0}]＆スター集中度をアップ[{0}](1ターン)
味方単体のNPを増やす[{0}]＆弱体無効状態を付与(3回・3ターン)
味方単体のNPを増やす[{0}]＆弱体状態を解除
味方単体のNPを増やす[{0}]＆強化成功率をアップ[{0}](1ターン)
味方単体のNPを増やす[{0}]＆強化成功率をアップ[{0}](3ターン)
味方単体のNPを増やす▲ ＋ 味方全体の強化成功率をアップ(3ターン)▲ ＋ スターを獲得▲
味方単体のNPを増やす▲＆HPを回復＆宝具威力をアップ(3ターン)▲
味方単体のNPを増やす＆Busterカードのスター集中度をアップ(1ターン) ＋ スターを獲得
味方単体のNPを増やす＆HPを回復 ＋ スターを獲得
味方単体のNPを増やす＆HPを回復[{0}] ＋ スターを獲得[{0}]
味方単体のNPを増やす＆NP獲得量をアップ(1ターン)
味方単体のNPを増やす＆NP獲得量をアップ(3ターン)
味方単体のNPを増やす＆NP獲得量をアップ[{0}](1ターン)
味方単体のNPを増やす＆スター発生率をアップ(1ターン)
味方単体のNPを増やす＆スター発生率をアップ(3ターン)
味方単体のNPを増やす＆スター発生率をアップ[{0}](1ターン)
味方単体のNPを増やす＆スター集中度をアップ(1ターン)
味方単体のNPを増やす＆弱体無効状態を付与(3回・3ターン)
味方単体のNPを増やす＆弱体状態を解除
味方単体のNPを増やす＆強化成功率をアップ(1ターン)
味方単体のNPを増やす＆強化成功率をアップ(3ターン)
味方単体のNPを増やす＆無敵状態を付与(2回・3ターン)＆強化解除耐性をアップ(1回・3ターン)
味方単体のNP獲得量をアップ(1ターン)
味方単体のNP獲得量をアップ(3ターン)＆スキルチャージを1進める ＋ 自身のNPを増やす
味方単体のNP獲得量をアップ[{0}](1ターン)
味方単体のQuickカード性能をアップ(1ターン)
味方単体のQuickカード性能をアップ(1ターン)＆宝具威力をアップ(1ターン)
味方単体のQuickカード性能をアップ[{0}](1ターン)
味方単体のクリティカル威力をアップ(1ターン)
味方単体のクリティカル威力をアップ(3ターン)＆NPを増やす
味方単体のクリティカル威力をアップ(3ターン)＆スキルチャージを1進める
味方単体のクリティカル威力をアップ(3ターン)＆防御力をダウン(3ターン)【デメリット】
味方単体のクリティカル威力をアップ[{0}](1ターン)
味方単体のクリティカル威力をアップ[{0}](3ターン)＆NPを増やす
味方単体のクリティカル威力をアップ[{0}](3ターン)＆スキルチャージを1進める
味方単体のスキルチャージを1進める ＋ 自身のNPを増やす ＋ スターを獲得
味方単体のスキルチャージを1進める ＋ 自身のNPを増やす[{0}] ＋ スターを獲得[{0}]
味方単体のスキルチャージを1進める＆NPを増やす＆Artsカード性能をアップ(3ターン)
味方単体のスキルチャージを1進める＆スター発生率をアップ(3ターン)＆HPを減少【デメリット】
味方単体のスキルチャージを1進める＆スター集中度をアップ(1ターン) ＋ 自身のNPを増やす
味方単体のスキルチャージを2進める
味方単体のスター発生率をアップ(1ターン)
味方単体のスター発生率をアップ(1ターン)＆弱体無効状態を付与(1ターン)
味方単体のスター発生率をアップ[{0}](1ターン)
味方単体のスター発生率をアップ[{0}](1ターン)＆弱体無効状態を付与(1ターン)
味方単体のスター集中度をアップ(1ターン)
味方単体のスター集中度をアップ(1ターン) ＋ スターを獲得
味方単体のスター集中度をアップ(1ターン) ＋ スターを獲得 ＋ 自身のNPを増やす
味方単体のスター集中度をアップ(1ターン)＆クリティカル威力をアップ(1ターン)＆弱体状態を解除
味方単体のスター集中度をアップ(1ターン)＆スター発生率をアップ(3ターン)
味方単体のスター集中度をアップ(3ターン)＆HPを回復
味方単体のスター集中度をアップ[{0}](1ターン)
味方単体のスター集中度をアップ[{0}](1ターン) ＋ スターを獲得[{0}]
味方単体のスター集中度をアップ[{0}](1ターン)＆スター発生率をアップ(3ターン)
味方単体のスター集中度をアップ[{0}](3ターン)＆HPを回復[{0}]
味方単体のスター集中度をアップ▲(3ターン)＆クリティカル威力をアップ▲(3ターン)＆HPを回復
味方単体のスター集中度をダウン(1ターン) ＋ 味方全体の攻撃力をアップ(3ターン)
味方単体のスター集中度をダウン(1ターン) ＋ 味方全体の攻撃力をアップ(3ターン)[{0}]
味方単体の宝具威力をアップ(1ターン)
味方単体の宝具威力をアップ(1ターン)＆NP獲得量をアップ(1ターン)
味方単体の宝具威力をアップ(1ターン)＆クリティカル威力をアップ(1ターン)
味方単体の宝具威力をアップ(1ターン)＆攻撃弱体状態を解除
味方単体の宝具威力をアップ[{0}](1ターン)
味方単体の宝具威力をアップ[{0}](1ターン)＆NP獲得量をアップ[{0}](1ターン)
味方単体の宝具威力をアップ[{0}](1ターン)＆クリティカル威力をアップ[{0}](1ターン)
味方単体の宝具威力をアップ[{0}](1ターン)＆攻撃弱体状態を解除
味方単体の弱体状態を解除
味方単体の弱体状態を解除＆HPを回復[{0}]＆弱体無効状態(1回、3ターン)を付与
味方単体の弱体状態を解除＆HPを回復＆弱体無効状態(1回、3ターン)を付与
味方単体の弱体状態を解除＆NP獲得量をアップ(1ターン)
味方単体の弱体状態を解除＆NP獲得量をアップ[{0}](1ターン)
味方単体の強化解除耐性をアップ(1ターン)＆NPを増やす
味方単体の強化解除耐性をアップ[{0}](1ターン)＆NPを増やす
味方単体の攻撃力をアップ(1ターン)＆NPを増やす
味方単体の攻撃力をアップ(1ターン)＆宝具威力をアップ(1ターン)
味方単体の攻撃力をアップ(3ターン)＆クリティカル威力をアップ(3ターン) ＋ スターを獲得
味方単体の攻撃力をアップ(3ターン)＆スター発生率をアップ(3ターン)
味方単体の攻撃力をアップ(3ターン)＆最大HPをアップ(3ターン)＆NPを増やす
味方単体の攻撃力をアップ(3ターン)＆防御力をアップ(3ターン)＆NP獲得量をアップ(3ターン)
味方単体の攻撃力をアップ[{0}](1ターン)＆NPを増やす
味方単体の攻撃力をアップ[{0}](1ターン)＆宝具威力をアップ[{0}](1ターン)
味方単体の攻撃力をアップ[{0}](3ターン)＆スター発生率をアップ[{0}](3ターン)
味方単体の攻撃力を超アップ(1ターン)
味方単体の攻撃力を超アップ[{0}](1ターン)
味方単体の攻撃弱体状態を解除＆NPを増やす
味方単体の最大HPをアップ(1ターン)
味方単体の最大HPをアップ[{0}](1ターン)
味方単体の毒・呪い・やけど状態を解除＆NPを増やす
味方単体の精神異常状態を解除＆NPを増やす
味方単体の行動不能状態・封印状態を解除＆NPを増やす
味方単体の防御力をアップ▲(3ターン)＆スキルチャージを1進める▲
呼延灼
呼延灼アイランドチョコ
呼符
命の綱 B
命乞いの関 上級
命乞いの関 中級
命乞いの関 超級
命溢るる大海への門
命踊る庭園 Rank A
命踊る庭園 Rank B
命踊る庭園 Rank C
命踊る庭園 Rank EX
和菓子風チョコ＋手紙
和風遺跡
咎人たちの依頼（前編）
咎人たちの依頼（後編）
咲初めに鶴
咸陽
咸陽攻防戦
品川
哪吒
唯識・歪曲の魔眼
唯識・直死の魔眼
唸る仔犬
商売繁盛 A
商店街でゲリラライブ〔パフォーマンスUP〕
商才 A
問い掛け続けることにこそ
啓示 A
善き営みを守りたまえ
善特性付与
善神の智慧 A+
善神の智慧 EX
喜捨の勧め A
喜捨の末
喝采されるは一夜の夢
喝采の焔
嗚呼、偉大なるアレクサンドリア恐るべきイヴァン…
嗚呼、愛しき姫に捧ぐとも我が槍を！
嗜虐のカリスマ A
嗤う鉄心 A
嘆かない壁
嘆きの壁
嘆きの杭園
嘆きの母 A+
嘆きの浜 上級
嘆きの浜 中級
嘆きの浜 初級
嘲りの断頭台
嘲りの断頭台 B
噂のマジムン喫茶店
噂の新入社員 B
噛々縄索
噛々縄索のドロップ獲得数を1個増やす【『南溟弓張八犬伝』イベント期間限定】
噛々縄索のドロップ獲得数を2個増やす[最大解放]【『南溟弓張八犬伝』イベント期間限定】
噛々縄索のドロップ獲得数アップ
噛み砕く死牙の獣
噴水広場
囚われの村 上級
囚われの村 中級
囚われの村 初級
四つに裂けよ、母なる大地
四つの結び目
四不相くん
四十一階 夜の街の気配がする
四十七階 羽ばたく音が聞こえる
四十三階 かん高い叫び声が聞こえる
四十九階 酷く強い呪いが立ち込めている
四十二階 ぐだぐだな予感がする
四十五階 美しい歌声が聞こえる
四十八階 見つめられている気がする
四十六階 ぐだぐだな予感がする
四十四階 歯車の回る音が聞こえる
四十階 登頂者の気配がする
四十階 鬼の気配がする
四十階の登頂者
四十階の鬼
四夜の終末
四夜の終末 EX
四枝の浅瀬 A
四段　ありがたきもの
四段クリアかつ2月14日18時00分以降に開放
四段クリアで開放
四神地相（白鷺） A
四階 蹄の音が聞こえる
四階　一号室
四階　三号室
四階　二号室
四階　四号室
回帰
回帰の砂時計〔アサシン〕
回帰の砂時計〔アーチャー〕
回帰の砂時計〔エクストラⅠ〕
回帰の砂時計〔エクストラⅡ〕
回帰の砂時計〔キャスター〕
回帰の砂時計〔セイバー〕
回帰の砂時計〔バーサーカー〕
回帰の砂時計〔ライダー〕
回帰の砂時計〔ランサー〕
回想・異星の使徒
回想戦 大奥
回想～開運！ ひなげし鑑定団
回路接続 EX
回路接続（違法） B+
回転式火縄銃
回避
回避と無敵を無視して、攻撃によるダメージを与える
回避または無敵状態に対するクリティカル時のダメージをアップ
回避を無視して、攻撃によるダメージを与える
回避トラップ
回避解除
因子捕食（戦女神） EX
因果逆転の魔槍
因習村の巫女 A+
因習村入口
因習村集落
団子屋
図書館の鍵と羅針盤
固有時制御
固有結界
国境の村
国王一座 C
国道20号
国道蹂躙モンスター
国際通り
圏境 B
圏境（極） A-
圏境（極） EX
園原IC
土のアイリを倒せ 序
土のアイリを倒せ 極
土のアイリを倒せ 真
土の実
土方歳三
土曜 宝物庫の扉を開け 上級
土曜 宝物庫の扉を開け 中級
土曜 宝物庫の扉を開け 初級
土曜 宝物庫の扉を開け 超級
土曜 種火集め<弓・術編> 上級
土曜 種火集め<弓・術編> 中級
土曜 種火集め<弓・術編> 初級
土曜 種火集め<弓・術編> 超級
土曜・宝物庫の扉を開け 上級
土曜・宝物庫の扉を開け 中級
土曜・宝物庫の扉を開け 初級
土曜・種火集め<オール編> 上級
土曜・種火集め<オール編> 中級
土曜・種火集め<オール編> 初級
土曜・種火集め<オール編> 超級
土気城
土竜の間
在りし世のドーセット沿岸
在りし日の栄光
在りし日の栄光 B
在りし日の栄光（概念礼装）
在りし日の舞 EX
在り得ざる幻馬
地に散らばった星たちよ
地に満ちよ
地に花を A
地に足を、星を見よ
地の底の信仰
地の底より響く同胞の音。
亡者を呼び込む調べとなる。
地ノブ
地下チンチロで遊ぶ VIP級
地下チンチロで遊ぶ VIP級クリアで開放
地下チンチロで遊ぶ ビギナー級
地下チンチロで遊ぶ ビギナー級クリアで開放
地下チンチロで遊ぶ ミリオネア級
地下チンチロで遊ぶ レギュラー級
地下チンチロで遊ぶ レギュラー級クリアで開放
地下トンネル
地下冷凍庫
地下工場
地下機構帯・外周部
地下第一区画
地下第三区画
地下第二区画
地下第四区画
地下通貨集め スコップ級
地下通貨集め スプーン級
地下通貨集め ダイナマイト級
地下通貨集め ドリル級
地下鍛練場
地中海を臨む
地中海修行 序
地中海修行 急
地中海修行 破
地中海修行 破クリアで開放
地図に記された島
地底世界からの歓迎
地底大河
地底平原
地獄にこそ響け我が愛の唄
地獄の厨房ヘルズキッチン
地獄の座敷
地獄の武田ブートキャンプ：実戦編
地獄の武田ブートキャンプ：訓練編
地獄の蒼炎
地獄の試練
地獄の軍略 A
地獄は財を与える
地獄への程よい旅路
地獄へようこそ、マシュ・キリエライト
地獄コンパクト
地獄化(Buster強化)
地獄堂
地獄界曼荼羅 平安京
地獄界曼荼羅 平安京をクリアで開放
地獄界曼荼羅 平安京をクリア＆霊基再臨3段階目＆絆Lv.4で開放
地獄界曼荼羅 平安京をクリア＆霊基再臨3段階目＆絆Lv.5で開放
地獄界曼荼羅 平安京クリア
＆2019年メモリアルクエストをクリアで開放
地獄界曼荼羅 平安京クリアで開放
地球の夏休み
地球の思い出
地球大統領
地飛爽霊 火尖槍
坂本探偵事務所
坂本龍馬
坂本龍馬の考察に投票
坂本龍馬の考察に投票済み
坂田金時
坂田金時(ライダー)装備時のみ、自身がフィールドにいる間、味方全体のスター発生率を20%アップ
坑道跡
垣間見えた過去、その欠片を
埋没物発見！1 ボロボロのドラム缶
埋没物発見！2 いかついコンテナ
埋没物発見！3 壊れたコンピューター
埋没物発見！4 物々しいダンプカー
埋没物発見！5 地下シェルター
埋没物発見！6 翼の折れた飛行機
埋没物発見！7 UFOのような円盤
埋没物発見！8 超巨大ロボット
埋没物発見！9 宇宙開発センター跡
城下町
城下街
城主の寝室
城内
城化物 A++
城址公園
城塞の午後
城塞宝具
城門
埠頭
埴輪の神殿
基礎トレーニング スクワット級
基礎トレーニング デッドリフト級
基礎トレーニング ベンチプレス級
堅忍の老境 A
堕天の檻 (1/10)クリアで開放
堕天の檻 (2/10)クリアで開放
堕天の檻 (3/10)クリアで開放
堕天の檻 (4/10)クリアで開放
堕天の檻 (5/10)クリアで開放
堕天の檻 (6/10)クリアで開放
堕天の檻 (7/10)クリアで開放
堕天の檻 (8/10)クリアで開放
堕天の檻 (9/10)クリアで開放
堕天の魔 A+
堕落の叙任 A
堕落の宇宙
堰界の理
塔
境界にて A
境界の森
境界を視る
境界を超えるもの
境界ネコ帽子
墓地
墓守の宝
墓木の臼 A
増える清姫ちゃん
増上寺
壁だけの座敷
壁に見える座敷
壁の村
壁の村の王妃
壁をクラッシュする
壁外の荒野
壁裏の廊下
壇ノ浦・八艘跳
壊劫の天輪
壊音の霹靂
士道の蹂躙 A
壬生の赤狼 C
壬生浪スピリッツ
壬生狼
声高らかに愛を讃えん A
壱与
売り切れ！ 精米戦争！
変動座標点０号
変化 A
変化 A+
変化 B
変化 C
変化用
変化自在バガボンド
変化（ランチ） A
変化（大蛇） A
変化（恐竜） B
変化（恐竜） C
変化（潜入特化） C
変化（火竜） C+
変容 A
変身させる状態を選択してください
変身の指輪
変身の指輪 B
変転の魔 B
変転の魔 B++
夏が来た！　１
夏が来た！　２
夏が来た！　３
夏とアイスとヴィイ
夏と自分に嘘はつけない B
夏の予感の電子の海
夏の出張者 A
夏の受肉精霊 A+
夏の名残に、祈りを編む
夏の堕落セット
夏の夜に咲く花 D
夏の夜の夢
夏の夜の夢 EX
夏の夜更けに我想う A+
夏の夢の宝箱〔金〕
夏の夢の宝箱〔銀〕
夏の夢の宝箱〔銅〕
夏の夢の宝箱を開けてプレジデントポイント14,500以上獲得
＆8月18日18時00分以降に開放
夏の夢の宝箱を開けてプレジデントポイント19,500以上獲得
＆8月19日18時00分以降に開放
夏の夢の宝箱を開けてプレジデントポイント2,500以上獲得
＆8月14日18時00分以降に開放
夏の夢の宝箱を開けてプレジデントポイント25,500以上獲得
＆8月20日18時00分以降に開放
夏の夢の宝箱を開けてプレジデントポイント3,800以上獲得
＆8月15日18時00分以降に開放
夏の夢の宝箱を開けてプレジデントポイント6,600以上獲得
＆8月16日18時00分以降に開放
夏の夢の宝箱を開けてプレジデントポイント9,500以上獲得
＆8月17日18時00分以降に開放
夏の妖精 B
夏の寄り添い
夏の御山の四天王
夏の御曹司
夏の思い出
夏の我が愛馬 B
夏の承認欲求 B
夏の最強騎士
夏の未来視
夏の狩人
夏の獄卒 EX
夏の記憶
夏の銀騎士
夏の閻魔亭
夏の騎士の装い
夏は、世に知らず暑き
夏への扉／dark mix
夏を駆ける
夏予習版:雀のお宿の活動日誌～閻魔亭繁盛記～
夏休み満喫用忍び装束
夏休み特別企画 ぐだぐだスペシャル2021
夏王朝万能万年筆と木簡
夏盛浄土・光輪庭園
夏魔必滅槍舞
夏！ うみ！ 水上の美女！！
夏！ お祭り！ あなたとヒロイン！？
夕暮にて絶息、黄昏にて電鋸
夕焼けの教室
夕焼け空に私はぐるぐる
夕闇の間
外周部
外壁補修中
外征妖精騎士になりたい！
外科手術 E
多々良鉄
多元重奏飽和砲撃
夜すがらの扇
夜すがらの扇のドロップ獲得数アップ
夜に咲く毒の華
夜に嘆き、暁に涙する
夜のとばり EX
夜のカフェテラス
夜の帳に灯を
夜の饗宴 A
夜まで探索を続ける
夜を見届ける者達
夜回り！ ジャガ村先生！
夜明け前
夜更かし
夜更かしの語らい
夜狼死九・黄金疾走
夜空に祈りを
夜空を駆ける虹
夜話の語り手 EX
夜闇を駆ける鉄処女
夢いっぱい！ 同人誌作り
夢うつつな廊下
夢うつつな部屋
夢に見し路
夢のあとさき
夢のおわり
夢のおわり EX
夢の生まれる街
夢の終わり、或いは恩讐の果て
夢の終わりに
夢の跡
夢を語って生きていくの
夢幻のカリスマ A
夢幻の如く B
夢幻の如く B++
夢幻の蜃気楼
夢幻の鱗粉
夢幻の鱗粉、禁断の頁、宵哭きの鉄杭の中から一つと交換ができます。
夢幻の鱗粉、追憶の貝殻、世界樹の種の中から一つと交換ができます。
夢幻召喚（インストール）
夢幻泡影盈月
夢想の里
夢火の導き
夢綴りの筆
夢綴りの筆のドロップ獲得数を1個増やす【『バレンタイン2019』イベント期間限定】
夢綴りの筆のドロップ獲得数を2個増やす[最大解放]【『バレンタイン2019』イベント期間限定】
夢綴りの筆のドロップ獲得数アップ
夢見ごこちの廻廊
夢見る冒険少女
夢見る冒険少女 EX
夢見る機械 A
夢録
夢魔の畔 EX
夢／現実
大いなる太陽の恵み
大いなる石像神
大いなる神秘
大きな河床
大きな畑をクラフトする
大きな魚影を攻撃
大ヤシ林
大人になる廊下
大佐の夏休み B
大佐型自動人形
大使館
大切な後輩と、波打ち際にて
大千鳥破風
大厨房、温泉を修理＆温泉のフリークエストを開放
大和邇の加護 C
大回廊
大図書館
大地と豊穣の都
大地の底 Rank A
大地の底 Rank EX
大地の息吹きを感じて活動力を鍛える カンヅメ級
大地の果て
大地の神核 A
大地の裂け目
大地を創りし者
大地を飲むもの EX
大坂ローマ帝国
大坪峪
大型のエネミーとの戦いはまだ避けよう
大堡礁の卵
大天使の神核 B
大天狗の面
大奥外部
大奥最深部
大奥花札
大奥花札を5枚以上獲得で開放
大奥花札・黒
大好きなパンケーキ
大宮大路
大工房
大平原
大広間
大戦の残滓
大戦の残滓 A
大戦の残滓 B
大戦の残滓 EX
大手門
大晦日TVスペシャル記念概念礼装獲得クエスト
大暴れ茨木
大森林
大樹
大樹の根元
大橋
大橋を調べる
大江の山、金時の鬼退治
大江の鬼あばれ A+
大江山
大江山・菩提鬼殺
大江山大花火
大江山盗賊団
大河の巨獣 B
大法廷
大浴場
大海原と竜の国 EXTRAⅠ
大海原と竜の国 EXTRAⅡ
大海原と竜の国 Rank A
大海原と竜の国 Rank B
大海原と竜の国 Rank C
大海原と竜の国 Rank D
大海原と竜の国 Rank EX
大海原の財宝
大海蛇
大渓谷
大渓谷の砦
大熊猫大作戦
大百足退治
大神の叡智 B+
大神殿
大神殿を望む都
大祭壇
大穴
大穴東
大穴西
大空洞
大粒のダイヤ
大統領バッヂ
大統領令 C
大聖杯を目指せ
大聖杯レプリカ
大聖杯目前
大自然に揉まれて活動力を鍛える カンヅメ級
大自然に揉まれて活動力を鍛える コツコツ級
大自然に揉まれて活動力を鍛える ノリノリ級
大自然に揉まれて活動力を鍛える ノンビリ級
大蓮華
大蛇の神殿
大蛇神の分け御霊
大観覧車
大賢良師 A
大部屋前
大量生産 A
大量生産 A+
大降臨連環馬猛襲撃
大陸の絹織物
大陸の風
大階段
大騎士勲章
大騎士勲章、竜の牙、万死の毒針の中から一つと交換ができます。
大騎士勲章、竜の牙、宵哭きの鉄杭の中から一つと交換ができます。
大魔女の食材集め おかわり級
大魔女の食材集め 上級
大魔女の食材集め 中盛り級
大魔女の食材集め 中級
大魔女の食材集め 初級
大魔女の食材集め 味見級
大魔女の食材集め 大盛り級
大魔女の食材集め 小盛り級
大魔女の麦粥
大黒天
大黒天からの贈り物（胃腸薬）
大龍の寝床
天と地の結び目
天に挿頭す
天に星を A
天に星を EX
天の丘
天の使いは死を告げる
天の光よ遍く我に降り注げ。
祝福の彩に包まれるが如く。
天の啓示
天の女主人
天の晩餐
天の杯 E
天の楔
天の理
天の衣
天の車輪
天の逆月
天の配剤（暗殺） C
天の鎖
天の階 羅刹級
天上引き裂きし煌々の船
天下の飛将軍
天下万世の剣 A+
天下布武 A
天下布武～2017summer.ver～
天下往来
天下御免の大オルタ者
天乃羅摩船
天体軌道調整 B
天使が聖夜に鳴らす鐘 EX
天使とは、花を播く者でなく
天使のベッド
天使の交換券
天使の剣
天使の叫び EX
天使の暗殺
天使の肉体 A
天使の詩
天使の調べ A
天使は叫び、悪魔は影の中に消える
天公将軍 B-
天命の予言
天命の粘土板
天命の聖水
天啓
天国
天国化(Arts強化)
天地乖離す開闢の星
天地天空大回転！
天威星 A
天威星（夏） A
天子南面
天守閣
天寵の尾羽
天嶮山脈
天巧星 A+
天帝の貴妃
天微星の双玉
天微星の羽織 C
天性の捕食者
天性の肉体 A
天性の肉体 C
天性の肉体 D
天性の肉体 EX
天性の肉体（体） C
天性の肉体（海） A
天性の魔 A++
天昇の意志 EX
天正大判
天正大判のドロップ獲得数を1個増やす【『ぐだぐだ新邪馬台国』イベント期間限定】
天正大判のドロップ獲得数を2個増やす[最大解放]【『ぐだぐだ新邪馬台国』イベント期間限定】
天正大判のドロップ獲得数アップ
天然の肉体 A
天然の肢体 B
天然理心流（極） A+
天狗なりきりセット
天狗の兵法 A
天狗の兵法 EX
天狗の燈火
天狗の遊法（夏） EX
天狗ノ羽団扇
天狗ノ羽団扇・暴風
天眼 A
天秤の護り A+
天空の間
天空神の寵愛 B
天草四郎
天草四郎の依頼
天草四郎陣中旗
天蠍の呪い D
天蠍一射
天衣無縫 EX
天衣無縫の武者
天衣無縫・鶴恩惜別歌
天覧聖杯戦争
天賦の叡智 A
天賦の叡智 EX
天賦の見識 A++
天賦の見識 A+++
天逆鉾（双） B
天遡鉾
天野英
天隕の烙印
天駆ける竜が如く
天鬼姫
天鬼雨
天魔の春修行
天魔御伽草子 鬼ヶ島
天魔御伽草子 鬼ヶ島：
マップテーマ
天魔轟眼 EX
太公望
太公望、異郷にて封神す
太古の森
太平要術 EX
太極の双子との模擬戦闘！
太歳の禍
太歳星君
太歳頭上動土
太母を背負うもの
太陽からの賜り物
太陽との決別 EX
太陽なき地底山脈
太陽のようなガレス B+
太陽のようなキミたちへ
太陽のカリスマ EX
太陽のバンテージ
太陽のバンテージのドロップ獲得数アップ
太陽の乙女狼
太陽の海域
太陽の神殿
太陽の花
太陽王の居城
太陽王の晩餐(1/2)
太陽王の晩餐(2/2)
太陽皮
太陽神の加護 A
太陽神の眼（偽） A
太陽神の眼（偽） B+
太陽神の閃光 EX
太陽神殿
失うことから始まるもの
失われた創世 未来からの方舟
失われた右腕
失われた時を想って
失われた水の都
失われた聖櫃
失われた都
失墜の魔女 A+
失意燃ゆる
失落の棺
失落の滝
奇奇神酒
奇妙な穴倉
奇術の天使 EX
奇跡のくつした
奇蹟 D
奇蹟 D+
奈落の穴 羅刹級
奈落の穴 超級
奈落の穴 鬼級
奉仕の体温計
奉仕の体温計のドロップ獲得数アップ
奉納ポイント
奉納ポイント累計3,500獲得報酬受け取り
＆第六節クリアで開放
奉納ポイント累計3,500獲得報酬受け取り＆客間を修理で開放
奉納ポイント累計500,000獲得報酬受け取り
＆第十一節クリアで開放
奉納ポイント累計500,000獲得報酬受け取りで開放
奉納ポイント計90,000報酬受取り＆客間3つと鳳の間復元で開放
奉納殿
奏演の輪舞曲
奏章Ⅰ
奏章Ⅰ 虚数羅針内界 ペーパームーン
奏章Ⅰをクリアで開放
奏章Ⅱ
奏章Ⅱ 不可逆廃棄孔 イド
奏章Ⅲ
奏章Ⅲ
&2023年メモリアルクエストをクリアで開放
奏章Ⅲ 新霊長後継戦 アーキタイプ・インセプション
奏章Ⅳ
奏章Ⅳ 人類裁決法廷 トリニティ・メタトロニオス
奏章プロローグ
奏章／Ordeal Call
契機
契約の箱
契約天使 B+
奔り猛る戦神の剣
奪う者の側へと
奮い断つ決意の盾
奮い断つ決意の盾 A
奮励の装薬
奮起の六十五城
奮起の勇者 A+
女中英主 B+
女傑の威風
女帝VS
女帝のカリスマ A
女帝クリスティーヌ
女帝ヘルメット
女帝＋
女性のみArts威力アップ
女性のみBuster威力アップ
女性のみQuick威力アップ
女性のみ威力アップ合計
女教皇、奮い立つ
女教皇はあどけない罪を知る
女教皇ヨハンナ
女王の墓 A
女王の契約 A
女王の躰 A+
女王の躾
女王の躾 A
女王の躾（海） A
女王の間
女王の霊香 A
女王メイヴ
女王メイヴ(ライダー)装備時のみ、自身がフィールドにいる間、味方全体のNP獲得量を15%アップ
女王城塞・波濤鎧殻 C+
女王女学院で資源収集
女神に捧ぐ花
女神のお目つけ役 B
女神のきまぐれ A
女神のきらめき
女神の優勝カップ
女神の加護 C
女神の寵愛 EX
女神の御籤
女神の微笑
女神の微笑み
女神の恩恵 A+
女神の恩恵 B
女神の恩恵 EX
女神の抱擁
女神の洞窟
女神の神核 A
女神の神核 A++
女神の神核 B
女神の神核 C
女神の神核 E-
女神の神核 EX
女神の視線
女神の贈り物 A
女神はここに溶け消え、故に人の愚行を言祝ぐ
女神への誓い B
女神ペレについて
女神像を求めて
女神変生 B
女神変生 EX
女神変生（天） A
女神変生（獣） B
女神変生（銃） B
女神経典１
女神経典１「蒼輝銀河のなりたち」
女神経典１「蒼輝銀河のなりたち」をクリアで解放
女神経典２
女神経典２「古代の女神とは」
女神経典３
女神経典３「（ラベルなし）」
女神経典４
女神経典４「女神と古代神殿」
女神経典５
女神経典５「恩讐の女神」
女神経典６
女神経典６「とある教授の述懐」
女難の美 A
奴隷王
好機
好漢酒宴要塞　チェイテ・リャンシャンボー
如来の加護  B
妄想幻像
妄想心音
妄想毒身
妖しの森
妖怪襲名（ボッチ） A
妖怪襲名（怪盗） A
妖怪襲名（探偵） A
妖惹の紅顔 A
妖惹の紅顔 A+
妖星の火輪 A
妖星の火輪 A+
妖気漂う大骨刀
妖獣の呪符
妖眼
妖精のお手伝い うわばみどもが夢の中
妖精のお手伝い オーロラが見えるまで
妖精のお手伝い クリスマスツリー世界シェア
妖精のお手伝い ドラゴンセット量産工場
妖精のお手伝い ポホヨラキッチン
妖精のお手伝い 出張英雄指南
妖精のお手伝い 拠点防衛の要
妖精のお手伝い 異境のグルメ
妖精のお手伝い 続・拠点防衛の要
妖精のお手伝い 雪だるま達人事件
妖精イリヤチョコ（4/7スケール）
妖精双六虫籠遊戯 
まだ見ぬ完璧なあなたへ
妖精吸血 A
妖精國お正月興行
妖精國の夏やすみ
妖精國カルデアのサークル進捗度をLv.10かつ全ての寄せ書きクエストクリアで開放
妖精國カルデアのサークル進捗度をLv.6かつ全ての寄せ書きクエストクリアで開放
妖精契約 A
妖精契約 B+
妖精王の冠
妖精眼 A
妖精眼 C
妖精眼 E-
妖精眼 ？
妖精騎士 C
妖精騎士 E
妖精騎士 E/A
妖精騎士ガウェイン
妖精騎士トリスタン
妖精騎士バーゲスト
妖精騎士ランスロット
妖精騎士ランスロット（第一再臨）
妖精騎士ランスロット（第二再臨）
妖精騎士・魔風吶喊
妖精騎士杯最大ダメージトライアル1日目
妖精騎士杯最大ダメージトライアル2日目
妖精騎士（妖精郷） C
妖艶な廊下
妙なる帳の中へ
妙な匂いのする廊下
妙な色の壁
妻からの礼状
姉なる聖女の従者
姉のおせっかい B
姉妹の絆 A
始まりと終わりの剣
始まりの予感
始まりの宇宙へ
始まりの砦
始まりの蹂躙制覇
始末剣
始皇帝
姫巫女の寸暇
姫様行脚
姫路コウモリ
姿が豚になり行動不能になる
威力アップ
威力アップ【3000万DL記念】
威力アップ【3000日突破記念】
威力アップ【Fate20周年記念】
威力アップ〔やけど〕
威力アップ〔アサシン〕
威力アップ〔アルターエゴ〕
威力アップ〔アヴェンジャー〕
威力アップ〔アーチャー〕
威力アップ〔エクストラクラス〕
威力アップ〔キャスター〕
威力アップ〔ギリシャ神話系男性〕
威力アップ〔サクラシリーズ系〕
威力アップ〔サーヴァント〕
威力アップ〔シャドウサーヴァント〕
威力アップ〔スキル封印〕
威力アップ〔セイバー〕
威力アップ〔バーサーカー〕
威力アップ〔フォーリナー〕
威力アップ〔プリテンダー〕
威力アップ〔ムーンキャンサー〕
威力アップ〔ライダー〕
威力アップ〔ランサー〕
威力アップ〔ルーラー〕
威力アップ〔ローマ〕
威力アップ〔七騎士クラス〕
威力アップ〔中庸〕
威力アップ〔中立〕
威力アップ〔中立のサーヴァント〕
威力アップ〔人の力〕
威力アップ〔人型〕
威力アップ〔人間〕
威力アップ〔人類の脅威〕
威力アップ〔今を生きる人類〕
威力アップ〔保護対象外〕
威力アップ〔円卓の騎士と妖精〕
威力アップ〔即死耐性ダウン〕
威力アップ〔呪い〕
威力アップ〔善〕
威力アップ〔地の力〕
威力アップ〔地の力を持つサーヴァント〕
威力アップ〔天と地のサーヴァント〕
威力アップ〔天の力〕
威力アップ〔女性〕
威力アップ〔封印〕
威力アップ〔巨人〕
威力アップ〔弱体状態〕
威力アップ〔恐怖〕
威力アップ〔悪〕
威力アップ〔愛炎状態〕
威力アップ〔拘束〕
威力アップ〔拘束・スタン・石化〕
威力アップ〔星の力〕
威力アップ〔機械〕
威力アップ〔死霊〕
威力アップ〔死霊と悪魔〕
威力アップ〔毒〕
威力アップ〔混乱〕
威力アップ〔混沌〕
威力アップ〔源氏〕
威力アップ〔猛獣〕
威力アップ〔猛獣と魔性〕
威力アップ〔獣の力〕
威力アップ〔王〕
威力アップ〔男性〕
威力アップ〔神性〕
威力アップ〔神性と死霊と悪魔〕
威力アップ〔秩序〕
威力アップ〔秩序かつ善〕
威力アップ〔秩序のサーヴァント〕
威力アップ〔竜〕
威力アップ〔精神異常〕
威力アップ〔絆〕
威力アップ〔蛇・竜〕
威力アップ〔行動不能〕
威力アップ〔超巨大〕
威力アップ〔電蝕〕
威力アップ〔霊体〕
威力アップ〔非超巨大〕
威力アップ〔騎乗スキル〕
威力アップ〔鬼〕
威力アップ〔魅了〕
威力アップ〔魔性〕
威力アップ〔魔獣型のサーヴァント〕
威力アップ・やけど
威力アップ・七騎士クラス
威力アップ・対 人の力
威力アップ・対 今を生きる人類
威力アップ・対 地の力
威力アップ・対 天の力
威力アップ・対 天の力：炎上
威力アップ・対 星の力
威力アップ・対 獣の力
威力アップ・対やけど
威力アップ・対アサシン
威力アップ・対アルターエゴ
威力アップ・対アヴェンジャー
威力アップ・対アーチャー
威力アップ・対エクストラクラス
威力アップ・対キャスター
威力アップ・対ギリシャ神話系男性
威力アップ・対サクラシリーズ系
威力アップ・対サーヴァント
威力アップ・対シャドウサーヴァント
威力アップ・対スキル封印
威力アップ・対セイバー
威力アップ・対バーサーカー
威力アップ・対フォーリナー
威力アップ・対プリテンダー
威力アップ・対ムーンキャンサー
威力アップ・対ライダー
威力アップ・対ランサー
威力アップ・対ルーラー
威力アップ・対ローマ
威力アップ・対中庸
威力アップ・対中立
威力アップ・対中立サーヴァント
威力アップ・対人型
威力アップ・対人間
威力アップ・対人類の脅威
威力アップ・対保護対象外
威力アップ・対円卓の騎士と妖精
威力アップ・対即死耐性ダウン
威力アップ・対呪い
威力アップ・対善
威力アップ・対天地サーヴァント
威力アップ・対女性
威力アップ・対封印
威力アップ・対巨人
威力アップ・対弱体状態
威力アップ・対悪
威力アップ・対愛炎状態
威力アップ・対拘束状態
威力アップ・対機械
威力アップ・対死霊
威力アップ・対死霊と悪魔
威力アップ・対毒
威力アップ・対毒状態
威力アップ・対混乱
威力アップ・対混沌
威力アップ・対源氏
威力アップ・対猛獣
威力アップ・対猛獣と魔性
威力アップ・対王
威力アップ・対男性
威力アップ・対神性
威力アップ・対神性、死霊、悪魔
威力アップ・対秩序
威力アップ・対秩序かつ善
威力アップ・対秩序サーヴァント
威力アップ・対竜
威力アップ・対精神異常
威力アップ・対行動不能
威力アップ・対超巨大エネミー
威力アップ・対電蝕
威力アップ・対霊体
威力アップ・対非超巨大
威力アップ・対騎乗スキル
威力アップ・対鬼
威力アップ・対魅了
威力アップ・対魔性
威力アップ・対魔獣型のサーヴァント
威力アップ・魅了
威力アップ：Apocrypha/Inheritance of Glory
威力アップ：Arts
威力アップ：Buster
威力アップ：Quick
威力アップ：セイバーウォーズ
威力アップ：セイバーウォーズ２
威力アップ：ネロ祭
威力アップ：バトル・イン・ニューヨーク 2018
威力アップ：天魔御伽草子 鬼ヶ島
威力アップ：復刻:Apocrypha/Inheritance of Glory
威力アップ：鬼哭酔夢魔京 羅生門
威風堂々たる凱旋 EX
嫉妬の都
嬰児のゆりかご
子の国 B
子を想う母 EX
子を救いし英雄の弩
子ギル
子ギル(アーチャー)装備時のみ、自身がフィールドにいる間、味方全体のNP獲得量を15%アップ
子供部屋
子象たち
孕りの花 A
存在の証明
存在証明
存在証明 A
存在証明 B
存在証明 EX
孤独な戦士、獅子の如く勇敢な彼
孤独のオキタの手配書
学は以て已むべからず Rank A
学は以て已むべからず Rank B
学は以て已むべからず Rank C
学は以て已むべからず Rank EX
学校
宇宙のおにぎりの手配書
宇宙の天秤
宇宙巨大獣キングプロテア
宇宙怪盗ツインパイレーツの手配書
宇宙樹
宇宙生物襲来！ I
宇宙生物襲来！ II
宇宙生物襲来！ III
宇宙生物襲来！ IV
宇宙生物襲来！ IX
宇宙生物襲来！ V
宇宙生物襲来！ VI
宇宙生物襲来！ VII
宇宙生物襲来！ VIII
宇宙生物襲来！ X
宇宙生物襲来！ XI
宇宙生物襲来！ XII
宇宙生物襲来！ XIII
宇宙開発都市
宇津見エリセ
宇津見エリセ本加入＆トークン「ギルガメッシュ」「オデュッセウス」を獲得で開放
宇津見エリセ本加入＆トークン「ダビデ」「マーリン」を獲得で開放
宇津見エリセ本加入＆トークン「ブリュンヒルデ」「酒呑童子」を獲得で開放
宇津見エリセ本加入＆トークン「ラーマ」「始皇帝」を獲得で開放
守勢のカリスマ A
守護の獣 A+
守護の獣 B
守護の誓約 B
守護妖精 EX
守護神獣 A
守護騎士 A+
守護騎士連盟 A
守護騎士（聖槍） B+
守護鳥
安全な座敷
安息の館
安曇野
完全なる形 A
完全なる血の惑星へ
完全構造体 EX
完全流体 B
完勝への布石
完璧なお正月
完璧なるチョッコラート
完結南瓜惑星ハロウィンプラネット
宗和の心得 B
宗和の心得 B++
宗和の心得 C
宙駆ける星の穂先 B+
宝のある座敷
宝具で与えるダメージをアップ
宝具で与えるダメージをアップ<自身の〔最大HPアップ〕状態の数に応じて威力アップ>
宝具で与えるダメージをダウン
宝具で攻撃時、対象の防御力をダウン
宝具のタイプをArtsにチェンジする
宝具のタイプをBusterにチェンジする
宝具のタイプをQuickにチェンジする
宝具のタイプをチェンジする
宝具のタイプを攻撃タイプにチェンジする
宝具のタイプを防御タイプにチェンジする
宝具を使用できなくなる
宝具を使用後、自身に即死効果(ガッツ無視・即死耐性無視)
宝具を全体攻撃宝具から単体攻撃宝具に変更する
宝具を全体攻撃宝具に変更する
宝具を単体攻撃宝具に変更する
宝具を補助宝具から全体攻撃宝具に変更する
宝具タイプを選択してください
宝具タイプチェンジ
宝具タイプチェンジ：Arts
宝具タイプチェンジ：Buster
宝具タイプチェンジ：Quick
宝具タイプチェンジ：攻撃
宝具タイプチェンジ：防御
宝具チェンジ
宝具ハンマー
宝具以外の攻撃による被ダメージを減らす
宝具使用時NP還元
宝具使用時チャージ還元
宝具使用時追加効果
宝具威力アップ
宝具威力アップ〔増殖〕
宝具威力アップ〔水辺〕
宝具威力アップ〔空中〕
宝具威力アップブースト
宝具威力アップ準備
宝具威力アップ状態の効果量を一時的に増大させる<重複不可>
宝具威力アップ：Arts
宝具威力アップ：アサシン
宝具威力アップ：アーチャー
宝具威力アップ：キャスター
宝具威力アップ：セイバー
宝具威力アップ：バーサーカー
宝具威力アップ：ライダー
宝具威力アップ：ランサー
宝具威力アップ：水辺または虚数空間
宝具威力アップ：神性
宝具威力ダウン
宝具威力耐性アップ〔サーヴァント〕
宝具威力耐性ダウン
宝具封印
宝具攻撃で受けるダメージが増える
宝具攻撃の威力アップ
宝具攻撃ダメージ前追加効果
宝具攻撃時、対象に高確率で即死効果
宝具攻撃時のダメージ前に、NPを抽出する<対象が〔毒〕状態であれば自身のNPを増やす>
宝具攻撃時の対象範囲を選択してください
宝具攻撃時追加効果
宝具発動時、オーバーチャージ段階をアップする
宝在心 B
宝物庫
宝物庫の扉を開け 上級
宝物庫の扉を開け 中級
宝物庫の扉を開け 初級
宝物庫の扉を開け 極級
宝物庫の扉を開け 超級
宝物庫を1,000回以上開く
＆7月8日18時00分以降に開放
宝物庫を100回以上開く
＆7月4日18時00分以降に開放
宝物庫を250回以上開く
＆7月5日18時00分以降に開放
宝物庫を30回以上開く
＆7月3日18時00分以降に開放
宝物庫を450回以上開く
＆7月6日18時00分以降に開放
宝物庫を700回以上開く
＆7月7日18時00分以降に開放
宝物神殿
宝石剣ゼルレッチ
宝石魔術・対影
宝蔵院胤舜
実りある大平原
実り結びて恵みとなる。
眩き煌き望むがままに。
実験棟探索 オレンジアラート級
実験棟探索 パープルアラート級
実験棟探索 レインボーアラート級
実験棟探索 レッドアラート級
宣帝の指揮 A
宮廷の琴の音
宮本伊織
宮本武蔵
宮本武蔵(セイバー)装備時のみ、自身の宝具威力を30%アップ＆弱体無効状態(3回)を付与
宴、西の村(1/2)
宴、西の村(2/2)
宴の松原
宵に潤い話は枯れず
宵の砂丘
宵哭きの鉄杭
宵闇の勾玉
宵闇の星 A
宵闇の浜辺
宵闇の間
宵闇翳る月御珠
家事百般 B
家庭の味 A
家族の肖像
宿命の神敵 A
宿星パワー
宿星パワー A
宿星パワー A+
宿星パワー B
宿星パワー EX
宿願接ぐ希望の剣
寂しき世界で希望と出会う
寂寂たる集落
寄せ返す渚に惑い戯れる　１
寄せ返す渚に惑い戯れる　２
寄せ返す渚に惑い戯れる　３
寄って集まり密になる。
瞬き輝き思いのままに。
寄生キノコにご用心
寄生爆弾蟲
密やかなる罪の遊戯
密室禁忌/do not enter.
密林
密林の呼び声
密輸業者を摘発せよ！
富の杯
富の杯 B
富を運ぶもの
富士よりもなお遠くまで
富士越龍図
富山城
富山城を制圧(鉄+5)
富理主真山
寒気のする宴会場
寒気のする廊下
寛弘五年、平安京
寛永十六年
寛永寺
寝かせた粘土
寝やすそうな廊下
審判の時へ
対■■■■■■宝具
対アサシン攻撃適性
対アルターエゴ攻撃適性
対アヴェンジャー攻撃適性
対アーチャー攻撃適性
対エクストラクラス攻撃適性
対キャスター攻撃適性
対キングエリザ宝具
対セイバー攻撃適性
対セイバー用決戦兵器
対セイバー／対ライダー攻撃適性
対バーサーカー攻撃適性
対ビースト攻撃適性
対フォーリナー攻撃適性
対プリテンダー攻撃適性
対ムーンキャンサー攻撃適性
対ライダー攻撃適性
対ランサー攻撃適性
対ルーラー攻撃適性
対人、対軍、対城宝具
対人・対軍宝具
対人奥義
対人宝具
対人宝具（自身）
対人宝具／対界宝具
対人宝具／対竜宝具
対人宝具／対軍宝具
対人殲滅装置・ハント 典位++級
対人殲滅装置・ハント 典位+級
対人殲滅装置・ハント 典位級
対人殲滅装置・ハント 祭位級
対人殲滅装置・ハント 開位級
対人理 D
対人青春宝具
対人魔剣
対人／対ロボ宝具
対人／対国宝具
対人／対城宝具
対人／対巨人宝具
対人／対星宝具
対人／対軍宝具
対人／対軍絶技
対人～対界宝具
対人～対軍宝具
対国宝具
対地形宝具
対城宝具
対城宝具（自身）
対夏宝具
対宋宝具
対山宝具
対巨人宝具
対怪獣宝具
対悪宝具
対星宝具
対樹宝具
対民宝具
対決・フォーリナーⅡ！
対決・フォーリナーⅢ
対決・フォーリナーⅢのクリアで開放
対決・フォーリナーⅣ
対決・フォーリナー完結編
対決・フォーリナー！
対決！ マシュ・キリエライト
対波宝具
対海宝具
対火星宝具
対物宝具
対獣宝具
対王宝具
対王宝具（自身）
対理宝具
対界宝具
対神宝具
対神敵宝具
対竜宝具
対竜戦闘術（水辺） EX
対粛正宝具
対粛正防御
対粛正防御化
対粛正防御貫通(回避貫通不能)
対結界宝具／対軍宝具
対罪宝具
対艦宝具
対英雄 A
対英雄（譚） EX
対軍・対城宝具
対軍個人宝具
対軍宝具
対軍宝具、開戦宝具
対軍宝具（一個大隊）
対軍宝具（自身）
対軍宝具（自陣）
対軍宝具／対民宝具
対軍（自身）宝具
対軍／対城宝具
対軍～対城宝具
対邪悪（特殊） EX
対都市宝具
対都市／混沌宝具
対陣宝具
対霊宝具
対霊戦闘 B
対鬼宝具
対魔力 A
対魔力 A+
対魔力 A-
対魔力 B
対魔力 B+
対魔力 B++
対魔力 C
対魔力 C+
対魔力 D
対魔力 D+
対魔力 E
対魔力 E++
対魔力 EX
対魔力（霊） B+
対魔力（Ｊ） C
対魔宝具
対魔術 EX
対魔術宝具
対魔術装甲ロケラン
対ｱｰﾁｬｰｸﾘﾃｨｶﾙ発生耐性
対ｱｳﾞｪﾝｼﾞｬｰｸﾘﾃｨｶﾙ発生耐性
対ｱｻｼﾝｸﾘﾃｨｶﾙ発生耐性
対ｱﾙﾀｰｴｺﾞｸﾘﾃｨｶﾙ発生耐性
対ｷｬｽﾀｰｸﾘﾃｨｶﾙ発生耐性
対ｾｲﾊﾞｰｸﾘﾃｨｶﾙ発生耐性
対ﾊﾞｰｻｰｶｰｸﾘﾃｨｶﾙ発生耐性
対ﾌﾟﾘﾃﾝﾀﾞｰｸﾘﾃｨｶﾙ発生耐性
対ﾑｰﾝｷｬﾝｻｰｸﾘﾃｨｶﾙ発生耐性
対ﾗｲﾀﾞｰｸﾘﾃｨｶﾙ発生耐性
対ﾗﾝｻｰｸﾘﾃｨｶﾙ発生耐性
対ﾙｰﾗｰｸﾘﾃｨｶﾙ発生耐性
封じられた最上の美味
封印の巫女 B+
封印の廊下
封印指定　執行者
封印指定執行者 A
封印礼装解除 C
封印礼装解除（聖剣） A
封印礼装解除（聖槍） A
封神執行 B
封鎖された海域
封鎖終局四海：
オケアノス
封魔のランプ
専科百般 A+
射初の一矢
射撃 A++
射撃 B
射撃（ＦＰＳ） B
射殺す百頭
射殺す百頭・羅馬式 A
射殺封殺 B+
導きの星をさがして
導きの赤い糸
導くもの A
小さき王
小さな夜の曲 EX
小さな畑をクラフトする
小人の仕立て屋さん
小判
小悪魔からの贈り物
小悪魔たまご肌（第三再臨）
小悪魔たまご肌（第二再臨）
小惑星の力学
小次郎
小江戸散歩
小浜
小獅子の舞
小田原城
小町のメガネ
小町伝説・佳人薄命
小町伝説・容彩 A
小石川
小豆のお手玉
小野小町
小野小町古今抄
小野小町古今抄 ～雪消月のキラキラ蓮華～
少女のカカオ三点盛り
少女の意地 B
少女の捜し物
少女よ虹になれ
少女漫画お気に入りセット
少年悪漢王 EX
少年王の呪い EX
尖兵の籠手
尖兵の籠手のドロップ獲得数を1個増やす【『聖杯戦線 ～白天の城、黒夜の城～』イベント期間限定】
尖兵の籠手のドロップ獲得数アップ
尽くせぬ忠誠の残滓
尾山御坊
尾張の大うつけ
局中法度 EX
屋上
屋上庭園
屋台ストリート
屋敷跡
屋敷隣の洞窟
屍山血河舞台：
下総国
屍者の王国
屏風だらけの座敷
屏風裏の廊下
展望台
屯所
山の幸
山の幸のドロップ獲得数を1個増やす【『雀のお宿の活動日誌』イベント期間限定】
山の幸のドロップ獲得数を2個増やす[最大解放]【『雀のお宿の活動日誌』イベント期間限定】
山の幸のドロップ獲得数アップ
山の心臓 A
山の翁
山中の天
山伏団子
山伏団子のドロップ獲得数アップ
山南敬助
山地
山岳コース
山岳・森林地帯での遊び、もとい冒険を
想定したスカウト・ユニフォーム
山桜
山河の膂力 A+
山猫
山猫はまっすぐ走れない
山神の加護 B
山脈震撼す明星の薪
山裾
山裾の密林
山賊・ハント 典位+級
山賊・ハント 典位級
山賊・ハント 祭位級
山賊・ハント 開位級
山道
山陰の細道
山陽丘
岐阜城
岡田以蔵
岡田以蔵霊衣獲得クエスト
岩山の高台
岩集め チョコっとグルメ日和
岩集め 宝石を求めて三千里
岩集め 或る戦争の記録
岩集め 注文の多い刀鍛冶
岩集め 発見！地獄の特訓場
岩集め 石の上にも三年
岩集め 素敵な拷問準備中
岩集め 自然を愛する撮影家
岩集め 謎の巨大爆破跡
岩集め 轟音響く採石場
岸波白野
峠道
崇禎帝四詩歌
崖上の城塞
崖際の坂道
崩れた廊下
崩れた部屋
崩れた雪道
嵐に吼える
嵐のような恋を唄えよ
嵐の女
嵐の海
嵐の海を越えるもの
嵐の海域
嵐の航海者 A
嵐の航海者 A+
嵐の航海者 B
嵐の航海者 C++
嵐の遭難者
嵐を駆る者たち
嵐ノブ
巌窟王
巌窟王 C
巌窟王　モンテ・クリスト
巌窟王モンテ・クリスト
巖本英利
川の幸
川の幸のドロップ獲得数を1個増やす【『雀のお宿の活動日誌』イベント期間限定】
川の幸のドロップ獲得数を2個増やす[最大解放]【『雀のお宿の活動日誌』イベント期間限定】
川の幸のドロップ獲得数アップ
川中島
川中島を制圧(兵糧+5)
川崎大師
川辺の町
川辺の砦
川間の大地
巡り来たる宿命の剣
巡礼の守護者 B
巡霊の祝祭
巡霊の祝祭／伍
巡霊の祝祭／参
巡霊の祝祭／壱
巡霊の祝祭／弐
巡霊の祝祭／拾
巡霊の祝祭／拾参
巡霊の祝祭／拾壱
巡霊の祝祭／拾弐
巡霊の祝祭／拾肆
巡霊の祝祭／捌
巡霊の祝祭／漆
巡霊の祝祭／玖
巡霊の祝祭／肆
巡霊の祝祭／陸
巡霊の葉
工事中の施設
工房
左歯噛咬 C
左馬権頭と三蔵法師
左馬権頭と三蔵法師_ゴール後状態
左馬権頭と三蔵法師_頼光羽衣差分_ゴール後状態
左鯱
巨いなる傲岸への警鐘 A+
巨人の庇護
巨人の指輪
巨人の指輪、ゴーストランタン、万死の毒針の中から一つと交換ができます。
巨人の指輪、ホムンクルスベビー、励振火薬の中から一つと交換ができます。
巨人の指輪、八連双晶、虚影の塵の中から一つと交換ができます。
巨人の指輪、追憶の貝殻、世界樹の種の中から一つと交換ができます。
巨人の指輪、追憶の貝殻、愚者の鎖の中から一つと交換ができます。
巨人の穴倉
巨人の穴倉の紋章
巨人の花園
巨人・ハント 典位+級
巨人・ハント 典位級
巨人・ハント 祭位級
巨人・ハント 開位級
巨大な魚影を攻撃
巨大メカ魔猪・ハント 典位+級
巨大メカ魔猪・ハント 典位級
巨大メカ魔猪・ハント 祭位級
巨大メカ魔猪・ハント 開位級
巨大樹の泉
巨大違法建築
巨大遺跡
巨大魔猪・ハント 典位
巨大魔猪・ハント 典位++級
巨大魔猪・ハント 典位+級
巨大魔猪・ハント 典位級
巨大魔猪・ハント 祭位
巨大魔猪・ハント 祭位級
巨大魔猪・ハント 開位
巨大魔猪・ハント 開位級
巨影、冥海の淵より来たる
巨影、南海の空より墜ちる
巨影、生命の海より出ずる
巨影、矮小たる夜を駆ける
巨怪蹂躙 EX
巨獣来航
巨獣狩り A
巨神の通り道
巨竜襲来
巨象の足跡
巫女のカリスマ B
巫覡八石跳
巫邪霊媒 A
差し替え準備
差し替え間に合いますよ D++
己が栄光の為でなく
巴御前
市内観光ツアー
市街地
布団の敷かれた座敷
希う淡き夢見し
希望のカリスマ B
希望の廃都
希望を、あなたと
希望孵す夏の水鏡
希望築く人理の盾
希望証す人理の剣
帝都
帝都演劇部・地獄の稽古編
帝都聖杯戦争
帯電
帰らずの柘榴 A
帰り路
帰滅を裁定せし廻剣
帰路
帰還
常夏の休暇
常夏の水着
常夏の水着Ver.02
常夏の水着Ver.03
常夏の水着開放権
常夏即売会場
常夏日光・日除傘寵愛一神
常夜の訪問者 ～奥様は魔女～ 1
常夜の訪問者 ～奥様は魔女～ 10
常夜の訪問者 ～奥様は魔女～ 11
常夜の訪問者 ～奥様は魔女～ 12
常夜の訪問者 ～奥様は魔女～ 13
常夜の訪問者 ～奥様は魔女～ 14
常夜の訪問者 ～奥様は魔女～ 15
常夜の訪問者 ～奥様は魔女～ 2
常夜の訪問者 ～奥様は魔女～ 3
常夜の訪問者 ～奥様は魔女～ 4
常夜の訪問者 ～奥様は魔女～ 5
常夜の訪問者 ～奥様は魔女～ 6
常夜の訪問者 ～奥様は魔女～ 7
常夜の訪問者 ～奥様は魔女～ 8
常夜の訪問者 ～奥様は魔女～ 9
常夜を照らす導きの星
常闇の間
幕外 異神どもの海(1/5)
幕外 異神どもの海(2/5)
幕外 異神どもの海(3/5)
幕外 異神どもの海(4/5)
幕外 異神どもの海(5/5)
幕末チャンバラパワー
幕末チャンバラパワー A
幕末チャンバラパワー B
幕末チャンバラパワー EX
幕末チャンバラ神話 ぐだぐだ新選組・ジ・エンド 
REVENGE OF MAKOTO
幕末チャンバラ神話　ぐだぐだ新選組・ジ・エンド　REVENGE　OF　MAKOTO
幕末最強伝説IZO
幕間
幕間 「材の真実」 其之一
幕間 「材の真実」 其之三
幕間 「材の真実」 其之二
幕間の物語
幕間の物語第1節クリアで開放
幕間の物語第2節クリアで開放
幕間の物語第3節クリアで開放
幕間２
幕間３
幕間４
干し柿
干将・莫耶（拳銃）
平原の真中
平安宮
平安武者
平安武者装束
平景清
平穏の無花果
平穏の無花果 EX
平蜘蛛
年貢集め 尾山御坊
年貢集め 岐阜城
年貢集め 帝都
年貢集め 摩玖主本能寺
年貢集め 日輪城
年貢集め 躑躅ヶ崎館
年貢集め 駿府城
年貢集め 魔王城ＡＺＵＴＩ
幸せとは温い子犬
幸せな花嫁へ
幸せのパンケーキ
幸せを報告する義理チョコ
幸せカウンター2,000以上で開放
幸せカウンター2,500以上で開放
幸せカウンター4,500以上で開放
幸せカウンター5,000以上で開放
幸せカウンター500以上で開放
幸せカウンター6,000以上で開放
幸せカウンター8,000以上
＆「対決！ マシュ・キリエライト」
クリアで開放
幸せカウンター8,500以上で開放
幸せカウンター9,998到達
＆「ドバイの白い壁とドライな黒ビキニ」
クリアで開放
幸せカウンターポイント
幸福のリジェネレイト
幸福累計都市 ドバイ
幸運の塊
幸運の糸紡ぎ A
幻なる日の出の翼 B
幻の大河で資源収集
幻の女
幻の海洋
幻惑
幻想のプリマ A
幻想の姫
幻想の聖人 A
幻想の鉄処女
幻想大剣・天魔失墜
幻想強化
幻想惑星カリブー
幻想種
幻想種の食べ歩き
幻想空中都市：
ラピュタ
幻想蒐集領域
パッチワーク・ロンドン
幻想蒐集領域パッチワーク・ロンドン
幻獣憑依 C
幻術 A
幻術 A+
幻術（外術） EX
幻術（奇想天外） A
幻邪馬台時空サカイ
幼児退行
幼児退行 A
幼児退行 C
幽世の使者
幽冥娘娘
幽玄たる黒 A
幽谷の淵
幽霊が出そうな座敷
幽霊少女との夏
幽霊屋敷の人狼たち：２日目
幽霊屋敷の人狼たち：３日目
幽霊屋敷の人狼たち：４日目
幽霊船と新たな島
幽霊船の財宝
幾たび、終幕を迎えても
幾重にも閉ざされた廊下
幾重にも閉ざされた部屋
広域殲滅兵器・ハント 典位++級
広域殲滅兵器・ハント 典位+級
広域殲滅兵器・ハント 典位級
広域殲滅兵器・ハント 祭位級
広域殲滅兵器・ハント 開位級
序
序幕 世はまさに英霊割拠の戦国時代
序幕 潜航、深く遠く
序幕 血の色匂へ 花と散れ
序幕 黒いサンタクロース
序幕　黒いサンタクロース
序段　心ときめきするもの
序章
序章クリアで開放
序／2017年 12月26日
序／2017年 12月31日
度数調査 チョコをつまみに大宴会
度数調査 チョコレート工場の機密
度数調査 世情に構わず狩猟ツアー
度数調査 幼き王へのお届けもの
度数調査 数の自慢は悪い文明？
度数調査 新作チョコ即売会
度数調査 新作チョコＣＭ撮影
度数調査 甘味に飽きたらどうしましょう
度数調査 舞姫のお悩み相談
座■不明　悪霊■し
座布団だらけの座敷
庭園の守り人
庭園右翼
庭園左翼
庭園船首
庵
廃ビル探索 上級
廃ビル探索 中級
廃ビル探索 初級
廃墟
廃墟の財宝
廃材捨て場
廃村
廃棄孔、閉鎖
廃棄孔アンドロマリウス 制圧戦
廃棄孔アンドロマリウス 最終戦
廃棄少女幻想 エンド・サクリファイス
廃棄獣コスモボア
廃都バビロン
延焼
建築予定地
廻転という罪/『future』
弁慶
弁財天五弦琵琶
弓のコインチョコ
弓のチョコ型
弓の印章
弓の秘石
弓の輝石
弓の魔石
弓兵の頂に立つもの
弓矢作成 A
弓術談義
引き回しの刑
引き籠もりミルキーウェイ
弧悦同舟
弱体を受けなくなる
弱体付与アップ
弱体付与率をアップ
弱体無効
弱体耐性をアップ
弱体耐性をダウン
弱体耐性をダウン(弱体解除で解除不能)
弱体耐性をダウン(強化扱い)
弱体耐性アップ
弱体耐性アップを無視して弱体効果を付与する
弱体耐性ダウン
弱体耐性無視
弱体解除
弱体（虞美人） EX
弱強五歩格 A+
弱肉保護
弱肉強食
張角
強制封印・万魔神殿
強化を受けなくなる
強化クエスト
強化クエスト “山の翁”
強化クエスト “山の翁” 2
強化クエスト アイリスフィール〔天の衣〕
強化クエスト アキレウス
強化クエスト アシュヴァッターマン
強化クエスト アスクレピオス
強化クエスト アステリオス
強化クエスト アステリオス 2
強化クエスト アストルフォ
強化クエスト アタランテ
強化クエスト アタランテ 2
強化クエスト アナスタシア
強化クエスト アビゲイル・ウィリアムズ
強化クエスト アビゲイル・ウィリアムズ 2
強化クエスト アビゲイル・ウィリアムズ〔夏〕
強化クエスト アマデウス
強化クエスト アマデウス 2
強化クエスト アマデウス 3
強化クエスト アムール〔カレン〕
強化クエスト アルジュナ
強化クエスト アルジュナ 2
強化クエスト アルテラ
強化クエスト アルテラ 2
強化クエスト アルテラ・ザ・サン〔タ〕
強化クエスト アルトリア・ペンドラゴン
強化クエスト アルトリア・ペンドラゴン 2
強化クエスト アルトリア・ペンドラゴン 3
強化クエスト アルトリア・ペンドラゴン〔オルタ〕
強化クエスト アルトリア・ペンドラゴン〔オルタ〕 2
強化クエスト アルトリア・ペンドラゴン〔サンタオルタ〕
強化クエスト アルトリア・ペンドラゴン〔リリィ〕
強化クエスト アルトリア・ペンドラゴン〔リリィ〕 2
強化クエスト アレキサンダー
強化クエスト アレキサンダー 2
強化クエスト アレキサンダー 3
強化クエスト アンデルセン
強化クエスト アンデルセン 2
強化クエスト アントニオ・サリエリ
強化クエスト アンリマユ
強化クエスト アン・ボニー＆メアリー・リード
強化クエスト アン・ボニー＆メアリー・リード 2
強化クエスト アーサー・ペンドラゴン〔プロトタイプ〕
強化クエスト アーサー・ペンドラゴン〔プロトタイプ〕 2
強化クエスト アーサー・ペンドラゴン〔プロトタイプ〕 3
強化クエスト アーラシュ
強化クエスト イシュタル
強化クエスト イスカンダル
強化クエスト イスカンダル 2
強化クエスト イリヤスフィール・フォン・アインツベルン
強化クエスト イヴァン雷帝
強化クエスト ウィリアム・テル
強化クエスト エイリーク
強化クエスト エイリーク 2
強化クエスト エイリーク 3
強化クエスト エウリュアレ
強化クエスト エウロペ
強化クエスト エミヤ
強化クエスト エミヤ 2
強化クエスト エミヤ 3
強化クエスト エミヤ 4
強化クエスト エミヤ〔アサシン〕
強化クエスト エミヤ〔オルタ〕
強化クエスト エミヤ〔オルタ〕 2
強化クエスト エリザベート・バートリー
強化クエスト エリザベート・バートリー 2
強化クエスト エリザベート・バートリー 3
強化クエスト エリザベート・バートリー 4
強化クエスト エリザベート・バートリー〔ハロウィン〕
強化クエスト エリザベート・バートリー〔ハロウィン〕 2
強化クエスト エリザベート・バートリー〔ハロウィン〕 3
強化クエスト エリザベート・バートリー〔ブレイブ〕
強化クエスト エリザベート・バートリー〔ブレイブ〕 2
強化クエスト エルキドゥ
強化クエスト エルキドゥ 2
強化クエスト エレシュキガル
強化クエスト エレシュキガル 2
強化クエスト エレナ・ブラヴァツキー
強化クエスト オジマンディアス
強化クエスト オジマンディアス 2
強化クエスト オデュッセウス
強化クエスト オリオン
強化クエスト カエサル
強化クエスト カエサル 2
強化クエスト カラミティ・ジェーン
強化クエスト カリギュラ
強化クエスト カリギュラ 2
強化クエスト カルナ
強化クエスト カルナ 2
強化クエスト カルナ 3
強化クエスト カーマ
強化クエスト カーミラ
強化クエスト カーミラ 2
強化クエスト ガウェイン
強化クエスト ガウェイン 2
強化クエスト ガレス
強化クエスト キルケー
強化クエスト キルケー 2
強化クエスト キングプロテア
強化クエスト キングプロテア 2
強化クエスト キングプロテア 3
強化クエスト ギルガメッシュ
強化クエスト ギルガメッシュ 2
強化クエスト クレオパトラ
強化クエスト クー・フーリン
強化クエスト クー・フーリン 2
強化クエスト クー・フーリン〔オルタ〕
強化クエスト クー・フーリン〔オルタ〕 2
強化クエスト クー・フーリン〔プロトタイプ〕
強化クエスト クー・フーリン〔プロトタイプ〕 2
強化クエスト グレイ
強化クエスト グレゴリー・ラスプーチン
強化クエスト ケツァル・コアトル
強化クエスト ケツァル・コアトル 2
強化クエスト ゴルゴーン
強化クエスト ゴルゴーン 2
強化クエスト サンソン
強化クエスト サンソン 2
強化クエスト サンソン 3
強化クエスト シェイクスピア
強化クエスト シェイクスピア 2
強化クエスト シェイクスピア 3
強化クエスト シェヘラザード
強化クエスト シェヘラザード 2
強化クエスト シグルド
強化クエスト シグルド 2
強化クエスト シグルド 3
強化クエスト シトナイ
強化クエスト シャルルマーニュ
強化クエスト シャルロット・コルデー
強化クエスト シャーロック・ホームズ
強化クエスト シュヴァリエ・デオン
強化クエスト シュヴァリエ・デオン 2
強化クエスト ジェロニモ
強化クエスト ジキル＆ハイド
強化クエスト ジキル＆ハイド 2
強化クエスト ジャガーマン
強化クエスト ジャック・ザ・リッパー
強化クエスト ジャック・ド・モレー
強化クエスト ジャック・ド・モレー 2
強化クエスト ジャンヌ・ダルク
強化クエスト ジャンヌ・ダルク 2
強化クエスト ジャンヌ・ダルク〔オルタ〕
強化クエスト ジャンヌ・ダルク〔オルタ〕 2
強化クエスト ジャンヌ・ダルク・オルタ・サンタ・リリィ
強化クエスト ジル・ド・レェ
強化クエスト ジル・ド・レェ 2
強化クエスト ジル・ド・レェ 3
強化クエスト ジル・ド・レェ 4
強化クエスト ジークフリート
強化クエスト ジークフリート 2
強化クエスト ジークフリート 3
強化クエスト スカサハ
強化クエスト スカサハ 2
強化クエスト スカサハ＝スカディ
強化クエスト ステンノ
強化クエスト ステンノ 2
強化クエスト ステンノ 3
強化クエスト スパルタクス
強化クエスト スパルタクス 2
強化クエスト スパルタクス 3
強化クエスト スーパーバニヤン
強化クエスト セタンタ
強化クエスト セミラミス
強化クエスト セミラミス 2
強化クエスト タマモキャット
強化クエスト タマモキャット 2
強化クエスト ダビデ
強化クエスト ダビデ 2
強化クエスト ダレイオス三世
強化クエスト ダレイオス三世 2
強化クエスト ティーチ
強化クエスト ティーチ 2
強化クエスト ディオスクロイ
強化クエスト ディルムッド
強化クエスト トリスタン
強化クエスト トーマス・エジソン
強化クエスト トーマス・エジソン 2
強化クエスト トーマス・エジソン 3
強化クエスト ナイチンゲール
強化クエスト ナイチンゲール 2
強化クエスト ナポレオン
強化クエスト ナーサリー・ライム
強化クエスト ニコラ・テスラ
強化クエスト ニコラ・テスラ 2
強化クエスト ニトクリス
強化クエスト ネモ
強化クエスト ネロ・クラウディウス
強化クエスト ネロ・クラウディウス 2
強化クエスト ネロ・クラウディウス 3
強化クエスト ネロ・クラウディウス〔ブライド〕
強化クエスト ネロ・クラウディウス〔ブライド〕 2
強化クエスト バベッジ
強化クエスト バベッジ 2
強化クエスト バーソロミュー
強化クエスト バーヴァン･シー
強化クエスト パッションリップ
強化クエスト パッションリップ 2
強化クエスト パリス
強化クエスト パールヴァティー
強化クエスト ビリー・ザ・キッド
強化クエスト ビリー・ザ・キッド 2
強化クエスト ファントム
強化クエスト ファントム 2
強化クエスト ファントム 3
強化クエスト フィン・マックール
強化クエスト フィン・マックール 2
強化クエスト フェルグス
強化クエスト フランケンシュタイン
強化クエスト フランシス・ドレイク
強化クエスト フランシス・ドレイク 2
強化クエスト ブラダマンテ
強化クエスト ブラダマンテ 2
強化クエスト ブリトマート
強化クエスト ブリュンヒルデ
強化クエスト ブーディカ
強化クエスト ブーディカ 2
強化クエスト ブーディカ 3
強化クエスト ブーディカ 4
強化クエスト ヘクトール
強化クエスト ヘクトール 2
強化クエスト ヘシアン・ロボ
強化クエスト ヘラクレス
強化クエスト ベオウルフ
強化クエスト ベオウルフ 2
強化クエスト ベディヴィエール
強化クエスト ペンテシレイア
強化クエスト ボイジャー
強化クエスト ボイジャー 2
強化クエスト ポール・バニヤン
強化クエスト マタ・ハリ
強化クエスト マタ・ハリ 2
強化クエスト マタ・ハリ 3
強化クエスト マリー・アントワネット
強化クエスト マリー・アントワネット 2
強化クエスト マルタ
強化クエスト マルタ 2
強化クエスト マルタ 3
強化クエスト マルタ 4
強化クエスト マンドリカルド
強化クエスト マーリン
強化クエスト ミス・クレーン
強化クエスト メイヴ
強化クエスト メイヴ 2
強化クエスト メカエリチャン
強化クエスト メカエリチャン 2
強化クエスト メカエリチャンII号機
強化クエスト メカエリチャンII号機 2
強化クエスト メディア
強化クエスト メディア 2
強化クエスト メディア〔リリィ〕
強化クエスト メドゥーサ
強化クエスト メドゥーサ 2
強化クエスト メドゥーサ 3
強化クエスト メフィストフェレス
強化クエスト メフィストフェレス 2
強化クエスト メフィストフェレス 3
強化クエスト メルトリリス
強化クエスト メルトリリス 2
強化クエスト メルトリリス 3
強化クエスト メルトリリス 4
強化クエスト モリアーティ
強化クエスト モリアーティ 2
強化クエスト モードレッド
強化クエスト モードレッド 2
強化クエスト ラクシュミー・バーイー
強化クエスト ランスロット
強化クエスト ラーマ
強化クエスト ラーマ 2
強化クエスト リチャードⅠ世
強化クエスト レオナルド・ダ・ヴィンチ
強化クエスト レオナルド・ダ・ヴィンチ 2
強化クエスト レオニダス
強化クエスト レオニダス 2
強化クエスト レオニダス 3
強化クエスト ロビンフッド
強化クエスト ロビンフッド 2
強化クエスト ロムルス
強化クエスト ロムルス 2
強化クエスト ロムルス 3
強化クエスト ワルキューレ
強化クエスト ヴァン・ゴッホ
強化クエスト ヴァン・ホーエンハイム・パラケルスス
強化クエスト ヴラド三世
強化クエスト ヴラド三世 2
強化クエスト ヴリトラ
強化クエスト 両儀式
強化クエスト 両儀式 2
強化クエスト 両儀式 3
強化クエスト 佐々木小次郎
強化クエスト 佐々木小次郎 2
強化クエスト 佐々木小次郎 3
強化クエスト 俵藤太
強化クエスト 出雲阿国
強化クエスト 刑部姫
強化クエスト 刑部姫 2
強化クエスト 加藤段蔵
強化クエスト 千子村正
強化クエスト 卑弥呼
強化クエスト 司馬懿〔ライネス〕
強化クエスト 呂布奉先
強化クエスト 呪腕のハサン
強化クエスト 呪腕のハサン 2
強化クエスト 哪吒
強化クエスト 哪吒 2
強化クエスト 土方歳三
強化クエスト 土方歳三 2
強化クエスト 坂本龍馬
強化クエスト 坂田金時
強化クエスト 天草四郎
強化クエスト 天草四郎 2
強化クエスト 天草四郎 3
強化クエスト 始皇帝
強化クエスト 子ギル
強化クエスト 宝蔵院胤舜
強化クエスト 宮本武蔵
強化クエスト 宮本武蔵 2
強化クエスト 山南敬助
強化クエスト 岡田以蔵
強化クエスト 岡田以蔵 2
強化クエスト 巌窟王
強化クエスト 巌窟王 2
強化クエスト 巴御前
強化クエスト 平景清
強化クエスト 弁慶
強化クエスト 弁慶 2
強化クエスト 張角
強化クエスト 斎藤一
強化クエスト 望月千代女
強化クエスト 望月千代女 2
強化クエスト 李書文
強化クエスト 李書文 2
強化クエスト 柳生但馬守宗矩
強化クエスト 柳生但馬守宗矩 2
強化クエスト 森長可
強化クエスト 楊貴妃
強化クエスト 楊貴妃 2
強化クエスト 武則天
強化クエスト 武則天 2
強化クエスト 殺生院キアラ
強化クエスト 殺生院キアラ 2
強化クエスト 殺生院キアラ 3
強化クエスト 殺生院キアラ 4
強化クエスト 沖田総司
強化クエスト 沖田総司 2
強化クエスト 沖田総司〔オルタ〕
強化クエスト 沖田総司〔オルタ〕 2
強化クエスト 浅上藤乃
強化クエスト 浅上藤乃 2
強化クエスト 清姫
強化クエスト 清姫 2
強化クエスト 清姫 3
強化クエスト 清少納言
強化クエスト 源頼光
強化クエスト 源頼光 2
強化クエスト 燕青
強化クエスト 燕青 2
強化クエスト 牛若丸
強化クエスト 牛若丸 2
強化クエスト 牛若丸 3
強化クエスト 玄奘三蔵
強化クエスト 玄奘三蔵 2
強化クエスト 玉藻の前
強化クエスト 百貌のハサン
強化クエスト 秦良玉
強化クエスト 紅閻魔
強化クエスト 紫式部
強化クエスト 織田信長
強化クエスト 美遊・エーデルフェルト
強化クエスト 茨木童子
強化クエスト 茶々
強化クエスト 荊軻
強化クエスト 荊軻 2
強化クエスト 荊軻 3
強化クエスト 葛飾北斎
強化クエスト 葛飾北斎 2
強化クエスト 蘭陵王
強化クエスト 虞美人
強化クエスト 虞美人 2
強化クエスト 諸葛孔明〔エルメロイⅡ世〕
強化クエスト 謎のヒロインX
強化クエスト 謎のヒロインX 2
強化クエスト 謎のヒロインXX
強化クエスト 謎のヒロインX〔オルタ〕
強化クエスト 謎のヒロインX〔オルタ〕 2
強化クエスト 赤兎馬
強化クエスト 酒呑童子
強化クエスト 鈴鹿御前
強化クエスト 長尾景虎
強化クエスト 静謐のハサン
強化クエスト 静謐のハサン 2
強化クエスト 項羽
強化クエスト 風魔小太郎
強化クエスト 鬼一法眼
強化クエスト 鬼女紅葉
強化クエスト 魔王信長
強化クエスト 魔王信長2
強化クエスト ＢＢ
強化付与アップ
強化付与アップ解除
強化付与ダウン
強化付与率をアップ
強化成功率をダウン
強化成功率ダウン
強化成功率ダウン（強化扱い）
強化無効
強化解除
強化解除耐性をアップ
強化解除耐性をアップ(〔増殖〕状態解除の対象となる)
強化解除耐性アップ
強欲の都
強欲は破滅をもたらす
強欲圏の城塞
強欲圏の荒地
強襲牛車監獄
強襲牛車監獄
ケルティックプリズン
強食
弾丸と銃
当世風贈答菓子
当代不吉 B
彗星走法 A+
形ある島
彩る海の街角で
彩色の修練場
彫像の乙女 A
彫姫の行進
影と影と、影
影のサーヴァント
影の国にていざなうもの
影の国の舞闘会 ～ネコとバニーと聖杯戦争～
影の国の舞闘会　―エピローグ―
影の国の舞闘会　―プロローグ―
影の戦線I 開幕戦
影の戦線II 急がば回れ
影の戦線III お宝大作戦
影の戦線IV 死の足音
影の戦線V 挟撃戦術
影の戦線VI 狂乱の宴
影の戦線VII 終幕戦
影の風紀委員長 A
影郷の武練 B+
彷徨える神秘の島にて
役者はいなくなった
彼
彼のくれた杖
彼の海にて眠る鯨竜
彼もまたイスカンダルなのだから（偽） A
彼女の見る世界
彼方とおちる夢の瞳
彼方にかざす夢の噺
彼方に向かう者たち A
彼方に手まねく理想郷
彼方の先には
彼方の日々
彼方の荒野
彼方への巡礼
彼方への想い A
彼方より頂に至るもの
征服王の戦車
待ち人の声
待合室
待機
待機状態となる
後ろの席の可愛い奴
後夜祭ボーナスクエスト
後宮のカリスマ（夏） EX
後日談 がんばるファラオのおはなし（結）
後日談 エレナの夏休み《PART2》
後日談 ワイルド・スピード／＆ロー
後日談 今日の教授 ～シノギ編～
後日談 大勝利！ 希望の尾張へレッツゴー！
後日談 頼光、本性を顕す【胎蔵界編】
後節 GoGoみんなの新選組！
後節 イケイケ僕らの織田幕府！
後節 勝った！ 織田幕府完！
後節 勝利の鍵は新選組！
後編
徐福
徐福伝説 C
徒なる影
従者の間
得られる自身の絆アップ
徘徊する大型女中、そして些細な幻想（乙）
徘徊する大型女中、そして些細な幻想（甲）
御中元
御伽茨雪魔嬢
御坂峠
御徒町
御猿畠
御社風の廊下
御社風の部屋
御道具集め 不知火の間
御道具集め 夕闇の間
御道具集め 宵闇の間
御道具集め 常闇の間
御道具集め 常闇の間（裏）
御道具集め 月下美人の間
御道具集め 桃の間
御道具集め 梅の廊下
御道具集め 梟の間
御道具集め 極光の間
御道具集め 極光の間（裏）
御道具集め 極楽鳥の間
御道具集め 極楽鳥の間（裏）
御道具集め 狐の間
御道具集め 狸の間
御道具集め 蜃気楼の間
御道具集め 隼の間
御道具集め 龍の間
御鈴廊下
御鈴行灯
御錠口
復刻:8周年最大ダメージトライアル2日目
復刻:9周年最大ダメージトライアル2日目
復刻:CBC2016特別招待状
復刻:Grandネロ祭
復刻:Grandネロ祭
～2021 Early Summer～
復刻:Grandネロ祭 ～2021 Early Summer～
復刻:ぐだぐだ帝都聖杯奇譚
～極東魔戦線1945～ ライト版
復刻:ぐだぐだ明治維新
復刻:ぐだぐだ明治維新 ライト版
復刻:ぐだぐだ本能寺 ライト版
復刻:オール・ザ・ステイツメン!
～マンガで分かる合衆国開拓史～
復刻:オール・ザ・ステイツメン！
復刻:オール信長総進撃 ぐだぐだファイナル本能寺2019 ライト版
復刻:クリスマス2019
ナイチンゲールのクリスマス･キャロル ライト版
復刻:サーヴァント・サマーキャンプ！ 
～カルデア・スリラーナイト～ ライト版
復刻:サーヴァント・サマー・フェスティバル！ ライト版
復刻:セイバーウォーズ
復刻:セイバーウォーズ
～リリィのコスモ武者修行～ ライト版
復刻:セイバーウォーズ２ ～始まりの宇宙へ～ ライト版
復刻:セイバーウォーズ２のメインストーリークリアで開放
復刻:ダ・ヴィンチと七人の贋作英霊
　ライト版
復刻:デスジェイル・サマーエスケイプ
～罪と絶望のメイヴ大監獄2017～ ライト版
復刻:デッドヒート・サマーレース！
～夢と希望のイシュタルカップ2017～
ライト版
復刻:ハロウィン・カムバック！
超極☆大かぼちゃ村 ～そして冒険へ……～
ライト版
復刻:ハロウィン･ストライク！
魔のビルドクライマー／姫路城大決戦 ライト版
復刻:冥界のメリークリスマス ライト版
復刻:天魔御伽草子 鬼ヶ島 ライト版
復刻:徳川廻天迷宮 大奥
復刻:星の三蔵ちゃん、天竺に行く
復刻:星の三蔵ちゃん、天竺に行く ライト版
復刻:昭和キ神計画 ぐだぐだ龍馬危機一髪！ 
消えたノッブヘッドの謎 ライト版
復刻:栄光のサンタクロース・ロード
～封じられたクリスマスプレゼント～ ライト版
復刻:水怪クライシス 無垢なる者たちの浮島 ライト版
復刻:神秘の国のＯＮＩＬＡＮＤ!! 
～鬼の王とカムイの黄金～ ライト版
復刻:見参！ ラスベガス御前試合
～水着剣豪七色勝負！ ライト版
復刻:超古代新選組列伝
ぐだぐだ邪馬台国2020 ライト版
復刻:雀のお宿の活動日誌～閻魔亭繁盛記～ ライト版
復刻:鬼哭酔夢魔京 羅生門 ショート版
復刻クエスト2018
復刻クエスト2019
復刻クリスマス
復刻クリスマス2017_カルデアゲート表示用
復刻シナリオ: インヴェイダー・オータム
復刻シナリオ: エイジ・オブ・イシュタリン
復刻シナリオ: オープニング・セレモニー
復刻シナリオ: バトル・イン・ニューヨーク2019
復刻シナリオ: 授賞式の前に
復刻シナリオ: 新たなる戦い
復刻シナリオ: 開催！ 第2回ネロ祭！
復刻月見
復刻本能寺
復刻版:Apocrypha/Inheritance of Glory -Triumphal-
復刻版:Fate/Accel Zero Order -LAP_2-
復刻版:レディ・ライネスの事件簿 -Plus Episode-
復刻版:深海電脳楽土 SE.RA.PH
-Second Ballet-
復刻版:空の境界/the Garden of Order
 -Revival-
復刻版:空の境界「エンカウント」クリアで開放
復刻版:魔法少女紀行 ～プリズマ・コーズ～
-Re-install-
復刻監獄塔
復刻監獄塔および終章クリアで開放
復刻羅生門
復刻羅生門および終局特異点クリアで開放
復刻贋作英霊
復刻：ぐだぐだ本能寺
復刻：ほぼ週間 サンタオルタさん ライト版
復刻：ダ・ヴィンチと七人の贋作英霊 ライト版
復刻：チョコレート・レディの空騒ぎ
-Valentine 2016-  拡大版
復刻：チョコレート・レディの空騒ぎ -Valentine 2016- 拡大版
復刻：二代目はオルタちゃん 
～2016クリスマス～ ライト版
復刻：二代目はオルタちゃん ～2016クリスマス～ ライト版
復刻：星の三蔵ちゃん、天竺に行く ライト版
復刻：月の女神はお団子の夢を見るか？
ライト版
復刻：月の女神はお団子の夢を見るか？ ライト版
復刻：歌うカボチャ城の冒険
～マッドパーティー2015～ ライト版
復刻：監獄塔に復讐鬼は哭く
復権界域拠点
復活の黄金都市
復興都市
復興！ 浅井家の野望！
復讐界域拠点
復讐者 A
復讐者 B
復讐者 B+
復讐者 B-
復讐者 C
復讐者 C+
復讐者 D
復讐者 D++
復讐者 EX
復讐者（建前） B+
復讐計画（狂奔） B++
微睡みにトロイメライ
微睡む爆弾
微笑む花が如き、君を
徳川廻天迷宮 大奥
徳川廻天迷宮　大奥
徳川廻天迷宮：
大奥 ～表～
徴姉妹
徴聖王 EX
徹夜はいけません
心の在処
心をこめたチョコレート（お説教つき）
心を失った者・ハント 典位+級
心を失った者・ハント 典位級
心を失った者・ハント 祭位級
心を失った者・ハント 開位級
心を留めるもの
心尽くしの
心惹かれる廊下
心惹かれる部屋
心拍白昼夢
心清き盾
心眼（偽） A
心眼（偽） B
心眼（偽） B-
心眼（偽） C
心眼（真） A
心眼（真） B
心眼（真） C
心眼（真） EX
心眼（Ｊ） A-
心緋き臣下の令印
心願成就
必中
必中を無視して、攻撃によるダメージを0にする
必中を無視して、攻撃によるダメージを0にする(他の無敵状態と重複可能)
必中解除
必中：水辺または虚数空間
必殺トライデント
必至
忌まわしきは我が人生
忌避されし祭礼行列 C
忌避すべき実験
忍び寄る仮面 Rank A
忍び寄る仮面 Rank B
忍び寄る仮面 Rank C
忍び寄る仮面 Rank D
忍び寄る仮面 Rank EX
忍城
忍城を制圧(火薬+5)
忍術 A
忍術 A+++
忘れえぬもの
忘れえぬ夏休み、白亜の夢
忘れじの夏、二天の懐
忘れじの灰
忘れじの砂浜
忘れじの葉
忘れられた神殿
忘却無効 EX
忘却補正 A
忘却補正 A++
忘却補正 B
忘却補正 C
忘却補正 E
忘却補正 EX
忘失代償／迫り来る神裁
応急手当
応急支援
応急早弁
忠士の相 B
忠犬待ったなし
忠魂義胆の真髄
忠魂義胆の真髄 A
忠魂義胆の真髄 B
忠魂義胆の真髄 EX
快楽主義 EX
快楽天・胎蔵曼荼羅
怒りの鉄塊
怒りよ、願いよ、魔を鏖殺する女神よ
思い出される物語
思い出のリボン
思い出の休日スタイル
思わせぶりな廊下
思わせぶりな部屋
思想鍵紋 EX
怠惰の都
急所が判明している状態
急所判明
怨霊調伏 A
怪々みんさー
怪々みんさーのドロップ獲得数を1個増やす【『カルデア南海大決戦！』イベント期間限定】
怪々みんさーのドロップ獲得数を2個増やす[最大解放]【『カルデア南海大決戦！』イベント期間限定】
怪々みんさーのドロップ獲得数アップ
怪しい倉庫巡回
怪しい頭巾屋さん
怪しい麦袋
怪しい麦袋のドロップ獲得数アップ
怪力 A
怪力 A+
怪力 B
怪力 B+
怪力 C
怪力 C-
怪力 EX
怪物の巫女、鋼鉄の軍師、暗殺の天使
怪物の黄金剣
怪獣彗星α
怪獣彗星β
怪獣彗星γ
怪獣彗星ω
怪異退治 吉原 遊女の恩讐
怪異退治 増上寺 消えた禁呪書
怪異退治 日本橋 この橋渡るべからず
怪異退治 横須賀 妖蛇の台所
怪異退治 江戸城 襲来せし邪竜
怪異退治 浅草 お邪魔虫駆除
怪異退治 浅草 月下の鬼宴
怪異退治 浅草 猛獣夜行
怪異退治 神奈川湊 異邦からの来訪者
怪異退治 神田 白き暴徒達
怪異退治 赤坂 乱世の軍勢
怪異退治 鳥越神社 霊魂漂う巡礼路
怪盗の予告状
怪盗の予告状 A
怪盗乱麻
怪盗乱麻 A
怪盗乱麻 B
怪盗乱麻 EX
怪盗天草四郎
怪談小屋へようこそ
恋するあなたへの贈り物
恋する月の女神
恋に恋してさめざめと涙 C
恋に生きる少女
恋のうた EX
恋のお呪い
恋の追跡者 A
恋もて堕とすは愛果てなり
恋もて焦がすは愛ゆえなり
恋人たちの聖骸布
恋知らぬ令嬢
恋見てせざるは愛無きなり
恋談火焔行
恐るべき教団マニュアル
恐怖
恐怖の第六天魔王Ｘ
恐怖の第六天魔王Ｘ_ゴール後状態
恐怖の荒野
恐怖を受けなくなる
恐怖無効
恐怖！ 忍び寄っていた産業スパイ！（多分）
恐慌の声 A
恐慌呼び起こせし魔笛 C
恐竜たちの楽園
恒常★4サーヴァントコイン（補填）
恒常★5サーヴァントコイン（補填）
息吹の淵源
恵愛の三角巾
恵愛の三角巾のドロップ獲得数アップ
悔悟の祈り
悟りに至る廊下
悟りの旅 如来級
悟りの旅 明王級
悟りの旅 菩薩級
悟りの頂
悠久のトロイア
悠久の実
悠久の果てを求めて
悪しきは罰せよ
悪だくみの座敷
悪の遍満
悪夢、或いは恩讐の呼び声
悪夢のカボチャ
悪役令嬢は悪女をぶち抜きたい！
悪役令嬢は悪女をぶち抜きたい！ 前編
悪役令嬢は悪女をぶち抜きたい！ 後編
悪心の跡
悪心の跡 EX
悪心祝祭 A
悪性再起動/fireworks(not starmine)
悪性隔絶魔境：
新宿
悪戯な支配の跡
悪業所感・琰魔法王
悪漢打破 A
悪特性付与
悪魔のバンダナ
悪魔の縄張り
悪魔の軍略 A
悲劇流転・黒華葬列
悲壮なる奮起の盾
悲恋繚乱 A
悲願の継承
悴む教会
情報収集
情報室、終了
情報室フラウロス 制圧戦
情報室フラウロス 最終戦
情報抹消 B
情熱という名のガソリン
情熱の交換券
情熱の炎夏 A
情熱の炎夏 A+
情熱的な廊下
情熱的な部屋
惑いの林
惑いの部屋
惑う鳴鳳荘の考察
惑星を統べるもの
惨禍の萌芽
想い、三世にわたり
想いの配達人
想紡ぎの墨
想紡ぎの墨のドロップ獲得数を1個増やす【『バレンタイン2019』イベント期間限定】
想紡ぎの墨のドロップ獲得数を2個増やす[最大解放]【『バレンタイン2019』イベント期間限定】
想紡ぎの墨のドロップ獲得数アップ
愉快で素敵な仲間たち
愉快で素敵な仲間たち A
愉快で素敵な仲間たち B
愉快で素敵な仲間たち EX
愉快な仲間たち
愉快な仲間たち A
愉快型魔術礼装 A
愉快型魔術礼装（妹） A
愉悦の宴 Rank A
愉悦の宴 Rank B
愉悦の宴 Rank C
愉悦の宴 Rank D
愉悦の宴 Rank EX
愚かな儀式の痕
愚王の鎖牢
愚神礼讃・一条戻橋
愚者の分かれ道
愚者の鎖
愚者の鎖、万死の毒針、英雄の証の中から一つと交換ができます。
愚行の加護 B
愛、此処にはなく
愛、聖夜に子供達へ届け
愛が受難を招くとも
愛しきかなその瞳 A
愛しき代償
愛しき夏の恋逢瀬
愛しき私の―――
愛しき私の敵対者
愛しき私の蜂蜜酒 C
愛しき私の鉄戦車
愛し子を縫う
愛すべき子の下で、書を読む
愛すべき輝きは永遠に
愛と希望の物語
愛と搾取の的あてゲーム
愛と行動と知恵の槍
愛に溺れた罪人たち
愛のある（笑）チョコ
愛のゆりかご
愛の世界、燃える宇宙
愛の伝道師アムールちゃんのサン・バレン
ティーノ！ ～カルデア・ビター・バレンタイン2021～
愛の狩人
愛の霊薬
愛の黒子 C
愛は欲を誘う
愛もていたるは恋夏なり
愛もてかれるは恋無きなり
愛を望むもの/Even if the world breaks
愛・乱麻
愛知らぬ哀しき竜
愛知らぬ哀しき竜よ
愛神の神核 B
愛神様は働かない
愛／堕落はいつでもあなたの側に
感情のステーキ
感情凍結 B
感謝の白薔薇
慈しみの雨に感謝を。
水の癒しに満たされる。
慈悲深き神妃に常に寄り添い守護した白亜の神獣。
本来は猟犬だが、主神の化身の似姿をとっている。
慈悲無き者
慈愛
慈愛のエプロン
慈愛のエプロンのドロップ獲得数アップ
慈愛の包帯
慈愛の包帯のドロップ獲得数アップ
慈眼温容の尼僧
慎ましき豚
慟哭城塞（前編）
慟哭城塞（後編）
慟哭外装 A
慰労会はおわらない
慶安四年
憎悪 C
憎悪の炎、この胸を永遠に
憤怒の化身 EX
憤怒の波濤
憤怒の都
憤怒の集う死沼
憤怒区
憧れの有給休暇 A
懐かしのアンブレラ
懐かしの勲
懐中時計＆カエルチョコ
懐郷ホームシック
懺悔の箱
成績：勝利
成績：圧勝
成績：惨敗
成績：敗北
我、星を裂く雷霆（Ⅰ）
我、星を裂く雷霆（Ⅱ）
我、星を裂く雷霆（Ⅲ）
我、星を裂く雷霆（Ⅳ）
我、死中にて活を求めん
我、魔天に殉ず B
我が叫びに応じよ、海騎士たちよ
我が心を喰らえ、月の光
我が愛しき日々
我が愛との思い出
我が愛はとこしえに EX
我が手のもたらす罪
我が旅路に従え獣
我が毒杯、我が仮面
我が瞋恚にて果てよ英雄
我が神はここにありて
我が神はここにありて Ⅰ
我が神はここにありて Ⅱ
我が神はここにありて Ⅲ
我が身、憶えはなかれども…
我が麗しき父への叛逆
我に来たれ、貴き君よ
我はすべて毒あるもの、害あるものを絶つ
我はアシャラなり EX
我は告げる、逃れられぬ絶望を
我は征く、鸚鵡貝の大衝角
我は担う、聖夜祭の鸚鵡貝
我は求め訴えたり
我ら、翼ある蛇 EX
我らが征くは星の大海
我らの腕はすべてを拓き、宙へ
我らカール遊撃隊！
我ら帝都が七本槍
我武新 A
我藤がなは
或る名探偵と或る悪党の生と死
或る名探偵の死
或る愛のうた
或る死体
或る蛇を殺した槍
戦い終わって、剣は折れて
戦い終わって日が暮れて
戦う理由
戦乙女たちの語らい EX
戦乙女のベレー帽
戦乙女の糧食
戦乙女エルルーン
戦乙女ゲイルスケグル
戦乙女リンド
戦乱の徒花
戦乱の徒花 C
戦友
戦国ガンマンサムライ
戦国暴走高道・MAKAI
戦国維新ナガオカゲトラ
戦地の狭間にて
戦場の丘
戦場の中へ
戦場の糧 A+
戦場の鬼 B
戦士の仮面
戦士の司 A
戦士の名札
戦士の名札のドロップ獲得数アップ
戦士の狩り場
戦士の雄叫び B
戦士を憐れむ歌
戦慄く河畔
戦慄の不死者 A+
戦戦恐恐
戦略 B
戦神の軍帯
戦神の軍帯 A
戦禍の眺望
戦術躯体 B
戦闘加速（影） A+
戦闘撤退 B
戦闘機動（馬） B
戦闘続行 A
戦闘続行 A+
戦闘続行 B
戦闘続行 C
戦闘続行 EX
戦闘訓練プログラム エクストラ編Ⅰ
戦闘訓練プログラム エクストラ編Ⅱ
戦闘訓練プログラム 三騎士編
戦闘訓練プログラム 四騎士編
戦闘訓練プログラム 総集編
戦馬の幼角
戦鬼の証
戯れの蕾
戯作三昧 A
戸の固い座敷
戸隠山
所在不明水域タートルアイランド
所長のお気に入り
扇動 EX
扉が潰れた廊下
扉が潰れた部屋
扉に囲まれた部屋
扉の多い廊下
手に入れること能わず
手作りイクチオチョコ
手作りクッキーと物体Ｘ
手作りツタンごはん
手作りブラウニーとホットミルク
手作りライスボール
手作り友チョコ
手作り愛情チョコ
手前細やかなり B
手札を固定する状態を付与<パーティメンバーが変更、またはカードがシャッフルされると強制解除>
手柄は足に在り A
手稿の翼
手稿（偽）
手稿（真）
才知の祝福 C
打ち上げオーダー！
打神鞭
技喰丸討伐戦 上級
技喰丸討伐戦 中級
技喰丸討伐戦 初級
技喰丸討伐戦 超級
技喰丸討伐戦 鬼級
技巧
技量、神域に達する
抑制 A
投影装填
投影魔術
投影魔術 A
投影魔術 B
投影魔術 C
投擲（短刀） B
投擲（短刀） C
投擲／回収
投擲／回収 A
抜け道
抜け道の座敷
抜刀・神威
抜刀無二 A
抜刀自在 B
抱き融す黄金劇場
担い手はここに孤り
拉麺好き好きアナスタシアさん
拉麺好き好きアナスタシアさん 前編
拉麺好き好きアナスタシアさん 後編
拘束
招き猫の座敷
拝啓、御先祖様！
拠点
拡がりゆく世界
拳士の交換券
拳舞は鮮やかに
拷問技術 A
持たざる者
挑戦・絶海突破
捕食する日輪の角
捜し物はなんですか？
掃滅のアマルナ EX
授かりし旅装
授かりの英雄
授かりの英雄 A
授かりの英雄 A+
授賞式の前に
掌にある灯
掌の星屑
掌上の楼閣
掎角一陣
掛け軸裏の廊下
掟の街
採れたて野菜
採れたて野菜のドロップ獲得数アップ
探偵クリスト～未来邂逅編～
探偵ヱドモン～新章突入編～
探偵ヱドモン～春先旅情編～
探偵ヱドモン～最後の事件編～
探偵ヱドモン～異邦潜入編～
探偵ヱドモン～真の黒幕編～
探偵ヱドモン～蘇る悪夢編～
探偵調査 坂本探偵事務所
探偵調査 新宿
探偵調査 木場
探偵調査 江古田
探偵調査 田端
探偵調査 目白不動
探偵調査 目赤不動
探偵調査 目青不動
探偵調査 目黄不動
探偵調査 目黒不動
探偵調査 築地
探偵調査 聖杯研究所
探偵調査 芝公園
探偵調査 裏・坂本探偵事務所
探偵調査 裏・新宿
探偵調査 裏・目白不動
探偵調査 裏・目赤不動
探偵調査 裏・目青不動
探偵調査 裏・目黄不動
探偵調査 裏・目黒不動
探偵調査 裏・芝公園
探偵調査 高円寺
探索ポイント
探索／遭遇／愛玩
接舷突撃 B+
接触
掲げるは我が心
提蘆鎗技 B
援護射撃
揺籃の夢
揺籃の歌
揺籃遺言/whoever
摩天楼
摩天楼に輝く
摩天楼は桜色
摩玖主本能寺
撃剣矯捷なること隼の如し A
撃剣矯捷なること隼の如し A+
撃破時追加効果(強化)
支援呪術 C
支援呪術 C+
支援砲撃 EX
支援砲撃XEX EX
支援砲撃セット
改造工場
攻撃によるダメージでHPが0になる時、その攻撃を回避してダメージを0にする
攻撃によるダメージを0にする
攻撃によるダメージを確率で0にする
攻撃の威力を100%アップ
攻撃の威力を20%アップ
攻撃の威力を40%アップ
攻撃の威力を60%アップ
攻撃の威力を75%アップ
攻撃の威力を90%アップ
攻撃の威力アップ
攻撃の威力アップ(キャンペーン)
攻撃の威力アップ<★3以下またはマシュ装備時>
攻撃の威力アップ<★4以下装備時>
攻撃の威力アップ<★5以下装備時>
攻撃の威力アップ合計
攻撃の威力アップ＆〔オニ〕〔ブリキ〕〔かぼちゃ〕の追加出現率アップ
攻撃の威力アップ＆〔カカシ〕〔おもちゃ〕〔ゆうれい〕の追加出現率アップ
攻撃の威力アップ＆〔サル〕〔ヘビ〕〔メルヘン〕の追加出現率アップ
攻撃の威力アップ＆アルトリウムの獲得数アップ
攻撃の威力アップ＆絆獲得量アップ
攻撃の威力アップ（全体）
攻撃を受けると、スターを獲得する
攻撃を受けるとスターを獲得する
攻撃を受けると味方全体の〔ワンジナ〕に〔精霊の怒り〕状態を付与
攻撃を受けると敵単体のクリティカル威力をダウン
攻撃を受けると敵単体の防御ダウン＆やけどを付与
攻撃を受けると敵単体の防御力をダウン
攻撃を受けると自身に〔いいね！〕状態を付与
攻撃を受けると自身に〔王勇〕状態を付与
攻撃を受けると自身に〔祭神の怒り〕状態を付与
攻撃を受けると自身のHPを回復
攻撃を受けると自身のNPを増やす
攻撃を受けると自身のNPを増やす＆クリティカル威力をアップ
攻撃を受けると自身のクリティカル威力をアップ
攻撃を受けると自身のクリティカル発生率をアップ
攻撃を受けると自身のチャージを低確率で増やす＆クリティカル威力をアップ
攻撃を受けると自身の宝具威力をアップ
攻撃を受けると自身の攻撃力をアップ
攻撃タイプ
攻撃ダメージ前追加効果
攻撃力をアップ
攻撃力をダウン
攻撃力アップ
攻撃力アップ〔対アサシン〕
攻撃力アップ〔対アルターエゴ〕
攻撃力アップ〔対アヴェンジャー〕
攻撃力アップ〔対アーチャー〕
攻撃力アップ〔対エクストラクラス〕
攻撃力アップ〔対キャスター〕
攻撃力アップ〔対セイバー〕
攻撃力アップ〔対バーサーカー〕
攻撃力アップ〔対ビースト〕
攻撃力アップ〔対フォーリナー〕
攻撃力アップ〔対プリテンダー〕
攻撃力アップ〔対ムーンキャンサー〕
攻撃力アップ〔対ライダー〕
攻撃力アップ〔対ランサー〕
攻撃力アップ〔対ルーラー〕
攻撃力アップ・炎上
攻撃力アップ：水辺
攻撃力アップ：水辺または虚数空間
攻撃力アップ：神性
攻撃力ダウン
攻撃力ダウン〔虞美人〕
攻撃力ダウン・対虞美人
攻撃弱体耐性をアップ
攻撃弱体耐性アップ
攻撃弱体解除
攻撃強化成功率をダウン
攻撃強化成功率ダウン
攻撃強化解除
攻撃時、ダメージ前に対象にやけど状態を付与
攻撃時、ダメージ前に対象に呪い状態を付与
攻撃時、ダメージ前に対象に毒状態を付与
攻撃時、ダメージ前に対象に電蝕状態<特殊なクリティカル威力耐性ダウン状態>を付与
攻撃時、ダメージ前に対象の強化状態を1つ解除＆解除成功時、自身の攻撃力をアップ
攻撃時、ダメージ前に自身のクリティカル威力をアップ
攻撃時、ダメージ前に自身のスター発生率をアップ
攻撃時、対象にやけど状態を付与
攻撃時、対象に呪い状態を付与
攻撃時、対象に延焼状態を付与
攻撃時、対象に弱体効果が発生する
攻撃時、対象に強化無効状態を付与
攻撃時、対象に高確率でスタン状態を付与
攻撃時、自身に〔いいね！〕状態を付与
攻撃時、自身に呪い状態を付与
攻撃時、自身のNPを増やす
攻撃時、自身のNPを少し増やす
攻撃時、自身のまんぷくゲージを1減らす
攻撃時、追加効果が発動
攻撃時に〔原稿完成〕状態を付与する
攻撃時に対象が〔やけど〕状態の時、自身のNPを増やす
攻撃時に対象に毒・呪い・やけど状態を付与
攻撃時に敵単体の防御強化状態を解除＋自身に即死効果【デメリット】を付与する(強化扱い)
攻撃時に自身の攻撃力をアップ＆防御力をダウン【デメリット】
攻撃時クラス相性変更
攻撃時発動(攻撃力アップ＆防御力ダウン)
攻撃時発動(防御力ダウン)
攻撃時追加効果
攻撃時追加効果(強化)
攻撃時追加効果(愛炎状態付与)
攻撃時追加効果(毒＆呪い＆やけど)
攻撃時追加効果(防御強化解除＋即死)
放たれし信力の一矢
放棄された砦
放棄惑星カムラン
放生月毛
故国に愛を、溺れるような夢を
故郷
救え！ アマゾネス・ドットコム
救え！ アマゾネス・ドットコム
～CEOクライシス2020～
救世の航海者 B
救世主トネリコ
救世主トネリコ体験クエスト
救命救急講習
救国の英雄
救急キット
救済のカリスマ A
救済の光 B
救済を願いし者
敗北者のララバイ
敗走(1/2)
敗走(2/2)
教えて！シエル先生
教えること、学ぶこと
教会の鍵
教会の鍵 を所持で開放
教会の鍵を所持で開放
教会式手作りクッキー
教会跡を調べる
教授たちのランチタイム
教皇論議 EX
敢え無き文明の終わり
敦盛ビート B
数学的思考 A
数理的悪性摘出
数秘術 B
整備資材集め オーバーヒート級
整備資材集め ドライブ級
整備資材集め ハイスピード級
整備資材集め フルスロットル級
敵からの狙われやすさをアップ
敵の通常行動の対象になった時、敵の行動後にフラガラックで反撃する
敵を倒したときに自身に〔いいね！〕状態を付与
敵全体▲の防御力をダウン(3ターン)＆強化状態を1つ解除▲＆スキル封印状態を付与(1ターン)▲
敵全体〔女性〕の攻撃力を大ダウン(1ターン)
敵全体〔女性〕の攻撃力を大ダウン[{0}](1ターン)
敵全体〔男性〕に低確率[{0}]で魅了付与(1ターン)＆防御力をダウン[{0}](3ターン)
敵全体〔男性〕に低確率で魅了付与(1ターン) ＋ 自身の防御力をアップ(2ターン)
敵全体〔男性〕に低確率で魅了付与(1ターン)＆防御力をダウン(3ターン)
敵全体にとても強力な攻撃 ＋ 自身のNPを少しリチャージ<オーバーチャージで効果アップ>
敵全体にやや強力な攻撃[{0}]＆攻撃力をダウン(3ターン)<オーバーチャージで効果アップ>
敵全体にやや強力な攻撃▲＆攻撃力をダウン(3ターン)<オーバーチャージで効果アップ>
敵全体にやや強力な攻撃＆攻撃力をダウン(3ターン)<オーバーチャージで効果アップ>
敵全体にスキル封印状態を付与(1ターン) ＋ 自身の宝具威力をアップ(3ターン)＆NPを増やす
敵全体に低確率で即死<オーバーチャージで確率アップ>＆強力な攻撃[{0}]＆防御強化状態を解除
敵全体に低確率で即死<オーバーチャージで確率アップ>＆強力な攻撃＆防御強化状態を解除
敵全体に低確率で即死効果<オーバーチャージで確率アップ>＆強力な攻撃＆防御力をダウン(3ターン)
敵全体に低確率で魅了状態を付与(1ターン)＆防御力をダウン(3ターン) ＋ スターを獲得
敵全体に宝具封印状態を付与(1ターン)＆スキル封印状態を付与(1ターン) ＋ 自身のNPを増やす
敵全体に宝具封印状態を付与(1ターン)＆防御力をダウン(3ターン)
敵全体に宝具封印状態を付与(1ターン)＆防御力をダウン[{0}](3ターン)
敵全体に強力な〔人の力を持つ敵〕特攻攻撃<オーバーチャージで特攻威力アップ>
敵全体に強力な〔人の力を持つ敵〕特攻攻撃[{0}]<オーバーチャージで特攻威力アップ>
敵全体に強力な〔低レア〕特攻攻撃<オーバーチャージで特攻威力アップ>＆防御力をダウン(3ターン)
敵全体に強力な〔神性〕特攻攻撃<オーバーチャージで特攻威力アップ>
敵全体に強力な〔神性〕特攻攻撃[{0}]<オーバーチャージで特攻威力アップ>
敵全体に強力な〔竜〕特攻攻撃<オーバーチャージで特攻威力アップ>
敵全体に強力な〔竜〕特攻攻撃[{0}]<オーバーチャージで特攻威力アップ>
敵全体に強力な〔騎乗スキル〕特攻攻撃<オーバーチャージで特攻威力アップ>
敵全体に強力な〔騎乗スキル〕特攻攻撃[{0}]<オーバーチャージで特攻威力アップ>
敵全体に強力な〔魔性〕特攻攻撃<オーバーチャージで特攻威力アップ>
敵全体に強力な〔魔性〕特攻攻撃[{0}]<オーバーチャージで特攻威力アップ>
敵全体に強力な攻撃 ＋ スターを大量獲得<オーバーチャージで効果アップ>
敵全体に強力な攻撃 ＋ スターを獲得<オーバーチャージで効果アップ>
敵全体に強力な攻撃 ＋ 味方全体のHPを回復<オーバーチャージで効果アップ>＆弱体解除
敵全体に強力な攻撃 ＋ 味方全体のNP獲得量をアップ(3ターン)<オーバーチャージで効果アップ>
敵全体に強力な攻撃 ＋ 味方全体の攻撃力をアップ(3ターン)<オーバーチャージで効果アップ>
敵全体に強力な攻撃 ＋ 自身のHPを大回復<オーバーチャージで効果アップ>
敵全体に強力な攻撃 ＋ 自身のNPをリチャージ<オーバーチャージで効果アップ>
敵全体に強力な攻撃[{0}] ＋ スターを大量獲得<オーバーチャージで効果アップ>
敵全体に強力な攻撃[{0}] ＋ スターを獲得<オーバーチャージで効果アップ>
敵全体に強力な攻撃[{0}] ＋ 味方全体のHPを回復<オーバーチャージで効果アップ>＆弱体解除
敵全体に強力な攻撃[{0}] ＋ 自身のHPを大回復<オーバーチャージで効果アップ>
敵全体に強力な攻撃[{0}] ＋ 自身のNPをリチャージ<オーバーチャージで効果アップ>
敵全体に強力な攻撃[{0}]＆低確率で即死<オーバーチャージで確率アップ>
敵全体に強力な攻撃[{0}]＆味方全体のHPを回復<オーバーチャージで効果アップ>
敵全体に強力な攻撃[{0}]＆攻撃力をダウン(3ターン)<オーバーチャージで効果アップ>
敵全体に強力な攻撃[{0}]＆確率でチャージを減らす<オーバーチャージで確率アップ>
敵全体に強力な攻撃[{0}]＆防御力をダウン(3ターン)<オーバーチャージで効果アップ>
敵全体に強力な攻撃[{0}]＆防御力をダウン(5ターン)<オーバーチャージで効果アップ>
敵全体に強力な攻撃[{0}]＆防御力大ダウン(3ターン)<オーバーチャージで効果アップ>
敵全体に強力な攻撃▲ ＋ スターを大量獲得<オーバーチャージで効果アップ>
敵全体に強力な攻撃▲ ＋ スターを大量獲得▲<オーバーチャージで効果アップ>
敵全体に強力な攻撃▲ ＋ 自身のHPを大回復▲<オーバーチャージで効果アップ>
敵全体に強力な攻撃▲ ＋ 自身のNPをリチャージ<オーバーチャージで効果アップ>
敵全体に強力な攻撃▲＆クリティカル発生率をダウン▲(3ターン)<オーバーチャージで効果アップ>
敵全体に強力な攻撃▲＆低確率▲でスタン状態を付与(1ターン)<オーバーチャージで確率アップ>
敵全体に強力な攻撃▲＆味方全体のHPを回復▲<オーバーチャージで効果アップ>
敵全体に強力な攻撃▲＆防御力をダウン(3ターン)<オーバーチャージで効果アップ>
敵全体に強力な攻撃▲＆防御力をダウン(3ターン)▲<オーバーチャージで効果アップ>
敵全体に強力な攻撃▲＆防御力をダウン▲(5ターン)<オーバーチャージで効果アップ>
敵全体に強力な攻撃＆Buster攻撃耐性をダウン(3ターン)<オーバーチャージで効果アップ>
敵全体に強力な攻撃＆クリティカル発生率をダウン(3ターン)<オーバーチャージで効果アップ>
敵全体に強力な攻撃＆チャージを減らす＆極低確率でチャージを減らす<オーバーチャージで確率アップ>
敵全体に強力な攻撃＆低確率でスタン状態を付与(1ターン)<オーバーチャージで確率アップ>
敵全体に強力な攻撃＆低確率でチャージを減らす<オーバーチャージで確率アップ> ＋ スターを獲得
敵全体に強力な攻撃＆低確率で即死<オーバーチャージで確率アップ>
敵全体に強力な攻撃＆味方全体のHPを回復<オーバーチャージで効果アップ>
敵全体に強力な攻撃＆攻撃力をダウン(3ターン)<オーバーチャージで効果アップ>
敵全体に強力な攻撃＆確率でチャージを減らす<オーバーチャージで確率アップ>
敵全体に強力な攻撃＆防御力をダウン(3ターン)<オーバーチャージで効果アップ>
敵全体に強力な攻撃＆防御力をダウン(5ターン)<オーバーチャージで効果アップ>
敵全体に強力な攻撃＆防御力大ダウン(3ターン)<オーバーチャージで効果アップ>
敵全体に強力な防御力無視攻撃 ＋ 自身のHPを大回復<オーバーチャージで効果アップ>
敵全体に強力な防御力無視攻撃[{0}] ＋ 自身のHPを大回復<オーバーチャージで効果アップ>
敵全体に強力な防御力無視攻撃▲ ＋ 自身のHPを大回復▲<オーバーチャージで効果アップ>
敵全体に強力な防御力無視攻撃▲＆呪い状態を付与(3ターン)▲<オーバーチャージで効果アップ>
敵全体に強力な防御力無視攻撃▲＆弱体耐性ダウン(6ターン)▲<オーバーチャージで効果アップ>
敵全体に強力な防御力無視攻撃▲＆攻撃力をダウン(3ターン)<オーバーチャージで効果アップ>
敵全体に強力な防御力無視攻撃▲＆防御力をダウン(1ターン)<オーバーチャージで効果アップ>
敵全体に強力な防御力無視攻撃▲＆防御力をダウン(3ターン)<オーバーチャージで効果アップ>
敵全体に強力な防御力無視攻撃＆中確率で呪い状態を付与(3ターン)<オーバーチャージで効果アップ>
敵全体に強力な防御力無視攻撃＆呪い状態を付与(3ターン)<オーバーチャージで効果アップ>
敵全体に強力な防御力無視攻撃＆弱体耐性ダウン(3ターン)<オーバーチャージで効果アップ>
敵全体に強力な防御力無視攻撃＆攻撃力をダウン(3ターン)<オーバーチャージで効果アップ>
敵全体に強力な防御力無視攻撃＆防御力をダウン(1ターン)<オーバーチャージで効果アップ>
敵全体に強力な防御力無視攻撃＆防御力をダウン(3ターン)<オーバーチャージで効果アップ>
敵全体に恐怖状態を付与(3ターン) ＋ 自身に回避状態を付与(3回・3ターン)
敵全体に恐怖状態を付与(3ターン)＆防御力をダウン(3ターン)
敵全体に恐怖状態を付与(5ターン)
敵全体に恐怖状態を付与[{0}](3ターン) ＋ 自身に回避状態を付与(3回・3ターン)
敵全体に恐怖状態を付与[{0}](3ターン)＆防御力をダウン[{0}](3ターン)
敵全体に恐怖状態を付与[{0}](5ターン)
敵全体に毒状態を付与(3ターン)＆防御力をダウン(3ターン)
敵全体に毒状態を付与[{0}](3ターン)＆防御力をダウン[{0}](3ターン)
敵全体に確率[{0}]で宝具封印状態を付与(1ターン)
敵全体に確率でスタン状態を付与(1ターン) ＋ 自身の攻撃力をアップ(3ターン)
敵全体に確率でスタン状態を付与(1ターン) ＋ 自身の攻撃力をアップ[{0}](3ターン)
敵全体に確率で即死<オーバーチャージで確率アップ>＆強力な攻撃
敵全体に確率で即死<オーバーチャージで確率アップ>＆強力な攻撃[{0}]
敵全体に確率で宝具封印状態を付与(1ターン)
敵全体に確率で魅了状態を付与(1ターン)＆Arts攻撃耐性をダウン(3ターン)
敵全体に確率で魅了状態を付与(1ターン)＆Arts攻撃耐性をダウン[{0}](3ターン)
敵全体に確率で魅了状態を付与(1ターン)＆防御力をダウン(3ターン)
敵全体に確率で魅了状態を付与(1ターン)＆防御力をダウン[{0}](3ターン)
敵全体に超強力な攻撃<オーバーチャージで威力アップ> ＋ 自身に即死効果【デメリット】
敵全体に超強力な攻撃[{0}]<オーバーチャージで威力アップ> ＋ 自身に即死効果【デメリット】
敵全体に超強力な攻撃▲<オーバーチャージで威力アップ> ＋ 自身に即死効果【デメリット】
敵全体のBuster攻撃耐性をダウン(3ターン)<オーバーチャージで効果アップ>＆強力な攻撃
敵全体のHPを吸収する[{0}]＆防御力をダウン[{0}](3ターン)
敵全体のHPを吸収する＆防御力をダウン(3ターン)
敵全体の〔死霊〕にスタン状態を付与(1ターン) ＋ 味方全体のHPを回復＆弱体状態を解除
敵全体のクリティカル発生率をダウン(3ターン)
敵全体のクリティカル発生率をダウン(3ターン)＆攻撃力をダウン(3ターン)
敵全体のクリティカル発生率をダウン[{0}](3ターン)
敵全体のクリティカル発生率をダウン[{0}](3ターン)＆攻撃力をダウン[{0}](3ターン)
敵全体のチャージを1減らす＆強化状態を解除▲＆防御力をダウン(3ターン)
敵全体のチャージを1減らす＆防御力をダウン(3ターン)
敵全体のチャージを1減らす＆防御力をダウン[{0}](3ターン)
敵全体のチャージを減らし、減らせた量に応じたNPを獲得する＆防御力をダウン(3ターン)
敵全体のチャージを減らす ＋ 味方全体に〔死霊〕特攻状態を付与(3ターン)＆NPを増やす
敵全体のチャージを減らす ＋ 味方全体のNPを少し増やす＆クリティカル威力をアップ(3ターン)
敵全体のチャージを減らす＆防御力をダウン(3ターン)
敵全体のチャージを減らす＆防御力をダウン(3ターン)＆クリティカル発生率をダウン(3ターン)
敵全体のチャージを減らす＆防御力をダウン[{0}](3ターン)
敵全体の即死耐性をダウン(3ターン) ＋ 自身のBusterカード性能をアップ(1ターン)
敵全体の弱体耐性をダウン(1ターン)
敵全体の弱体耐性をダウン(1ターン)＆防御力をダウン(3ターン)▲＆強化無効状態を付与(1回)▲
敵全体の弱体耐性をダウン[{0}](1ターン)
敵全体の強化状態を1つ解除 ＋ 味方全体の弱体状態を1つ解除＆HPを回復
敵全体の強化状態を1つ解除 ＋ 味方全体の弱体状態を1つ解除＆HPを回復[{0}]
敵全体の攻撃力をダウン(3ターン)＆クリティカル発生率をダウン(3ターン)
敵全体の攻撃力をダウン(3ターン)＆クリティカル発生率をダウン[{0}](3ターン)
敵全体の攻撃力をダウン(3ターン)＆毒状態を付与(5ターン)
敵全体の攻撃力をダウン(6ターン)＆防御力をダウン(6ターン)<オーバーチャージで効果アップ>
敵全体の攻撃力をダウン[{0}](3ターン)＆毒状態を付与(5ターン)
敵全体の防御力をダウン(3ターン) ＋ 味方全体に〔魔性〕特攻状態を付与(3ターン)
敵全体の防御力をダウン(3ターン)<オーバーチャージで効果アップ>＆強力な攻撃
敵全体の防御力をダウン(3ターン)<オーバーチャージで効果アップ>＆強力な攻撃[{0}]
敵全体の防御力をダウン(3ターン)＆HP回復量をダウン(5ターン)
敵全体の防御力をダウン(3ターン)＆クリティカル発生率をダウン(3ターン)
敵全体の防御力をダウン[{0}](3ターン)＆HP回復量をダウン[{0}](5ターン)
敵全体の防御力をダウン[{0}](3ターン)＆クリティカル発生率をダウン[{0}](3ターン)
敵単体▲に確率で魅了付与(1ターン) ＋ 味方全体の攻撃力をアップ(3ターン)▲
敵単体▲に確率で魅了付与(1ターン)＆強化状態を解除▲
敵単体〔サーヴァント〕の宝具威力をダウン(1ターン)
敵単体〔サーヴァント〕の宝具威力をダウン[{0}](1ターン)
敵単体〔サーヴァント〕の宝具威力を大ダウン(1ターン)
敵単体〔サーヴァント〕の宝具威力を大ダウン[{0}](1ターン)
敵単体〔サーヴァント〕を確率[{0}]で行動不能状態にする(1ターン)
敵単体〔サーヴァント〕を確率で行動不能状態にする(1ターン)
敵単体〔人型〕に確率[{0}]で魅了付与(1ターン)
敵単体〔人型〕に確率▲で魅了付与(1ターン) ＋ 敵単体の強化状態を解除▲
敵単体〔人型〕に確率で魅了付与(1ターン)
敵単体〔死霊と悪魔〕のチャージを減らす ＋ 自身に毎ターンNP獲得状態を付与(5ターン)
敵単体〔異性〕に確率[{0}]で魅了付与(1ターン)
敵単体〔異性〕に確率で魅了付与(1ターン)
敵単体〔異性〕に確率で魅了付与(1ターン)&防御力をダウン(1ターン)▲
敵単体にスキル封印状態を付与(1ターン)＆防御力をダウン(3ターン)
敵単体にスキル封印状態を付与(1ターン)＆防御力をダウン[{0}](3ターン)
敵単体にスタン状態を付与(1ターン)
敵単体にターン毎に効果量が大きくなる防御力ダウン状態を付与(5ターン)
敵単体にターン毎に効果量が大きくなる防御力ダウン状態を付与[{0}](5ターン)
敵単体に中確率[{0}]でスタン状態を付与(1ターン)＆チャージを中確率[{0}]で減らす
敵単体に中確率でスタン状態を付与(1ターン)＆チャージを中確率で減らす
敵単体に中確率でスタン状態を付与(1ターン)＆防御力をダウン(1ターン)
敵単体に中確率でスタン状態を付与(1ターン)＆防御力をダウン[{0}](1ターン)
敵単体に中確率でスタン状態を付与(1ターン)＆防御力をダウン▲(1ターン)
敵単体に宝具封印状態を付与(1ターン) ＋ スター獲得
敵単体に宝具封印状態を付与(1ターン) ＋ スター獲得[{0}]
敵単体に宝具封印状態を付与(1ターン)＆クリティカル発生率をダウン(3ターン)
敵単体に宝具封印状態を付与(1ターン)＆クリティカル発生率をダウン[{0}](3ターン)
敵単体に宝具封印状態を付与(1ターン)＆防御力ダウン(3ターン)
敵単体に宝具封印状態を付与(1ターン)＆防御力ダウン[{0}](3ターン)
敵単体に強力な攻撃▲＆強化全解除 ＋ 自身のNPをリチャージ<オーバーチャージで効果アップ>
敵単体に強力な攻撃＆強化全解除 ＋ 自身のNPをリチャージ<オーバーチャージで効果アップ>
敵単体に強化無効状態(1回)を付与
敵単体に強化無効状態を付与(3回)＆呪い状態を付与(5ターン)
敵単体に強化無効状態を付与(3回)＆呪い状態を付与[{0}](5ターン)
敵単体に確率[{0}]でスキル封印状態を付与(1ターン)
敵単体に確率[{0}]でスキル封印状態を付与(1ターン) ＋ スターを大量獲得[{0}]
敵単体に確率[{0}]でスタン状態を付与(1ターン)
敵単体に確率[{0}]で宝具封印状態を付与(1ターン)＆防御力をダウン[{0}](3ターン)
敵単体に確率でスキル封印状態を付与(1ターン)
敵単体に確率でスキル封印状態を付与(1ターン) ＋ スターを大量獲得
敵単体に確率でスタン状態を付与(1ターン)
敵単体に確率で宝具封印状態を付与(1ターン)＆防御力をダウン(3ターン)
敵単体に自身のHPが少ないほど威力の高い超強力な攻撃<オーバーチャージで威力アップ>
敵単体に自身のHPが少ないほど威力の高い超強力な攻撃<オーバーチャージで特攻威力アップ>
敵単体に自身のHPが少ないほど威力の高い超強力な攻撃[{0}]<オーバーチャージで威力アップ>
敵単体に自身のHPが少ないほど威力の高い超強力な攻撃▲<オーバーチャージで威力アップ>
敵単体に自身のHPが少ないほど威力の高い超強力な攻撃▲<オーバーチャージで特攻威力アップ>
敵単体に超強力な〔アルトリア顔〕特攻攻撃<オーバーチャージで特攻威力アップ>
敵単体に超強力な〔アルトリア顔〕特攻攻撃[{0}]<オーバーチャージで特攻威力アップ>
敵単体に超強力な〔アルトリア顔〕特攻攻撃▲<オーバーチャージで特攻威力アップ>
敵単体に超強力な〔スキル封印〕状態特攻攻撃<オーバーチャージで特攻威力アップ> ＋ スターを獲得
敵単体に超強力な〔セイバークラスのサーヴァント〕特攻攻撃<オーバーチャージで特攻威力アップ>
敵単体に超強力な〔七騎士のサーヴァント〕特攻攻撃<オーバーチャージで特攻威力アップ>
敵単体に超強力な〔七騎士のサーヴァント〕特攻攻撃[{0}]<オーバーチャージで特攻威力アップ>
敵単体に超強力な〔悪〕特攻攻撃<オーバーチャージで特攻威力アップ> ＋ スターを大量獲得
敵単体に超強力な〔毒〕特攻攻撃<オーバーチャージで特攻威力アップ>
敵単体に超強力な〔毒〕特攻攻撃[{0}]<オーバーチャージで特攻威力アップ>
敵単体に超強力な〔男性〕特攻攻撃<オーバーチャージで特攻威力アップ>
敵単体に超強力な〔男性〕特攻攻撃[{0}]<オーバーチャージで特攻威力アップ>
敵単体に超強力な〔神性〕特攻攻撃<オーバーチャージで特攻威力アップ>
敵単体に超強力な〔神性〕特攻攻撃[{0}]<オーバーチャージで特攻威力アップ>
敵単体に超強力な〔竜〕特攻攻撃<オーバーチャージで特攻威力アップ>
敵単体に超強力な〔竜〕特攻攻撃[{0}]<オーバーチャージで特攻威力アップ>
敵単体に超強力な〔竜〕特攻攻撃▲<オーバーチャージで特攻威力アップ>＆チャージを減らす▲
敵単体に超強力な〔魔性〕特攻攻撃<オーバーチャージで特攻威力アップ>
敵単体に超強力な〔魔性〕特攻攻撃[{0}]<オーバーチャージで特攻威力アップ>
敵単体に超強力な攻撃 ＋ スターを大量獲得<オーバーチャージで効果アップ>
敵単体に超強力な攻撃 ＋ スターを獲得<オーバーチャージで効果アップ>
敵単体に超強力な攻撃[{0}] ＋ スターを大量獲得<オーバーチャージで効果アップ>
敵単体に超強力な攻撃[{0}] ＋ スターを獲得<オーバーチャージで効果アップ>
敵単体に超強力な攻撃[{0}]＆やけど状態を付与(3ターン)<オーバーチャージで効果アップ>
敵単体に超強力な攻撃[{0}]＆攻撃力をダウン(3ターン)<オーバーチャージで効果アップ>
敵単体に超強力な攻撃[{0}]＆確率でチャージを減らす<オーバーチャージで確率アップ>
敵単体に超強力な攻撃[{0}]＆防御力をダウン(3ターン)<オーバーチャージで効果アップ>
敵単体に超強力な攻撃[{0}]＆高確率で即死効果<オーバーチャージで確率アップ>
敵単体に超強力な攻撃▲ ＋ スターを大量獲得▲<オーバーチャージで効果アップ>
敵単体に超強力な攻撃▲＆チャージを減らす▲ ＋ スターを獲得<オーバーチャージで効果アップ>▲
敵単体に超強力な攻撃＆やけど状態を付与(3ターン)<オーバーチャージで効果アップ>
敵単体に超強力な攻撃＆クリティカル威力ダウン(3ターン)<オーバーチャージで効果アップ>
敵単体に超強力な攻撃＆クリティカル発生率をダウン(3ターン)<オーバーチャージで効果アップ>
敵単体に超強力な攻撃＆クリティカル発生率を大ダウン(1ターン)<オーバーチャージで効果アップ>
敵単体に超強力な攻撃＆強化状態を解除＆呪い状態を付与(5ターン)<オーバーチャージで効果アップ>
敵単体に超強力な攻撃＆強化状態を解除＆防御力ダウン(3ターン)<オーバーチャージで効果アップ>
敵単体に超強力な攻撃＆攻撃力をダウン(3ターン)<オーバーチャージで効果アップ>
敵単体に超強力な攻撃＆確率でスタン状態を付与(1ターン)<オーバーチャージで確率アップ>
敵単体に超強力な攻撃＆確率でチャージを減らす<オーバーチャージで確率アップ>
敵単体に超強力な攻撃＆防御力をダウン(3ターン)<オーバーチャージで効果アップ>
敵単体に超強力な攻撃＆防御強化状態を解除＆中確率で即死効果<オーバーチャージで確率アップ>
敵単体に超強力な攻撃＆高確率で即死効果<オーバーチャージで確率アップ>
敵単体に超強力な防御力無視攻撃[{0}]＆確率でチャージを減らす<オーバーチャージで確率アップ>
敵単体に超強力な防御力無視攻撃[{0}]＆確率で即死効果<オーバーチャージで確率アップ>
敵単体に超強力な防御力無視攻撃▲＆確率▲でチャージを減らす<オーバーチャージで確率アップ>
敵単体に超強力な防御力無視攻撃＆やけど状態を付与(5ターン)<オーバーチャージで効果アップ>
敵単体に超強力な防御力無視攻撃＆確率でチャージを減らす<オーバーチャージで確率アップ>
敵単体に超強力な防御力無視攻撃＆確率で即死効果<オーバーチャージで確率アップ>
敵単体に超強力な防御力無視攻撃＆防御力を大ダウン(3ターン)<オーバーチャージで効果アップ>
敵単体に超強力な防御無視攻撃 ＋ スターを大量獲得<オーバーチャージで効果アップ>
敵単体に超強力な防御無視攻撃[{0}] ＋ スターを大量獲得<オーバーチャージで効果アップ>
敵単体に高確率[{0}]で宝具封印状態を付与(1ターン)
敵単体に高確率で宝具封印状態を付与(1ターン)
敵単体に高確率で宝具封印状態を付与(1ターン) ＋ 味方全体のNP獲得量をアップ(3ターン)
敵単体のHPを吸収する＆チャージを高確率で減らす ＋ 自身のNPを増やす
敵単体の〔男性〕を確率で魅了状態にする(1ターン)＆攻撃力をダウン(1ターン)
敵単体のクリティカル発生率をダウン(3ターン)
敵単体のクリティカル発生率をダウン(3ターン)＆回避状態を解除
敵単体のクリティカル発生率をダウン(3ターン)＆宝具威力をダウン(1ターン)
敵単体のクリティカル発生率をダウン[{0}](3ターン)
敵単体のクリティカル発生率をダウン[{0}](3ターン)＆回避状態を解除
敵単体のクリティカル発生率をダウン[{0}](3ターン)＆宝具威力をダウン[{0}](1ターン)
敵単体のチャージを1減らす
敵単体のチャージを1減らす＆攻撃力をダウン(3ターン)
敵単体のチャージを1減らす＆攻撃力をダウン[{0}](3ターン)
敵単体のチャージを中確率[{0}]で減らす
敵単体のチャージを中確率[{0}]で減らす ＋ 自身のNPを増やす[{0}]
敵単体のチャージを中確率で減らす
敵単体のチャージを中確率で減らす ＋ 自身のNPを増やす
敵単体のチャージを低確率[{0}]で減らす
敵単体のチャージを低確率で減らす
敵単体のチャージを低確率で減らす ＋ 自身に無敵状態を付与(1回・5ターン)▲
敵単体のチャージを減らす + 自身の弱体状態を解除 + スターを獲得
敵単体のチャージを減らす + 自身の弱体状態を解除 + スターを獲得[{0}]
敵単体のチャージを減らす＆攻撃力をダウン(3ターン)
敵単体のチャージを減らす＆攻撃力をダウン[{0}](3ターン)
敵単体のチャージを高確率[{0}]で減らす
敵単体のチャージを高確率[{0}]で減らす ＋ 自身のNPを増やす[{0}]
敵単体のチャージを高確率で1減らす ＋ 自身のArtsカード性能をアップ(1ターン)
敵単体のチャージを高確率で減らす
敵単体のチャージを高確率で減らす ＋ 自身のNPを増やす
敵単体のチャージを高確率で減らす ＋ 自身を除く味方全体の宝具威力をアップ(3ターン)▲
敵単体の即死耐性をダウン(1ターン) ＋ スターを獲得
敵単体の即死耐性をダウン(1ターン)＆攻撃力をダウン(1ターン)＆強化状態を解除
敵単体の即死耐性をダウン[{0}](1ターン) ＋ スターを獲得[{0}]
敵単体の回避状態を解除＆超強力な防御無視攻撃＆中確率で即死効果<オーバーチャージで確率アップ>
敵単体の宝具チャージを減らす＆クリティカル発生率をダウン(3ターン)
敵単体の宝具チャージを減らす＆クリティカル発生率をダウン[{0}](3ターン)
敵単体の弱体耐性をダウン(1ターン) ＋ 自身のNPを増やす
敵単体の弱体耐性をダウン(1ターン)＆宝具封印状態を付与(1ターン)
敵単体の弱体耐性をダウン[{0}](1ターン) ＋ 自身のNPを増やす[{0}]
敵単体の弱体耐性をダウン[{0}](1ターン)＆宝具封印状態を付与(1ターン)
敵単体の強化状態を解除＆クリティカル発生率をダウン(3ターン)
敵単体の強化状態を解除＆クリティカル発生率をダウン[{0}](3ターン)
敵単体の強化状態を解除＆防御力をダウン(3ターン)
敵単体の強化状態を解除＆防御力をダウン[{0}](3ターン)
敵単体の攻撃力をダウン(2ターン)＆防御力をダウン(2ターン)
敵単体の攻撃力をダウン(2ターン)＆防御力をダウン▲(2ターン)
敵単体の攻撃力をダウン[{0}](2ターン)＆防御力をダウン[{0}](2ターン)
敵単体の攻撃力を大ダウン(1ターン) ＋ 自身のNP獲得量をアップ(1ターン)
敵単体の無敵状態を解除＆確率[{0}]でスタン状態を付与(1ターン)
敵単体の無敵状態を解除＆確率でスタン状態を付与(1ターン)
敵単体の防御力をダウン(1ターン)<オーバーチャージで効果アップ>＆超強力な攻撃
敵単体の防御力をダウン(1ターン)<オーバーチャージで効果アップ>＆超強力な攻撃[{0}]
敵単体の防御力をダウン(1ターン)＆強化状態を解除
敵単体の防御力をダウン(3ターン)
敵単体の防御力をダウン(3ターン) ＋ 敵単体の攻撃力をアップ(3ターン)【デメリット】
敵単体の防御力をダウン(3ターン)<オーバーチャージで効果アップ>＆敵単体に超強力な攻撃
敵単体の防御力をダウン(3ターン)＆攻撃力をアップ(3ターン)【デメリット】
敵単体の防御力をダウン(3回・5ターン)
敵単体の防御力をダウン[{0}](1ターン)＆強化状態を解除
敵単体の防御力をダウン[{0}](3ターン)
敵単体の防御力をダウン[{0}](3ターン)＆攻撃力をアップ(3ターン)【デメリット】
敵単体の防御力をダウン[{0}](3回・5ターン)
敵単体の防御力をダウン▲(1ターン)<オーバーチャージで効果アップ>＆超強力な攻撃▲
敵単体を確率[{0}]で行動不能状態にする(1ターン)
敵単体を確率で行動不能状態にする(1ターン)
文化的施設を建て直す
文化部エリア
文学乙女（夏） A
文明の灯火
文明作成 EX
文明接触 D
文明浸食 EX
文武一道
斎藤一
料理を作ってくらくらポイント110,000以上獲得
＆8月15日18時00分以降に開放
料理を作ってくらくらポイント15,000以上獲得
＆8月13日18時00分以降に開放
料理を作ってくらくらポイント175,000以上獲得
＆8月16日18時00分以降に開放
料理を作ってくらくらポイント250,000以上獲得
＆8月17日18時00分以降に開放
料理を作ってくらくらポイント340,000以上獲得
＆8月18日18時00分以降に開放
料理を作ってくらくらポイント390,000以上獲得で開放
料理を作ってくらくらポイント460,000以上獲得で開放
料理を作ってくらくらポイント50,000以上獲得
＆8月14日18時00分以降に開放
料理を作ってくらくらポイント540,000以上獲得で開放
料理を作ってくらくらポイント630,000以上獲得で開放
料理を作ってくらくらポイント730,000以上獲得で開放
料理宝具
斬り抉る戦神の剣
断崖絶壁を駆け下る暴走馬を捕まえろ！
断界の砂漠
断章
断章（Ⅰ）
断章（Ⅱ）
断章（Ⅲ）
断章／5
断章／6
断章／7
断章／8
断章／9
断章／１
断章／２
断章／３　シェフィールド（Ⅰ）
断章／４　シェフィールド（Ⅱ）
断絶
斯くも永き巡礼の旅路
新しいヒトのカタチ
新たなる出航
新たなる戦い
新・源氏物語絵巻
新天地探索航
新宿
新宿のアサシン
新宿のアヴェンジャー
新宿のアーチャー
新宿フライハイ
新宿ラビリンス
新宿二丁目
新宿四丁目
新宿幻霊事件
新宿御苑
新宿駅
新星のトーチ
新春の装い
新月にて、浮かれ浮かれてなんやかんや
新機能「コマンドカード強化」リリース記念クエスト
新発田城
新選おにぎり
新選組
新選組の隊服
『誠』あるかぎり、魂は時代を越えて
新選組ポイント
新都
新陰流 A++
新霊長後継戦：
アーキタイプ・インセプション II
新霊長後継戦：
アーキタイプ・インセプション III
新鮮な魚セット
方天画戟
施しの英雄（聖夜） EX
施しの英霊
旅の始まり
旅の導き C++
旅の終わり
旅をもてなす
旅人の抜け道
旅立ち
旗鼓相当
无二打
日光
日曜 宝物庫の扉を開け 上級
日曜 宝物庫の扉を開け 中級
日曜 宝物庫の扉を開け 初級
日曜 宝物庫の扉を開け 超級
日曜 種火集め<ランダム編> 上級
日曜 種火集め<ランダム編> 中級
日曜 種火集め<ランダム編> 初級
日曜 種火集め<ランダム編> 超級
日曜・マスター訓練 上級
日曜・マスター訓練 中級
日曜・マスター訓練 初級
日曜・絆の戦い 上級
日曜・絆の戦い 中級
日曜・絆の戦い 初級
日替り 剣の修練場 上級
日替り 剣の修練場 中級
日替り 剣の修練場 初級
日替り 剣の修練場 極級
日替り 剣の修練場 超級
日替り 弓の修練場 上級
日替り 弓の修練場 中級
日替り 弓の修練場 初級
日替り 弓の修練場 極級
日替り 弓の修練場 超級
日替り 槍の修練場 上級
日替り 槍の修練場 中級
日替り 槍の修練場 初級
日替り 槍の修練場 極級
日替り 槍の修練場 超級
日替り 殺の修練場 上級
日替り 殺の修練場 中級
日替り 殺の修練場 初級
日替り 殺の修練場 極級
日替り 殺の修練場 超級
日替り 狂の修練場 上級
日替り 狂の修練場 中級
日替り 狂の修練場 初級
日替り 狂の修練場 極級
日替り 狂の修練場 超級
日替り 種火集め<ランダム編> 上級
日替り 種火集め<ランダム編> 中級
日替り 種火集め<ランダム編> 初級
日替り 種火集め<ランダム編> 極級
日替り 種火集め<ランダム編> 超級
日替り 種火集め<剣・騎編> 上級
日替り 種火集め<剣・騎編> 中級
日替り 種火集め<剣・騎編> 初級
日替り 種火集め<剣・騎編> 極級
日替り 種火集め<剣・騎編> 超級
日替り 種火集め<弓・術編> 上級
日替り 種火集め<弓・術編> 中級
日替り 種火集め<弓・術編> 初級
日替り 種火集め<弓・術編> 極級
日替り 種火集め<弓・術編> 超級
日替り 種火集め<槍・殺編> 上級
日替り 種火集め<槍・殺編> 中級
日替り 種火集め<槍・殺編> 初級
日替り 種火集め<槍・殺編> 極級
日替り 種火集め<槍・殺編> 超級
日替り 種火集め<殺・槍編> 上級
日替り 種火集め<殺・槍編> 中級
日替り 種火集め<殺・槍編> 初級
日替り 種火集め<殺・槍編> 極級
日替り 種火集め<殺・槍編> 超級
日替り 種火集め<術・弓編> 上級
日替り 種火集め<術・弓編> 中級
日替り 種火集め<術・弓編> 初級
日替り 種火集め<術・弓編> 極級
日替り 種火集め<術・弓編> 超級
日替り 種火集め<騎・剣編> 上級
日替り 種火集め<騎・剣編> 中級
日替り 種火集め<騎・剣編> 初級
日替り 種火集め<騎・剣編> 極級
日替り 種火集め<騎・剣編> 超級
日替り 術の修練場 上級
日替り 術の修練場 中級
日替り 術の修練場 初級
日替り 術の修練場 極級
日替り 術の修練場 超級
日替り 騎の修練場 上級
日替り 騎の修練場 中級
日替り 騎の修練場 初級
日替り 騎の修練場 極級
日替り 騎の修練場 超級
日月 A
日本エリア
日本一のローマ大名
日本文化における晴れ姿
ダ・ヴィンチとシオンの初コラボ
日本橋
日照りの荒野
日輪
日輪が穿つ星河の朔月
日輪しるこ
日輪の城
日輪の寵姫
日輪の寵姫 EX
日輪よ、死に随え
日輪城
日輪扇子
日輪解除
日陰通り
旧き良き糸 A
旧き蜘蛛は懐古と共に糸を紡ぐ
旧き過去を紡ぐ糸
旧邪馬台国神殿
旨そうな敵を攻撃
早口になる廊下
早変わり EX
早縫の糸紡ぎ B
昇竜の霊地
明かす者 EX
明けの光暈
明けの明星
明けの浜辺
明けの砂丘
明の境界
明日の先
明日霊血古ゼッケン
明日霊血古ゼッケンのドロップ獲得数を1個増やす【『カルデア妖精騎士杯』イベント期間限定】
明日霊血古ゼッケンのドロップ獲得数アップ
明日霊血古圏 難関挑戦コース
明星 C
明星のトーチ
明治維新
昏き庭の剪定 A
昏き森淵の護符
昏き炎
昔日の神印 EX
星、宙より落ち来たる
星に夢を D
星のゆりかご C
星の三蔵ちゃん、天竺から帰る(1/2)
星の三蔵ちゃん、天竺から帰る(2/2)
星の三蔵ちゃん、天竺に行く
星の三蔵ちゃん、天竺に行く 第一巻 クリアで開放
星の三蔵ちゃん、天竺に行く 第三巻 クリアで開放
星の三蔵ちゃん、天竺に行く 第二巻 クリアで開放
星の三蔵ちゃん、天竺に行く 第五巻 クリアで開放
星の光剣、星の光盤
星の原野
星の天秤
星の息吹 C
星の欠片
星の海の航海証
星の狩人
星の王冠
星の生まれる刻
星の籠（大） EX
星の籠（小） EX
星の紋章 EX
星の航海者 A
星の裁き A
星の開拓者
星の開拓者 EX
星はすばる B
星よ、輝きの道を征け
星を統べるもの B
星を視る者
星を開拓する海賊女王
星光の砂
星冠の結晶〔アサシン〕
星冠の結晶〔アーチャー〕
星冠の結晶〔エクストラⅠ〕
星冠の結晶〔エクストラⅡ〕
星冠の結晶〔キャスター〕
星冠の結晶〔セイバー〕
星冠の結晶〔バーサーカー〕
星冠の結晶〔ライダー〕
星冠の結晶〔ランサー〕
星出しスプーン
星剣のエピタフ
星原と水晶の国 Rank A
星原と水晶の国 Rank A+
星原と水晶の国 Rank B
星原と水晶の国 Rank B+
星原と水晶の国 Rank C
星原と水晶の国 Rank D
星原と水晶の国 Rank EX
星天を照らせ地の朔月
星屑の海域
星屑盤上冥路 アステロ・アキハバラ
星屑盤上冥路：
アステロ・アキハバラ
星断ちの邪聖剣
星月夜
星月巡り
星海の鉄軌
星者の贈り物 A
星者の贈り物 B
星見のティーポット
星見の回廊
星見の旅路
星詠みの丘
星辰象る久遠鏡
星間都市南部
星間都市山脈オリュンポス
星間都市東部
星間都市西部
星降る砂漠
星馳せる終幕の薔薇
映し身の可能性（聖剣） A
映し身の可能性（聖槍） A
春うらら
春に咲く
春に歌えば
春に逢う
春の中へ
春の園へ
春の琴線
春の終わりに君を待つ
春の西風
春の記憶
春の鼓動 EX
春を見る
春待つ君と
春意の化身 A
春日局の大奥
春日山城
春遠からじ
春陽燦々
春風の漂流者
春風の漂流者 A
春風の漂流者 EX
春風遊歩道
昭和キ神計画 ぐだぐだ龍馬危機一髪！
消えたノッブヘッドの謎
昭和勤王党
是なるは不老不死の霊薬なり＜嘘＞
是にあらざる
是非もないチョコ
是非もなし A-
時に煙る白亜の壁
時に煙る白亜の壁 A
時のある間に薔薇を摘め
時の先導者
時の女神
時代の跡
時計のある廊下
時計のある部屋
時計塔
時計塔の奇宝 EX
時計塔キーホルダー
時計塔キーホルダーのドロップ獲得数アップ
晩鐘 EX
晩鐘、帰路 EX
晩鐘の天使
晩鐘廟
普通の座敷
景清は死なず EX
景陽原
晴れの新年
晴れの日
晴れの曙
智慧のスカラベ
智慧の魚
暁の山稜
暁の平原
暁の時を終える蛇よ、此処に
暁の間
暁光炉心
暖かい廊下
暗がりの洞窟
暗君のカリスマ A
暗夜の武練 A
暗幕 混沌にして善
暗月
暗殺の天使 A
暗殺実行／その後宴
暗殺者の仮面
暗殺者の仮面[FFFF00]10[-]個入手で開放
暗殺者の仮面[FFFF00]13[-]個入手で開放
暗殺者の仮面[FFFF00]14[-]個入手で開放
暗殺者の仮面[FFFF00]15[-]個入手で開放
暗殺者の仮面[FFFF00]16[-]個入手で開放
暗殺者の仮面[FFFF00]17[-]個入手で開放
暗殺者の仮面[FFFF00]18[-]個入手で開放
暗殺者の仮面[FFFF00]19[-]個入手で開放
暗殺者の仮面[FFFF00]20[-]個入手で開放
暗殺者の仮面[FFFF00]3[-]個入手で開放
暗殺者の仮面[FFFF00]6[-]個入手で開放
暗殺者の仮面[FFFF00]１０[-]個で開放
暗殺者の仮面[FFFF00]１３[-]個で開放
暗殺者の仮面[FFFF00]１４[-]個で開放
暗殺者の仮面[FFFF00]１５[-]個で開放
暗殺者の仮面[FFFF00]１６[-]個で開放
暗殺者の仮面[FFFF00]１７[-]個で開放
暗殺者の仮面[FFFF00]１８[-]個で開放
暗殺者の仮面[FFFF00]１９[-]個で開放
暗殺者の仮面[FFFF00]２０[-]個で開放
暗殺者の仮面[FFFF00]３[-]個で開放
暗殺者の仮面[FFFF00]６[-]個で開放
暗殺者の頂に立つもの
暗殺計画
暗澹
暗礁海域
暗闇病院
暗黒の果て
暗黒の海域
暗黒の神核 B
暗黒の螺旋
暗黒佐和山城
暗黒佐和山城・ピラミッドの乱
暗黒関ヶ原
暗黒関ヶ原の戦い 東軍
暗黒関ヶ原の戦い 西軍
暮れの浜辺
暴力圏の街
暴走特権 EX
暴食の都
暴食区
暴食圏の城塞
暴食圏の山陵
暴食圏の荒地
曙の間
曜変天目茶碗
曜日クエスト
曲亭馬琴
書は焚すべし A
書庫の王
最上階「造形王の愛」
最下層への階段
最下層へ進む
最低限のたしなみ
最初のおくりもの
最可愛良妻コスタマモの手配書
最大HPを増やす
最大HPを減らす
最大HPアップ
最大HPプラス
最大HPマイナス
最後のゲーム：バトル・オブ・《新宿》
最後の戦い
最後の欠片
最後の武器
最後の結び目
最後の語り部
最後の財宝
最後の騎士
最果てにて
最果てにて礎なる夢の塔
最果てにて輝ける槍
最果てに臨む大王
最果ての加護 A
最果ての加護 B
最果ての加護 EX
最果ての加護（宇宙） B
最果ての加護（宇宙） B+
最果ての塔
最果ての正義 A
最果てより A
最深のともしび
最終R「サンタクロースの贈り物」
最終Rクリアかつ12月13日18時00分以降に開放
最終Rクリアかつ12月22日18時00分以降に開放
最終巻「天竺」
最終幕 大炎上！！ ぐだぐだ本能寺
最終幕 大炎上！！　ぐだぐだ本能寺
最終幕　偽典共鳴幻想 スノーフィールドⅡ
最終戦 スペース・オデュッセウス
最終攻撃・天槍光輪
最終歌 屍山血河舞台・厭離穢土（序）
最終歌 屍山血河舞台・厭離穢土（急）
最終歌 屍山血河舞台・厭離穢土（破）
最終決戦・虚ろなる海神
最終物資補給作戦
最終物資補給戦 Ⅰ
最終物資補給戦 Ⅱ
最終物資補給戦 Ⅲ
最終物資補給戦 Ⅳ
最終物資補給戦 Ⅴ
最終節 チョコレートガーデンの女帝
最終節 贋作｢真作に背を向けし復讐者｣
最終節 陽の名残り
最終節『かくして怪盗は会心の笑いを浮かべる』
最終節『エピローグ』
最終節『悲喜こもごもな後日談』
最終節クリアかつ3月9日18時00分以降に開放
最終節クリアで開放
最終話「君よ、綿津見の原を征け」
最速の証明
最高のニンジン
月つやべに
月つやべにのドロップ獲得数を1個増やす【『復刻:徳川廻天迷宮 大奥』イベント期間限定】
月つやべにのドロップ獲得数を1個増やす【『徳川廻天迷宮 大奥』イベント期間限定】
月つやべにのドロップ獲得数を2個増やす[最大解放]【『徳川廻天迷宮 大奥』イベント期間限定】
月つやべにのドロップ獲得数アップ
月とラブリュス
月に吼える
月に囚われたＡＩ
月のレガリア EX
月の兎 EX
月の勝利者
月の断片
月の海
の記憶
月の海の生徒会
月の海の記憶
月の湖 EX
月の湯治
月の蛹 A
月の裏側
の記憶
月の裏側の記憶
月の都 B
月は知らず、久遠の光
月への移転届
月より団子
月下
月下の四匹
月下美人の間
月下解除
月下逍遙／日輪午睡 A
月光の舞踏会
月光大砲増幅装置
月光採掘場
月光核
月夜の邂逅
月夜の闘宴
月夜の魔女
月女神の圧 EX
月女神の巫女 A
月女神の愛矢恋矢
月女神の沐浴
月女神の無垢な愛
月曜 宝物庫の扉を開け 上級
月曜 宝物庫の扉を開け 中級
月曜 宝物庫の扉を開け 初級
月曜 宝物庫の扉を開け 超級
月曜 種火集め<槍・殺編> 上級
月曜 種火集め<槍・殺編> 中級
月曜 種火集め<槍・殺編> 初級
月曜 種火集め<槍・殺編> 超級
月曜・宝物庫の扉を開け 上級
月曜・宝物庫の扉を開け 中級
月曜・宝物庫の扉を開け 初級
月曜・種火集め<三騎士編> 上級
月曜・種火集め<三騎士編> 中級
月曜・種火集め<三騎士編> 初級
月曜・種火集め<三騎士編> 超級
月桂樹の指輪
月海原学園の王
月海原生徒会の会計
月翳りし我が麗しの
月見のティーポット
月見団子
月輪九曜
月陰の縁
月陰の縁 A
月陰の縁 B
月陰の縁 EX
月霊髄液
月面上空
月面最大の決戦
有朋遠来
有毒の幻想 A
有鱗幻想
服部武雄
服部武雄合戦 侍大将級
服部武雄合戦 副大将級
服部武雄合戦 組頭級
服部武雄合戦 総大将級
服部武雄合戦 足軽大将級
服部武雄突破戦
朔日
朔日クリアかつ7月1日18時00分以降に開放
朔日クリアで開放
朔月の加護
朔月美遊
望まれた聖女
望月に踊る A
望月千代女
朝のひばり
朝のひばり EX
朝を迎える
朝寝の後で
朝露の丘
朝顔柄の浴衣（呪）
朝餉一膳
期間限定★4サーヴァントコイン（補填）
期間限定★5サーヴァントコイン（補填）
期間限定イベント
『CBC2026 マイ･カインド･オブ･アブダクション』
は終了しました。
期間限定イベント
『失われた創世　未来からの方舟』
は終了しました。
朦朧とする廊下
朧月夜の訪問者 ～巫女地獄曼珠沙華～ 1
朧月夜の訪問者 ～巫女地獄曼珠沙華～ 10
朧月夜の訪問者 ～巫女地獄曼珠沙華～ 11
朧月夜の訪問者 ～巫女地獄曼珠沙華～ 12
朧月夜の訪問者 ～巫女地獄曼珠沙華～ 13
朧月夜の訪問者 ～巫女地獄曼珠沙華～ 14
朧月夜の訪問者 ～巫女地獄曼珠沙華～ 15
朧月夜の訪問者 ～巫女地獄曼珠沙華～ 2
朧月夜の訪問者 ～巫女地獄曼珠沙華～ 3
朧月夜の訪問者 ～巫女地獄曼珠沙華～ 4
朧月夜の訪問者 ～巫女地獄曼珠沙華～ 5
朧月夜の訪問者 ～巫女地獄曼珠沙華～ 6
朧月夜の訪問者 ～巫女地獄曼珠沙華～ 7
朧月夜の訪問者 ～巫女地獄曼珠沙華～ 8
朧月夜の訪問者 ～巫女地獄曼珠沙華～ 9
朧裏月十一式
木の棒の廊下
木剣
木場
木彫りの百舌鳥
木星の鏡像 A
木曜 宝物庫の扉を開け 上級
木曜 宝物庫の扉を開け 中級
木曜 宝物庫の扉を開け 初級
木曜 宝物庫の扉を開け 超級
木曜 種火集め<槍・殺編> 上級
木曜 種火集め<槍・殺編> 中級
木曜 種火集め<槍・殺編> 初級
木曜 種火集め<槍・殺編> 超級
木曜・モンスター狩り<三騎士編> 上級
木曜・モンスター狩り<三騎士編> 中級
木曜・モンスター狩り<三騎士編> 初級
木曜・種火集め<三騎士編> 上級
木曜・種火集め<三騎士編> 中級
木曜・種火集め<三騎士編> 初級
木曜・種火集め<三騎士編> 超級
木曽
木材
木綿の首巻き
未だ見ぬ勝利
未完の馬再建計画
未来
未来と過去
未来へと輝く A
未来ステーション
未来予知 A
未来予知 A++
未来管理 A
未知への探求 B
未確認座標Ｘ－Ａ
未確認座標Ｘ－Ｂ
未確認座標Ｘ－Ｃ
未確認座標Ｘ－Ｄ
未確認座標Ｘ－Ｅ
未確認座標Ｘ－Ｆ
未確認座標Ｘ－Ｇ
未確認領域
未蘭蛇竜・紋章咬合
未踏の先へ A
未青き幻想の令印
末那識・十六夜残花
本で埋もれた廊下
本で埋もれた部屋
本の一冊、ペンの一本
本の群れ、わたしたちの群れ
本当に、無理難題ではないのよ？
本戦 アリーナ級 シャイニング・ランサー
本戦 アリーナ級 Ｉ♡SＪ
本戦 ガーデン級 摩天楼キャロル
本戦 ガーデン級 風魔一族の野望
本戦 クラブ級 No.１は誰だ
本戦 クラブ級 サイエンスの夜明け
本戦 ジム級 ザ・ロードローラー
本戦 ジム級 振り回される豹神
本戦 ストリート級 NY円卓名誉守り隊
本戦 ストリート級 ＮＹ楽しみ隊
本戦 上級 L・L・L
本戦 上級 クランの猛犬
本戦 中級 キッチン・カルデア
本戦 中級 フランケンシュタインの家族
本戦 初級 チーム・フランス
本戦 初級 美女と闘士
本戦 勇者級 BIG TWO
本戦 勇者級 世紀末ケルト組
本戦 王者級 勇者の戦い
本戦 王者級 工場長の逆襲
本戦 覇者級 アンチヒーローズ
本戦 超級 大江山の宴
本戦 超級 聖女の行進
本日のスフレパンケーキ（限定）
本日の紅茶
本棚のある廊下
本棚のある部屋
本気モード
本能のエナドリ
本能のエナドリ、知識のカレー、感情のステーキのドロップ獲得数アップ
本能寺ポイント
朱雀大路
朱雀門
朽ちた大剣
朽ちた大剣のドロップ獲得数アップ
朽葉の冠
朽葉の冠のドロップ獲得数を1個増やす【『螺旋証明世界 リリムハーロット』イベント期間限定】
朽葉の冠のドロップ獲得数アップ
杉谷善住坊
李書文
材料チョコ
材料収集 傀儡から部品を手に入れろ
材料収集 土地の所有権を賭けた戦い
材料収集 密林のナワバリ争い
材料収集 島のお宝争奪戦
材料収集 暴れまわるサイボーグ
材料収集 略奪者との攻防戦
材料収集 精密なる絡繰軍団
材料収集 良質な鋼を求めて
材料収集 鉱員との危険な交渉
材料収集ポイント
材料収集ポイント100,000以上
＆6月7日18時00分以降に開放
材料収集ポイント160,000以上
＆6月8日18時00分以降に開放
材料収集ポイント25,000以上
＆6月5日18時00分以降に開放
材料収集ポイント310,000以上
＆6月9日18時00分以降に開放
材料収集ポイント60,000以上
＆6月6日18時00分以降に開放
材料収集ポイントのドロップ獲得量を30%増やす【『落涙の翼』イベント期間限定】
材料収集ポイントのドロップ獲得量を60%増やす[最大解放]【『落涙の翼』イベント期間限定】
材料収集ポイント獲得量アップ
材木のドロップ獲得数を1個増やす【『雀のお宿の活動日誌』イベント期間限定】
材木のドロップ獲得数を2個増やす[最大解放]【『雀のお宿の活動日誌』イベント期間限定】
材木のドロップ獲得数アップ
材木のドロップ獲得数アップ＆攻撃の威力アップ
村の墓場
村カルキ
村落作成 EX
来たれよ酷吏殭屍団
来園者数ポイント
来園者数ポイント10,000以上で開放
来園者数ポイント10,000以上＆8月12日18時以降に開放
来園者数ポイント100,000以上で開放
来園者数ポイント100,000以上＆8月14日18時以降に開放
来園者数ポイント2,000以上で開放
来園者数ポイント2,000以上＆8月11日18時以降に開放
来園者数ポイント200,000以上で開放
来園者数ポイント200,000以上＆8月15日18時以降に開放
来園者数ポイント300,000以上で開放
来園者数ポイント300,000以上＆8月16日18時以降に開放
来園者数ポイント40,000以上で開放
来園者数ポイント40,000以上＆8月13日18時以降に開放
来福おにぎり
来福おにぎりのドロップ獲得数を1個増やす【『ミシシッピ・ミササイザーズ』イベント期間限定】
来福おにぎりのドロップ獲得数アップ
杯と弾丸と
東の平原
東の村
東の村の冒険
東の花園
東の財宝
東へ(1/2)
東へ(2/2)
東アジアエリア
東京極大路
東京駅
東京／責務の呼び声 caseⅡ
東大柱
東干し柿
東干し柿のドロップ獲得数を1個増やす【『盈月剣風帖』イベント期間限定】
東干し柿のドロップ獲得数を2個増やす[最大解放]【『盈月剣風帖』イベント期間限定】
東干し柿のドロップ獲得数アップ
東方の女王 EX
東方武技 A+
東欧エリア
東海道覇王
東海道覇王合戦 侍大将級
東海道覇王合戦 副大将級
東海道覇王合戦 組頭級
東海道覇王合戦 総大将級
東海道覇王合戦 足軽大将級
東海道覇王突破戦
東雲の間
枕元の邪竜
枕草子・春曙抄
果ての海岸
果ての荒野
果ての財宝
果ての雲海
果てへと至る道
果実の酒気 A
果心居士
枯れた戦場
枯れない花
枯れ木に花を咲かせましょう
枯れ果てた山稜
枯れ果てた荒野で資源収集
枯山水チョコレート
枯淡勾玉
枯淡勾玉、竜の牙、愚者の鎖の中から一つと交換ができます。
染宮すずめ
柔らかな慈愛
柔らかな残響
柳洞寺
柳生但馬守
柳生但馬守宗矩
柳緑花紅 B
柳緑花紅 C
栄光のサンタクロース・ロード
～封じられたクリスマスプレゼント～
栄枯盛衰
栄行くパルミラ A
株取引所
根源接続 A
格調高い、気品溢れる一品
これで貴方も皇太子（ハロウィン）に！
桃の間
桃源郷
桜の特製弁当
桜の間
桜歌爛漫
桜田門
桜色の風景
桜花爛漫
桧野ひなこ
桶狭間
梁山泊
梁山泊の活動を100回達成で開放
梁山泊の活動を10回達成で開放
梁山泊の活動を150回達成で開放
梁山泊の活動を200回達成で開放
梁山泊の活動を20回達成で開放
梁山泊の活動を300回達成で開放
梁山泊の活動を30回達成で開放
梁山泊の活動を500回達成で開放
梁山泊の活動を50回達成で開放
梁山泊の活動を75回達成で開放
梁山泊近辺の安全調査
梅の廊下
梟の村
梟の間
梳り櫛
棍棒術 A
森
森なりし聖
森の中
森の奥に謎の巨人の影を見た
森の女王、強かに戦術を練る
森の守り手
森の狩人
森の賢者
森の賢者 D
森域の魔獣
森奥の広場
森羅万象 A+
森長可
棺の間
棺桶屋だけが友達なのさ
椿の間
椿説弓張月
楊貴妃
楊貴妃体験クエスト
業の目 A
業物ナイフ
楯無 B
極上源氏柏餅
極上生チョコタルト
極光の間
極北女王の杖
極北楽園郊外
極北魔氷城
極地 A
極地 A+
極地用
カルデア制服
極大宴会・梁山泊 EX
極大霊障建築A.C.L.
極星のトーチ
極星よ道を示せ B
極星天球殻循環
極東乖離結界CHACHA
極東乖離結界「帝都」
極楽の座敷
極楽鳥の間
極氷封印／漂着する魂は
極限環境での活動を想定した魔術礼装
楽しいジェット天然理心流
楽園の一杯
楽園再帰／断たれし邪悪のかたち
楽園再帰／王妃の正体
概念改良 A+
概念礼装EXPカード：おかしな双子
概念礼装EXPカード：おき太
概念礼装EXPカード：おせちもいいんですけど
概念礼装EXPカード：お喋り探偵ロビン
概念礼装EXPカード：ぐだぐだまじんさん
概念礼装EXPカード：ぐだぐだウェルカム
概念礼装EXPカード：ぐだぐだ土佐同盟
概念礼装EXPカード：ぐだぐだ天魔王×３
概念礼装EXPカード：ぐだぐだ明治維新
概念礼装EXPカード：はじめてのカレー
概念礼装EXPカード：もぐもぐ彦斎
概念礼装EXPカード：ようこそ邪馬台国！
概念礼装EXPカード：わたしの小さなウマ
概念礼装EXPカード：カドゥケウス
概念礼装EXPカード：ドルセント・ショップ
概念礼装EXPカード：ナイス甲斐
概念礼装EXPカード：ノッブ
概念礼装EXPカード：フランの花
概念礼装EXPカード：マジカルルビー
概念礼装EXPカード：ロックにキメてこうぜ！
概念礼装EXPカード：ロデオ
概念礼装EXPカード：九字兼定
概念礼装EXPカード：二代目は壱与！
概念礼装EXPカード：刻印虫
概念礼装EXPカード：大黒天＆アニング降臨
概念礼装EXPカード：宇宙犬
概念礼装EXPカード：死に損ねの赤狼
概念礼装EXPカード：毘沙門天ぞ是にあり！
概念礼装EXPカード：猛者と無敵
概念礼装EXPカード：猪王
概念礼装EXPカード：私にだけ見える兎
概念礼装EXPカード：窮鼠
概念礼装EXPカード：茶の湯ティーチャー
概念礼装EXPカード：虎と遭難
概念礼装EXPカード：謎の物質α
概念礼装EXPカード：謎の物質β
概念礼装EXPカード：謎の物質γ
概念礼装EXPカード：謎の蘭丸X飛来！
概念礼装EXPカード：阿国座カルデア公演
概念礼装EXPカード：雑賀にお任せ
概念礼装EXPカード：ＢＢショット！
概念礼装EXPカード：Ｓバニヤン降臨
構築部本部
槍がなければどうということはないわけがない
槍のコインチョコ
槍のチョコ型
槍の印章
槍の秘石
槍の輝石
槍の魔石
槍兵の頂に立つもの
様物 B+
標剣仗
権能の極小集合体
横須賀
樽入りチキン
橋の巨人 C
機へ至る忍耐 B
機材集め 上級
機材集め 中級
機材集め 初級
機材集め 彗星級
機材集め 惑星級
機材集め 星団級
機材集め 超時空級
機材集め 超級
機材集め 銀河級
機械工場
機神回廊
機関の鎧 EX
欠地王の矜恃 A
次のエリアへ進む
次のエリアへ進む(ミッションNo.19達成で開放)
次のエリアへ進む(ミッションNo.19達成＆1月23日18時に開放)
次のエリアへ進む(ミッションNo.29達成で開放)
次のエリアへ進む(ミッションNo.29達成＆1月21日18時に開放)
次のエリアへ進む(ミッションNo.39達成で開放)
次のエリアへ進む(ミッションNo.39達成＆1月24日18時に開放)
次のエリアへ進む(ミッションNo.41達成で開放)
次のエリアへ進む(ミッションNo.41達成＆1月22日18時に開放)
次のエリアへ進む(ミッションNo.68達成で開放)
次のエリアへ進む(ミッションNo.68達成＆1月25日18時に開放)
次のエリアへ進むクリアで開放
次期当主会議
欺瞞
欺瞞の間
歌うイルゥイカ・アトル
歌うカボチャ城の冒険
～マッドパーティー2015～
歌うカボチャ城の冒険：
マップテーマ
歌う槍、叫ぶ槍
歌仙の詩歌 A
歌仙の詩歌 B
歌舞伎町
歓楽監獄城 チェイテ
正さねばならないもの
正射必中
正月くらい休めよ
正月の神秘
正気喪失 B
正気喪失 B+
正義の神殿
正面橋
此処に、ふたたびの黄昏を（中編）
此処に、ふたたびの黄昏を（前編）
此処に、ふたたびの黄昏を（後編）
此処は再びの監獄なれば
此方より頂に至るもの
武の櫓
武の求道 B
武の祝福 A
武を以て天下を制す
武人にして文あり C
武具庫
武則天
武器を作り直す
武器倉庫
武姓の忌姫 A
武家屋敷
武悪の極限 A
武成王
武成王 EX
武田の誇り
武田の隠し湯
武田ハンドル
武田ハンドルのドロップ獲得数を1個増やす【『ぐだぐだ超五稜郭』イベント期間限定】
武田ハンドルのドロップ獲得数を2個増やす[最大解放]【『ぐだぐだ超五稜郭』イベント期間限定】
武田ハンドルのドロップ獲得数アップ
武田信玄
武田晴信
武者走り
武者隠し
武芸応報 B
武芸百般（馬） A
武芸百般（馬） EX
武蔵うどん
武蔵うどんのドロップ獲得数を1個増やす【『盈月剣風帖』イベント期間限定】
武蔵うどんのドロップ獲得数を2個増やす[最大解放]【『盈月剣風帖』イベント期間限定】
武蔵うどんのドロップ獲得数アップ
武蔵ちゃんの夏モード
武蔵坊弁慶
武装城塞
武装維新 B
歩く樹木の森
歪曲の魔眼
歪曲の魔眼 EX
歯車の廊下
歯車の部屋
歳末の贈り物
歳殺豹尾（前編）
歳殺豹尾（後編）
死、死、死
死がふたりを分断つまで
死が二人を別離つとも
死せる戦士たちの武器庫
死せる書架の国 EXTRAⅠ
死せる書架の国 EXTRAⅡ
死せる書架の国 Rank A
死せる書架の国 Rank B
死せる書架の国 Rank C
死せる書架の国 Rank D
死せる書架の国 Rank EX
死せる魔術協会
死と生の荒野
死なずのバールー EX
死なずのマグス A
死ぬ暇もない
死の国へ
死の淵
死の淵 EX
死の渇き
死の祭壇
死の芸術
死の荒野
死の風、波斯の王
死は明日への希望なり
死を告げる一矢
死を告げる天使
死を告げる晩鐘(1/2)
死を告げる晩鐘(2/2)
死を招く黒の一手
死を纏う者 A
死亡時、スターを大量獲得
死亡時、味方全体のNPを少し増やす
死亡時、味方単体のクリティカル発生率をアップ
死亡時にスターを獲得する
死亡時に味方全体に無敵状態を付与＆HPを回復する
死亡時に味方全体のHPを回復する
死亡時に味方単体のクリティカルの発生率をアップする
死亡時発動
死亡時発動(Quick性能アップ)
死亡時発動(回避)
死亡時発動(宝具威力アップ)
死亡時発動(平穏の無花果)
死亡時発動(強化)
死亡時発動(戦乱の徒花)
死亡時発動(無敵)
死亡時発動(終焉特権)
死亡時発動(防御力アップ)
死亡時発動(鬼武蔵の遺言状)
死出の坂 羅刹級
死出の坂 超級
死出の坂 鬼級
死告天使
死因に非ず
死嵐大王・殲滅妖獣
死想顕現界域 トラオム
死想顕現界域 トラオムをクリアで開放
死想顕現界域 トラオムをクリア＆霊基再臨1段階目＆絆Lv.5で開放
死想顕現界域 トラオムをクリア＆霊基再臨3段階目＆絆Lv.5で開放
死損ね一文字
死損ね左之助 B+
死毒の石廟
死溢るる魔境への門
死滅の薔薇
死滅の薔薇のドロップ獲得数を1個増やす【『螺旋証明世界 リリムハーロット』イベント期間限定】
死滅の薔薇のドロップ獲得数アップ
死滅願望
死滅願望 A
死牙の獣
死界魔霧都市：
ロンドン
死番 B
死神 A
死神 B
死神のための葬送曲
死者の街
死闘・ビーチバレー！
死霊特性付与
死霊魔術
殉教者の魂 B+
殊勲の大剣
残された神話
残せるもの
残花の迷宮
殲滅リスト
殲滅女神/how to avoid destruction
殲滅女神かくあれかし
殲滅宝具
段蔵の牛
殺のコインチョコ
殺のチョコ型
殺の印章
殺の秘石
殺の輝石
殺の魔石
殺戮応酬 A
殺戮技巧（人） A
殺戮機巧 B+
殺戮獣団 A
殺戮領域
殺生院キアラ
殺生院特上おはぎ
殿の矜持 A
殿の矜持 EX
毅き仔よ、創世の理に抗え
毅然！ クレーマーに対する正しい対応例
母ならず、女ならず、けれど私は
母なるロックオンチョコ
母なる心臓
母なる海
母なる海の仔
母なる砂浜
母の思い出
母の権能（豊穣） C
母を求める刃
毎ターンHP回復
毎ターンHP減少
毎ターンNP獲得
毎ターンNP獲得〔水辺〕
毎ターンNP獲得〔炎上〕
毎ターン〔スキルランクアップ〕状態を付与する
毎ターンスター獲得
毎ターンスター獲得〔水辺〕
毎ターンスター獲得〔陽射し〕
毎ターンスター獲得：水辺
毎ターン発動
毎ターン発動(HP回復＆弱体解除)
毎ターン発動(NP吸収)
毎ターン発動(NP増加)
毎ターン発動(チャージ吸収)
毎ターン発動(宝具威力アップ)
毎ターン発動(攻撃力ダウン＆クリティカル発生ダウン)
毎ターン発動(攻撃力ダウン＆スター発生ダウン)
毎ターン確率でスキル封印状態を付与
毎ターン確率でチャージ吸収
毎ターン確率で一度だけスタン状態を付与
毎ターン終了時、味方全体のHPを回復＆弱体状態を解除
毎ターン終了時、味方全体のNPを増やす
毎ターン終了時、敵全体の攻撃力をダウン＆クリティカルの発生率をダウン
毎ターン終了時、敵全体の攻撃力をダウン＆スター発生率をダウン
毎ターン終了時、自身のクリティカル威力をアップ
毎ターン終了時、自身の宝具威力をアップ
毎ターン終了時、自身の強化付与率をアップ
毎ターン終了時に回避状態を付与
毎ターン終了時に確率で自身を除く味方全体から宝具チャージを吸収する
毎ターン終了時に自身を除く味方全体からNPを吸収する
毎ターン自身の防御強化状態を1つ解除する(強化扱い)【デメリット】
毎日電脳楽土　JI.NA.KO
毒
毒、呪い、やけど耐性をアップ
毒、呪い、やけど耐性アップ
毒と呪いとやけどを受けなくなる
毒と呪いを受けなくなる
毒によるダメージをHP回復効果に変換する
毒の刃 C++
毒の効果量アップ
毒の花、鉄の剣
毒の食饌 A
毒を受けなくなる
毒リンゴ
毒リンゴのドロップ獲得数を1個増やす【『ハロウィン・ライジング！』イベント期間限定】
毒リンゴのドロップ獲得数を2個増やす[最大解放]【『ハロウィン・ライジング！』イベント期間限定】
毒リンゴのドロップ獲得数アップ
毒・やけどを受けなくなる
毒・呪い・やけど解除
毒付与アップ
毒付与率をアップ
毒料理マスターの手配書
毒無効
毒耐性をアップ
毒耐性アップ
毒薬調合 A+
毒蛇一芸
毒解除
毒＆やけど無効
毒＆呪い無効
毒＆呪い＆やけど無効
比翼にして連理
毘天が一つ太刀
毘天の龍玉
毘天ステッカー
毘天ステッカーのドロップ獲得数を1個増やす【『ぐだぐだ超五稜郭』イベント期間限定】
毘天ステッカーのドロップ獲得数を2個増やす[最大解放]【『ぐだぐだ超五稜郭』イベント期間限定】
毘天ステッカーのドロップ獲得数アップ
毘天八相・不知火
毘天八相車懸りの陣
毘天宝塔 C
毛皮の肩掛け
民の叡智 A+
民家
民家Ａ
民家Ｂ
気の沈む廊下
気をつけろ！ 知的でビューティホーな刺客
気を失いそうな廊下
気配感知 A+
気配感知 A++
気配遮断 -
気配遮断 A
気配遮断 A+
気配遮断 B
気配遮断 C
気配遮断 C+
気配遮断 C++
気配遮断 C-
気配遮断 D
気配遮断 E
気配遮断（蛇） B
気配遮断（陰） B
気配遮断（Ｊ） B-
気配順応 D
水のアイリを倒せ 序
水のアイリを倒せ 極
水のアイリを倒せ 真
水の如く花の如く
水の廃都
水の星を見つめるもの A
水の都（アストラン/カラクムル）
水ノブ
水上居住区を建て直す
水上村
水利権をかけて、隣町との対抗試合！
水天の徒 B
水天一碧天道の埒明け渡る　締括
水天一碧天道の埒明け渡る　１
水天一碧天道の埒明け渡る　２
水天一碧天道の埒明け渡る　３
水天宮インヴィディア・セルペンス
水天宮スロットで遊ぶ VIP級
水天宮スロットで遊ぶ ビギナー級
水天宮スロットで遊ぶ ビギナー級クリアで開放
水天宮スロットで遊ぶ レギュラー級
水天宮スロットで遊ぶ レギュラー級クリアで開放
水天日光天照八野鎮石
水妃モルガン
水引根付
水怪クライシス 無垢なる者たちの浮島
水晶宮
水晶宮の残影
水晶球
水曜 宝物庫の扉を開け 上級
水曜 宝物庫の扉を開け 中級
水曜 宝物庫の扉を開け 初級
水曜 宝物庫の扉を開け 超級
水曜 狂の修練場 上級
水曜 狂の修練場 中級
水曜 狂の修練場 初級
水曜 狂の修練場 超級
水曜 種火集め<弓・術編> 上級
水曜 種火集め<弓・術編> 中級
水曜 種火集め<弓・術編> 初級
水曜 種火集め<弓・術編> 超級
水曜・四騎と対決 上級
水曜・四騎と対決 中級
水曜・四騎と対決 初級
水曜・宝物庫の扉を開け 上級
水曜・宝物庫の扉を開け 中級
水曜・宝物庫の扉を開け 初級
水月 B
水月 B++
水泳上手 B
水浴転身 A
水田
水着2017(1部)_カルデアゲート
水着2017(1部)_ダミー表示
水着2017(2部)_ダミー表示
水着☆新選組！
水着剣豪の心得
水着剣豪の心得 A
水着剣豪の心得 B
水着剣豪の心得 EX
水着奶奶の謎
水紫山明
水辺の営み A+
水辺の聖女 B+
水辺の聖女（ドルフィン） A+
水道橋
水銀チョコ
水門
氷の叡智チョコ
氷の大地
氷の如し B
氷の架け橋
氷冷窟
氷原に轟く嘆き
氷室の天地 ～7人の最強偉人篇～
氷結闘熊
永世帝位 A
永世帝位 EX
永世帝国
永久に続く帝国
永久に遠き勝利の剣 D～A+
永久に閉ざされた理想郷
永久凍土帝国：
アナスタシア
永久常夏祭壇 ルルハワ
永久常夏祭壇　ルルハワ　ver.2.0
永久機関・妖精帝国
永倉新八
永劫の孤独
永劫の復讐鬼
永廊下
永楽銭
永生の奉献 EX
永続狂気帝国：
セプテム
永遠の氷牢
永遠の若武者 B+
永遠の都
永遠不滅の魔 EX
永遠結氷
永遠結氷、ホムンクルスベビー、宵哭きの鉄杭の中から一つと交換ができます。
永遠結氷、ホムンクルスベビー、愚者の鎖の中から一つと交換ができます。
永遠結氷、凶骨、宵哭きの鉄杭の中から一つと交換ができます。
永遠結氷、枯淡勾玉、竜の牙の中から一つと交換ができます。
永遠結氷、禁断の頁、励振火薬の中から一つと交換ができます。
永遠結氷、蛇の宝玉、虚影の塵の中から一つと交換ができます。
永遠結氷、追憶の貝殻、魔術髄液の中から一つと交換ができます。
求めし金羊の皮
汎人類史という罪
汐彩・リフレイン
汚染地帯
汝、この門を潜る者、一切の希望を捨てよ
汝、星を刈る血刃
汝、星を紊す情動（Ⅰ）
汝、星を紊す情動（Ⅱ）
汝、星を紊す情動（Ⅲ）
汝、星を紊す情動（Ⅳ）
汝、星を紊す情動（Ⅴ）
汝、星を鋤く豊穣
汝、星を鋤く豊穣（Ⅰ）
汝、星を鋤く豊穣（Ⅱ）
汝、星を鋤く豊穣（Ⅲ）
汝、星を鋤く豊穣（Ⅳ）
汝は怪物なりや
江古田
江戸の初夢 カルデアの正夢
江戸むすび
江戸むすびのドロップ獲得数を1個増やす【『盈月剣風帖』イベント期間限定】
江戸むすびのドロップ獲得数を2個増やす[最大解放]【『盈月剣風帖』イベント期間限定】
江戸むすびのドロップ獲得数アップ
江戸城
池田屋
決別のバルーンライト
決勝 アリーナ級 ワルキューレのハロワ
決勝 アリーナ級 電光掲示板の如く……！
決勝 ガーデン級 姫と用心棒
決勝 ガーデン級 英知の化身たち
決勝 クラブ級 夢の共演
決勝 クラブ級 誤解される人々
決勝 ジム級 NY観光ツアー
決勝 ジム級 チャイナ・インディア
決勝 ストリート級 ロスト・アポクリファ
決勝 ストリート級 北米の掟
決勝 上級 エンペラトール
決勝 上級 ロンディニウム学生寮
決勝 中級 おにぎり百連発
決勝 中級 熊、殴っぐる
決勝 初級 新本格サロン
決勝 初級 美しすぎる二人
決勝 勇者級 ザ・ラウンド
決勝 勇者級 奇岩城の虜
決勝 王者級 シャイニー・ブライド
決勝 王者級 増える古代王
決勝 覇者級 カルデア指南役
決勝 超級 ダーク・フェアリー・テール
決勝 超級 必殺鬼退治
決勝リーグ グランド・ローマ
決勝リーグ ユナイト・ユニヴァース
決意の花束
決戦
決戦 打ち倒される鬼
決戦、ぐだぐだ日輪城！【勢力戦】 勇士級
決戦、ぐだぐだ日輪城！【勢力戦】 大将級
決戦、ぐだぐだ日輪城！【勢力戦】 旗本級
決戦、ぐだぐだ日輪城！【勢力戦】 書生級
決戦、ぐだぐだ日輪城！【勢力戦】 浪士級
決戦、ぐだぐだ日輪城！【勢力戦】 番頭級
決戦、ぐだぐだ日輪城！【勢力戦】 組頭級
決戦、ぐだぐだ日輪城！【勢力戦】 足軽級
決戦、ぐだぐだ日輪城！【勢力戦】 門生級
決戦、ぐだぐだ日輪城！【勢力戦】 隊士級
決戦、ぐだぐだ日輪城！【決着戦】
決戦の狼煙
決戦前夜
決戦前夜（Ⅰ）
決戦前夜（Ⅱ）
決戦強化
決戦用
カルデア制服
決戦用カルデア制服
決戦！第二次桶狭間の戦い
決戦／最終使徒カリオストロ
決戦／決別
決着！ 風雲からくりイリヤ城！
沈まぬ太陽、その名は
沈む夜に微笑む B
沈む魔術協会
沈着冷静 B
沖田さん大勝利！
沖田総司
沖田総司〔オルタ〕
河上彦斎
沸き立つ大地
治癒の竪琴 B
治癒の竪琴 C
沼地の洋館
泉にて EX
法悦の浄土
法阿育・転輪聖王
泡影－Phantasma－モードレッド写真集
泡沫の彼方
波影の潜航者 A
波旬変生・三千大千天魔王
波止場
波濤と細波
波濤の獣
波濤を越えて
波間の離れ小島
泣きたくなる廊下
注文が大きいケーキ店
泰平の大地
洋風ぜんざい
洋館
洋館Ａ
洋館Ｂ
洗礼秘蹟 A
洗礼詠唱
洗礼詠唱 B+
洛陽の宮殿
洞窟
津具金山
流れよ我が涙、とＡＩは言った。
流れ星のチアガール
流星の如く煌めかん
流星の海域
流星の絆 A
流星の絆 B
流星の絆 C
流星の絆 D
流星の絆 E
流星の絆 EX
流星一条
流浪惑星アルトン
流転の剣聖
流転の蜃気楼
流離魔剣・聖妃失墜
浄化回復
浅上藤乃
浅上藤乃体験クエスト
浅草
浅草の迎撃戦1つ＆川崎大師か六郷大橋の迎撃戦1つクリアで開放
浅葱の羽織袴
浅葱の隊服
浜辺
浪漫なる槍
浪漫の風 B+
浮世絵は夢の如し
浮世蛸
浮足立つ廊下
海の匂いのする廊下
海の家くらくら
海の家の加護 EX
海の家繁盛記
海へ
海への扉
海を繋ぐ櫻の夢
海上
海上コース
海域探査2020
海境闢く満干珠
海岸
海岸コース
海底城の財宝
海底宴席
海底洞窟
海援隊旗
海王流 B
海百合のカリスマ C
海神のルーン EX
海神の三叉矛
海神の偏愛 A
海神の加護 B
海神の加護 D
海神の祝福 B
海神の神核 B
海蛇の巣の財宝
海賊たちの海原
海賊のアジト
海賊の宝箱〔金〕
海賊の宝箱〔銀〕
海賊の宝箱〔銅〕
海賊の宝箱〔銅〕、海賊の宝箱〔銀〕、海賊の宝箱〔金〕の追加ドロップ率アップ
海賊の宝箱を開けてお宝ポイント14,000獲得
＆5月20日18時00分以降に開放
海賊の宝箱を開けてお宝ポイント14,000獲得で開放
海賊の宝箱を開けてお宝ポイント14,000獲得＆9月11日18時以降に開放
海賊の宝箱を開けてお宝ポイント20,000獲得
＆5月21日18時00分以降に開放
海賊の宝箱を開けてお宝ポイント20,000獲得で開放
海賊の宝箱を開けてお宝ポイント20,000獲得＆9月12日18時以降に開放
海賊の宝箱を開けてお宝ポイント27,000獲得
＆5月22日18時00分以降に開放
海賊の宝箱を開けてお宝ポイント27,000獲得で開放
海賊の宝箱を開けてお宝ポイント27,000獲得＆9月13日18時以降に開放
海賊の宝箱を開けてお宝ポイント3,500獲得
＆5月18日18時00分以降に開放
海賊の宝箱を開けてお宝ポイント3,500獲得で開放
海賊の宝箱を開けてお宝ポイント3,500獲得＆9月9日18時以降に開放
海賊の宝箱を開けてお宝ポイント34,000獲得
＆5月23日18時00分以降に開放
海賊の宝箱を開けてお宝ポイント34,000獲得で開放
海賊の宝箱を開けてお宝ポイント34,000獲得＆9月14日18時以降に開放
海賊の宝箱を開けてお宝ポイント38,000獲得で開放
海賊の宝箱を開けてお宝ポイント8,000獲得
＆5月19日18時00分以降に開放
海賊の宝箱を開けてお宝ポイント8,000獲得で開放
海賊の誉れ B
海賊の誉れ C+
海賊サーベル
海賊サーベルのドロップ獲得数を1個増やす【『カルデア・サマーアドベンチャー！』イベント期間限定】
海賊サーベルのドロップ獲得数アップ
海賊ジョッキ
海賊ジョッキのドロップ獲得数を1個増やす【『カルデア・サマーアドベンチャー！』イベント期間限定】
海賊ジョッキのドロップ獲得数アップ
海賊バンダナ
海賊バンダナのドロップ獲得数を1個増やす【『カルデア・サマーアドベンチャー！』イベント期間限定】
海賊バンダナのドロップ獲得数アップ
海賊・ハント 典位++級
海賊・ハント 典位+級
海賊・ハント 典位級
海賊・ハント 祭位級
海賊・ハント 開位級
海賊公女は淫蕩に笑む
海賊島
海賊紳士 A
海賊紳士 A+
海賊船
海道流星群
海魔の足
海魔の足[FFFF00]11[-]個入手で開放
海魔の足[FFFF00]13[-]個入手で開放
海魔の足[FFFF00]14[-]個入手で開放
海魔の足[FFFF00]15[-]個入手で開放
海魔の足[FFFF00]16[-]個入手で開放
海魔の足[FFFF00]18[-]個入手で開放
海魔の足[FFFF00]19[-]個入手で開放
海魔の足[FFFF00]20[-]個入手で開放
海魔の足[FFFF00]2[-]個入手で開放
海魔の足[FFFF00]5[-]個入手で開放
海魔の足[FFFF00]7[-]個入手で開放
海魔の足[FFFF00]9[-]個入手で開放
海魔の足[FFFF00]１１[-]個で開放
海魔の足[FFFF00]１３[-]個で開放
海魔の足[FFFF00]１４[-]個で開放
海魔の足[FFFF00]１５[-]個で開放
海魔の足[FFFF00]１６[-]個で開放
海魔の足[FFFF00]１８[-]個で開放
海魔の足[FFFF00]１９[-]個で開放
海魔の足[FFFF00]２[-]個で開放
海魔の足[FFFF00]２０[-]個で開放
海魔の足[FFFF00]５[-]個で開放
海魔の足[FFFF00]７[-]個で開放
海魔の足[FFFF00]９[-]個で開放
消えざる炎
消灯
消費しない
涙のバレンタイン道場
涙の河
涙！ アウトロー業界の世知辛い事情
淀んだ廊下
淡い香りの廊下
淡青き尸者の令印
淫蕩の舞
深い森
深い森林
深い森Ａ
深い森Ｂ
深夜の一杯
深山温泉大社・大割烹閻魔亭
深志城
深志城を制圧(兵糧+5)
深海電脳楽土 SE.RA.PH
深淵にて光となれり A
深淵のラストリゾート
深淵のラブリュス C
深淵の探査を進めて、大フォーリナー祭りを食い止めたら開放
深淵の神殿騎士
深淵の邪視 B+++
深淵の邪視 C
深窓の麗人
深謀遠慮
深雪の城
混乱
混乱を受けなくなる
混乱無効
混元一陣
混沌の爪
混沌の爪、鳳凰の羽根、巨人の指輪の中から一つと交換ができます。
混沌特性付与
混禍の爪飾り
混血 EX
淹れ立てのコーヒー
添い寝の廊下
添い寝の部屋
清らかな草原
清冽なる祈りの果てに EX
清姫
清少納言
清掃女王の大広間
渇愛の重力圏
渇望のカリスマ B
渓谷の神秘
渚と青春の幻影
渚のヘラヘラ男
渚の喫茶店
渚の第六天魔王 A-
渡る世間はオニばかり
渡辺綱
渡部聡
渦巻く悪意の応酬
温泉
温泉に続く廊下
温泉のフリークエストを開放＆宝を四つ入手で開放
温泉を修理＆温泉のフリークエストを開放
温泉牛乳
温泉牛乳のドロップ獲得数を1個増やす【『魔法使いの夜アフターナイト』イベント期間限定】
温泉牛乳のドロップ獲得数アップ
温泉球争
港跡を調べる
湊の一夜
湖の乙女
湖の加護 A
湖の加護 C
湖の騎士 A
湖中楼閣
湖水地方
湖畔
湖畔の天女
湖畔の平原
湖畔Ａ
湖畔Ｂ
湯之奥金山
湿原
満たしてはいけない欲望
源平せんべい
源氏、死に候え A++
源氏の武練 EX
源氏会議
源氏殺し（前編）
源氏殺し（後編）
源氏物語・葵・物の怪
源流闘争
源為朝
源頼光
源頼光／丑御前
溟海の城
溶けた雪原
溶岩コース
溶岩洞
滂沱の滝
滋養印ゼリー
滑落のムーンサルト
滝つぼの財宝
漂流海岸
漂流物を回収する
漂着物発見！1 立派な丸太
漂着物発見！10 古びた難破船
漂着物発見！11 おっきな宝箱
漂着物発見！2 色とりどりの果実
漂着物発見！3 大量のタル
漂着物発見！4 打ち上げられた大魚
漂着物発見！5 クズ鉄の山
漂着物発見！6 不思議なモノリス
漂着物発見！7 ぎっしり詰まった米俵
漂着物発見！8 巨大な石器
漂着物発見！9 謎のやかん
漆黒の指揮棒
漆黒の羽根ペン
漆黒の騎士王ver新宿1999
演劇的魔人のメランコリー
演劇的魔人のメランコリー 前編
演劇的魔人のメランコリー 後編
潜入！ 茶花盗賊団スタジオ
潮満珠・潮干珠 A
潮目の海
潮騒の海岸
潰れた村
澪標の魂 EX
激動の大地
激情の細波 B+
激戦
激突の大戦場
激突！ 帝都決戦！
激竜の寝座
激走！川中島24時 ぐだぐだ超五稜郭
殺しのサインはM51
激辛麻婆豆腐
激闘！危険な道路パトロール24時！
濱松
火のアイリを倒せ 序
火のアイリを倒せ 極
火のアイリを倒せ 真
火の山にマハトマを見た
火力支援（砲） B+
火曜 宝物庫の扉を開け 上級
火曜 宝物庫の扉を開け 中級
火曜 宝物庫の扉を開け 初級
火曜 宝物庫の扉を開け 超級
火曜 種火集め<剣・騎編> 上級
火曜 種火集め<剣・騎編> 中級
火曜 種火集め<剣・騎編> 初級
火曜 種火集め<剣・騎編> 超級
火曜・三騎士と対決 上級
火曜・三騎士と対決 中級
火曜・三騎士と対決 初級
火曜・種火集め<四騎編> 上級
火曜・種火集め<四騎編> 中級
火曜・種火集め<四騎編> 初級
火曜・種火集め<四騎編> 超級
火消魂
火炎伯爵
火車の絵筆
火酒
灰と共に EX
灰桜
灼き尽くす炎の檻
灼熱の抱擁
灼熱の頂
灼熱竜息・万地融解
災いの竜／カミ
災禍祓う日輪の角
炊けども尽きぬ
炎、神をも灼き尽くせ
炎と氷の狭間
炎のルチャドーラ デスマッチ三番勝負
炎の村
炎の館
炎ノブ
炎上城塞
炎上汚染都市：
冬木
炎神の咆哮 EX
炎舞撃退戦 鬼令嬢級
炎舞撃退戦 鬼公女級
炎舞撃退戦 鬼救阿級
炎門の守護者
烈士の軍学 B
烈士徇名・不惜身命
烏の間
烏山
焔
焔 EX
焔たぎる山
焔刑の地獄
焔色の接吻 A
焚き火に当たって、穏やかに昔話
焚火の海辺
無の大地
無人の荒地
無償なる愛の伝道者
無償の愛などなく
無元の剣製
無冠の武芸
無刀取り A
無劫の彼方
無垢の姫 B
無垢識・空の境界
無尽の塵山
無尽俵 EX
無常の大樹
無常の果実
無常の果実 A
無常冥鏡都市 スノーフィールド
無形
無形の匣
無情の残影
無想駆体
無我識　心空妙有
無敗の紫靫草
無敵
無敵と対粛正防御を無視して、攻撃によるダメージを与える<回避は貫通不能>
無敵の一ちゃん
無敵の剣 A
無敵の剣 A+
無敵の力と神の智慧
無敵を受けなくなる
無敵無効
無敵状態の間、防御力をアップ
無敵解除
無敵貫通
無敵貫通を無視して、攻撃によるダメージを0にする
無敵貫通を無視して、攻撃によるダメージを0にする(他の対粛正防御状態と重複可能)
無敵貫通を無視して、攻撃によるダメージを0にする(強化解除で解除不能)
無明三段突き
無死不殺遍路 A
無為の王 -
無理難題ではないのよ？
無病息災
無穹の果て
無穹の空の片隅で
無空 A
無窮の地
無窮の廻構
無窮の武練 A+
無窮の武練（対魔） A-
無縁塩
無縁塩のドロップ獲得数を1個増やす【『ぐだぐだファイナル本能寺2019』イベント期間限定】
無縁塩のドロップ獲得数アップ
無記名霊基
無貌の月 EX
無辜の怪物 A
無辜の怪物 A+
無辜の怪物 B
無辜の怪物 D
無辜の怪物 EX
無辜の怪物（焔） C
無辜の怪物（異） A
無辜の怪獣 EX
無辺 A
無辺 A+
無銘の恩恵 EX
無銘勝利剣
無間の歯車
無間の歯車、魔術髄液、愚者の鎖の中から一つと交換ができます。
無間の歯車、魔術髄液、虚影の塵の中から一つと交換ができます。
無間氷炎の世紀を超えて
無限のパンケーキ
無限の剣製
無限の魔力供給 A
無限の魔力供給 B
無限の魔力供給 C
無限増殖
無限遡行リリック C
無頼の槍 C
無頼の槍先
無頼漢 A
焦土の記憶
焦骨牡丹 A+
焼きモロコシ畑
焼き払われた村
焼け崩れた校舎
焼却天理・鏖殺竜
焼却式 ベレト
焼却炉跡
煉獄 B
煉獄の辺境
煉獄オルタ
煌彩幻奏覇道剣
煌星のカケラ
煙立つ荒野
煩悩必滅の杵
熟慮すべし
熱き門
熱唱！ 桶狭間フェス2019
熱砂の王道 A
熱砂の神王 A
熱砂の語らい
熱血のアンコール A
熾天の杯 EX
熾天の王
燃える三神の衣
燃える情念の裏
燃える街
燃えろ炎のストライカー
燃え上がる部屋
燃え盛る森
燈る祈りを胸に掲げて
燈光の少女
燎原の刃
燎原の火 B
燕の早業 B
燕月抄
燕返し
燕青
燕青拳 EX
燦々とあれ、我が輝きの広間
燦々日光午睡宮酒池肉林
燦然たる聖光の復権 A
燻る戦火
爆心地
爆買い土産通り
爆走！世紀末物販・鉄拳デリバリー
父娘の絆 A
父娘の縁 B
爽やかサマー・プリンス
牙研ぐ暗剣
牛の間
牛王反転・迅雷風烈
牛王大神使
牛王招雷・天網恢々
牛若丸
牡牛の迷宮
牢屋の廊下
牢屋の部屋
牢獄跡
牧場のチョコ
牧草地
物が多い廊下
物が多い部屋
物品鋳造（偽） EX
物置の廊下
物資供給のため、湖畔ルートを開拓せよ！
物資調達(丘) 上級
物資調達(丘) 中級
物資調達(丘) 超級
物資調達(山稜) 天級
物資調達(山稜) 絶級
物資調達(山稜) 超級
物資調達(市街) 上級
物資調達(市街) 中級
物資調達(市街) 超級
物資調達(平原) 上級
物資調達(平原) 中級
物資調達(平原) 超級
物資調達(庭園) 天級
物資調達(庭園) 絶級
物資調達(庭園) 超級
物資調達(戦場) 天級
物資調達(戦場) 絶級
物資調達(戦場) 超級
物資調達(林) 上級
物資調達(林) 中級
物資調達(林) 超級
物資調達(森) 天級
物資調達(森) 絶級
物資調達(森) 超級
物資調達(洞窟) 上級
物資調達(洞窟) 中級
物資調達(洞窟) 超級
物資調達(祭壇) 天級
物騒な人々
特別引換券
特別航路
特別行政区
特定のクエストクリアで開放
特性を〔混沌〕から〔秩序〕に切り替える
特性付与〔イリヤ〕
特性付与〔エリザベート〕
特性付与〔ローマ〕
特性付与〔善〕
特性付与〔悪〕
特性付与〔新選組〕
特性付与〔死霊〕
特性付与〔混沌〕
特性付与〔猛獣〕
特性付与〔竜〕
特性付与〔超巨大〕
特撃技巧向上
特殊矯正センター
特異点F
特異点F
炎上汚染都市 冬木
特異点F メモリアルクエスト
特異点F メモリアルクエストをクリアで開放
特異点Fをクリアで開放
特異点Fをクリア＆絆Lv.4で開放
特異点Fをクリア＆絆Lv.5で開放
特異点Fをクリア＆霊基再臨1段階目＆絆Lv.1で開放
特異点Fをクリア＆霊基再臨1段階目＆絆Lv.2で開放
特異点Fをクリア＆霊基再臨1段階目＆絆Lv.3で開放
特異点Fをクリア＆霊基再臨1段階目＆絆Lv.4で開放
特異点Fをクリア＆霊基再臨1段階目＆絆Lv.5で開放
特異点Fをクリア＆霊基再臨2段階目＆絆Lv.3で開放
特異点Fをクリア＆霊基再臨2段階目＆絆Lv.4で開放
特異点Fをクリア＆霊基再臨2段階目＆絆Lv.5で開放
特異点Fをクリア＆霊基再臨3段階目＆絆Lv.3で開放
特異点Fをクリア＆霊基再臨3段階目＆絆Lv.4で開放
特異点Fをクリア＆霊基再臨3段階目＆絆Lv.5で開放
特異点Fクリアで開放
特異点Fクリア後、2016年イベント メモリアルクエストクリアで開放可能
特異点Fクリア後、2018年イベント メモリアルクエストクリアで開放可能
特異点Fクリア後、2020年イベント メモリアルクエストクリアで開放可能
特異点Fクリア後、2021年イベント メモリアルクエストクリアで開放可能
特異点、崩壊
特異点ランディング
特製お団子
特訓 おいしい料理の練習
特訓 プレゼント選びは慎重に
特訓 健康的でととのった身体へ
特訓 優しいパパを目指して
特訓 効率的な掃除方法を考えよう
特訓 屋根裏部屋を取り戻せ
特訓 散らかった書斎の整理整頓
特訓 最速の称号を手に入れるために
特訓 最高の食材を求めて
特訓 運動して体力をつけよう
特訓サポーター
特訓サポーター A
特訓サポーター B
特訓サポーター C
特訓サポーター D
特訓サポーター EX
特選団子
犀竜の湖 B
犬の間
犬世説美少年録
犬士ポイント
犬士ポイント110,000以上で開放
犬士ポイント110,000以上＆7月1日18時以降に開放
犬士ポイント150,000以上で開放
犬士ポイント190,000以上で開放
犬士ポイント20,000以上で開放
犬士ポイント20,000以上＆6月30日18時以降に開放
犬士ポイント230,000以上で開放
犬士ポイント270,000以上で開放
犬士ポイント310,000以上で開放
犬士ポイント310,000以上＆7月2日18時以降に開放
犬士ポイント350,000以上で開放
犬士ポイント40,000以上で開放
犬士ポイント420,000以上で開放
犬士ポイント420,000以上＆7月3日18時以降に開放
犬士ポイント500,000以上で開放
犬士ポイント70,000以上で開放
犬士ポイントのドロップ獲得量を30%増やす【『南溟弓張八犬伝』イベント期間限定】
犬士ポイントのドロップ獲得量を60%増やす[最大解放]【『南溟弓張八犬伝』イベント期間限定】
犬士ポイント獲得量アップ
犬士品評会！ カルデアウィナーズチャンピオン級
犬士品評会！ グランドチャンピオン級
犬士品評会！ ジュニアチャンピオン級
犬士品評会！ トレーニングチャンピオン級
犬士品評会！ ベテランチャンピオン級
犬士品評会！ ワーキングチャンピオン級
犬士品評会！ 上級
犬士品評会！ 中級
犬士品評会！ 初級
犬隠れの森 羅刹級
犬隠れの森 超級
犬隠れの森 鬼級
狂い咲きの王 EX
狂おしい情熱と悩ましき妄念と
狂のコインチョコ
狂のチョコ型
狂の印章
狂の秘石
狂の輝石
狂の魔石
狂ノブ
狂化 A
狂化 A+
狂化 B
狂化 B-
狂化 C
狂化 C-
狂化 D
狂化 D+
狂化 D-
狂化 E
狂化 E+
狂化 E-
狂化 EX
狂化 EX （C相当）
狂化（寂） EX
狂戦士の頂に立つもの
狂気 B
狂気 B+
狂気 C
狂気の残滓
狂瀾怒濤・悪霊左府
狐のほら穴
狐の夜の夢
狐の嫁入り EX
狐の間
狗奴の呪法 C
狙い、構えて、撃つ
狙撃環境 C
狩人の夢
狩人の本領 A+
狩人の森
独りの涙！　カップル天誅剣！
独楽の舞い踊り
独自魔術 B
狭間の孤島
狭間の街
狸の果たし状
狸の果たし状 入手で開放
狸の間
狼のはなし
狼の間
狼は眠らず B++
狼王リターン
猛り狂う乙女狼
猛り狂う夜
猛る雷光 EX
猛犬殺し A
猛犬殺し A+
猛獣特性付与
猟奇趣味（夏） C++
猪のかぶりもの
猪の間
猪突猛進チョコ
猫の間
猫除けの座敷
献身のランプ
献身の覚悟 A
猿の間
猿返しの塔 羅刹級
猿返しの塔 超級
猿返しの塔 鬼級
獄犬の縄張り
獅子の果たし状
獅子の果たし状 入手で開放
獅子の騎士 A+
獅子の騎士 B
獅子吼よ詠え、颯颯たる煉獄を
獅子心王
獅子心王リチャード
獅子心（神速） A
獣たちの帝国
獣の唸りが聴こえし後、
汝は勝利を掴むだろう。
獣の如く殺し、修羅の如く戦わん
獣の宙域
獣の数字 C
獣の権能 C
獣の権能 D
獣の権能 E-
獣の街
獣の足跡
獣の足跡〔アサシン〕
獣の足跡〔アーチャー〕
獣の足跡〔エクストラⅠ〕
獣の足跡〔エクストラⅡ〕
獣の足跡〔キャスター〕
獣の足跡〔セイバー〕
獣の足跡〔バーサーカー〕
獣の足跡〔ライダー〕
獣の足跡〔ランサー〕
獣化 B
獣国の皇女
獣性の豪腕 B+
獣殺し B+
獣殺し B++
玄奘三蔵
玄室
玄関
玉兎
玉兎輝夜
玉座
玉座にて
玉座作成 EX
玉稿賜りました！ A
玉藻の前
玉髄チョコ
王に還る偉業
王の休息
王の住まう島
王の剣、勇者の剣
王の号砲
王の帰還 A
王の帰還 EX
王の彫像チョコ
王の映し身 A
王の書庫
王の歌声 C
王の相伴
王の見えざる手 C
王の財宝
王の軍勢
王の遺物
王の馬
王侯遊戯
王冠：叡智の光
王勇を示せ、遍く世を巡る十二の輝剣
王勇示す輝剣
王城
王妃の○○な日々
王妃の贈り物
王妃の首飾り
王室の狩場
王家の白馬
王家の谷 B
王律鍵
王権の地
王権微行
王統の音色 B+
王者の気質
王道界域拠点
王道踏破 C
王道踏破 C+
現在のタイプ
現在執筆活動中
現地調査！ 聖杯の行方！
現地調査！ 街中の騒動！
現地調査！ 闇夜の訪れ！
現地調査！ 魔獣襲来！
理性蒸発 D
理性蒸発 D+
理想の王聖
理想を刻された彫像
理想を刻された彫像 EX
理想を刻する王の鑿
理想郷の騎士 EX
理想都市
理知の結晶
理知の結晶 A
理知の結晶 B
理知の結晶 EX
瑞典火竜炭火焼サーロイン
環太平洋地帯にて
瓦礫の聖堂
甘い物語
甘い香りの廊下
甘栗子ちよこれいと
甘美な廊下
甘美な部屋
生ける炎
生命祝福 B+
生命院、臨終
生命院サブナック 制圧戦
生命院サブナック 最終戦
生存の閨 A+
生存への布石
生存権
生存権 A
生存権 B
生存権 EX
生存領域
生存（山野） EX
生徒会長たるアルジュナ
生徒会長たるアルジュナ（メガネ）
生死流転の武 A
生産管理者 D++
生産部本部
生産部農地
生贄
生贄の乙女 A
用心棒のアルバイト 上級
用心棒のアルバイト 中級
用心棒のアルバイト 初級
用心棒のアルバイト 森の安全確保
用心棒のアルバイト 深夜の見廻り警備
用心棒のアルバイト 町に湧き出た怪物退治
用心棒のアルバイト 町への脅威を取り除け
用心棒のアルバイト 畑を荒らす猛獣退治
用心棒のアルバイト 黄昏時の城門警備
用心棒ポイント
用心棒ポイント獲得量アップ
田んぼ
田園
田園風景
田安門
田端
由井正雪
甲府
甲斐けものパーク
甲斐の虎 A
甲斐の赤
甲賀の里
甲賀流 A
男の意地
男の戦い
男神の寵愛 B
画狂の大筆
画竜点睛を欠くべしと人は言う
畑をクラフトする
留めおかまし大和魂
留め置かまし大和魂 A
留置所
略奪の鉾 B
番外劇
番犬のさんぽ道
異傳 どこ吹く風の 猫じゃらし
異傳 一筋の閃光
異傳 剣客残影 返歌篇
異傳 剣戟の音が眩しくて
異傳 地獄に仏の 南無阿弥陀仏
異傳 幻想に咲く 一条の剣
異傳 荒ぶる神は 大海の如く
異境の魔獣
異形の影
異形の神 B
異星の神
異界の果実
異界作成 EX
異端なるセイレム
異端のヤガ
異端の烙印
異聞の帯
異聞眷属群 攻略戦
畳返しの部屋
疑惑のハチミツ
疑惑のハチミツのドロップ獲得数アップ
疵獣の咆吼
疼く獣心と封じる倫理
疾走・精霊眼球
疾風の掠奪 A
疾風怒濤
疾風怒濤の不死戦車
疾駆する
疾駆せよ、わが海色の大牙
病める時も健やかなる時も
病弱 A
痛哭の幻奏
痛幻の哭奏
痛覚共有
痛覚残留 A
痛飲する者 EX
痣丸
痣丸の霧 B
痣丸の霧 B++
癒されし町
癒しの井戸
発見 癒やしの秘湯
登場時Busterアップ
登場時〔原稿完成〕状態付与
登場時スター獲得
登場時バスターアップ
登場時回避付与
登場時攻撃力アップ
登場時無敵付与
登場時発動
登用イベント 「おかゆ戦争」
登用イベント 「ケルト一の傾奇者」
登用イベント 「伝説の忍び」
登用イベント 「呪いの蛇神様」
登用イベント 「復活のＯさん」
登用イベント 「蝦夷からの使者」
登用イベント 「表裏比興の者」
登用イベント 「風雲児就職」
白々御飯
白々御飯のドロップ獲得数を1個増やす【『南溟弓張八犬伝』イベント期間限定】
白々御飯のドロップ獲得数を2個増やす[最大解放]【『南溟弓張八犬伝』イベント期間限定】
白々御飯のドロップ獲得数アップ
白い月を仰いで
白い服の水兵さん
白い花
白い花冠 EX
白き咆哮
白き器の令印
白き山の厳しさを感じて探求力を磨く カンヅメ級
白き御衣 A
白き焔 A
白き牡牛
白き稀犬 A
白き聖杯よ、謳え
白の虎徹
白の誓約
白亜の薔薇
白刀大小
白天の城、黒夜の城：
マップテーマ ～夜～
白天の城、黒夜の城：
マップテーマ ～昼～
白天の城、黒夜の城：
マップテーマ ～黄昏～
白杆の女傑、国士無双
白杆槍 B
白狼よ、さようなら
白百合に輝きを A+
白百合の名の下に
白百合の王妃と薔薇の皇帝
白竜
白紙の勧進帳
白紙の勧進帳（弁慶サイン付）
白紙の経典（奇の章）
白紙化地球
白羽の騎士 B+
白薔薇の姫
白薔薇の花嫁
白虎の壷
白虎の壷のドロップ獲得数を1個増やす【『108人のハロウィン・リベリオン！』イベント期間限定】
白虎の壷のドロップ獲得数アップ
白銀の交換券
白銀の果実
白面紳士・宿命編
白鳥の陣 A++
白鳥礼装 A
白鳥礼装（夏） A+
白鷺城の百鬼八天堂様
白鷺城・千式ミリミリナイトフィーバー！
白黒分明
百の輝き
百人兵糧
百人蔵書
百代の過客
百個入りチョコ袋
百八魔星
百合の王冠に栄光あれ
百合の花咲く豪華絢爛
百名ビーチ
百年戦争の地
百歌の星 A+
百貌さんのさがしもの
百貌のハサン
百重塔の記憶
百階 鬼の気配がする
百階　？？？の気配がする
百階の陽炎
百階の鬼
百骨万世千塔修験 A
百鬼やちむん
百鬼やちむんのドロップ獲得数を1個増やす【『カルデア南海大決戦！』イベント期間限定】
百鬼やちむんのドロップ獲得数を2個増やす[最大解放]【『カルデア南海大決戦！』イベント期間限定】
百鬼やちむんのドロップ獲得数アップ
百鬼夜行
百鬼夜行クエスト1「神たるマヤー」
百鬼夜行クエスト2「傍迷惑なハーメー」
百鬼夜行クエスト3「はいたい！　ウェットガール」
百鬼夜行クエスト4「はいさい！　クライウスメー」
百鬼夜行クエスト5「軽やかに舞うぬぬ」
百鬼夜行クエスト6「はーえーゴンゴン！」
百鬼夜行クエスト7「サバが望むもの」
百鬼夜行クエスト8「眩しすぎるてぃーだ」
百鬼夜行クエスト9「場違いなゆち」
皇女アナスタシア
皇帝
皇帝たるサーコート＋
皇帝の寝床
皇帝は笑う
皇帝チョコ
皇帝ホテル
皇帝特権 A
皇帝特権 B
皇帝特権 EX
皇帝特権（喝采） EX
皇帝道士の暑假
皇帝道術 EX
皇都神剣タワー
皇都神剣組城塞
皐月の王 B
皮を愛でて自身のHPを回復
皮を愛でて自身のHPを回復[{0}]
盈月の儀
盈月剣風帖
盈月攻城戦 半蔵門
盈月攻城戦 大手門
盈月攻城戦 桜田門
盈月攻城戦 田安門
盗人の穴倉
盗賊のアジト
盗賊打破 B
盛夏の思い出
盛夏の紳士
盛夏堪能王国 Ｕオルガマリーアイランド
盛夏爆走祭典
イシュタルカップ
監獄グレートエスケープ
監獄塔_ショップ用
監獄塔および終局特異点クリアで開放
監獄塔に復讐鬼は哭く
監獄島
監視塔
監視塔を建て直す
監視砦
目が淀む廊下
目が虚ろになる廊下
目が霞む廊下
目を逸らさずに
目抜き通り
目指すべきもの
目映きは閃光の魔盾
目白不動
目覚め
目覚めた意志
目赤不動
目醒め前
目青不動
目黄不動
目黒不動
直感 A
直感 B
直感 C
直感 C+
直感（迷宮） B++
直死の魔眼 A
直死の魔眼 C
直流式グレイトフルクッキー
相打つ宿命
真・乙女狼抜剣撃
真・氷の叡智
真・階差機関
真円集う約束の星
真剣勝負
真名七十二 A
真名判明で開放
真名看破 B
真名看破 C
真夏のあやまち C
真夏のひと時
真夏のアイス C
真夏の叡智 B
真夏の呪術 A
真夏の女神 B
真夏の少女漫画フェア A
真夏の海のマーラ EX
真夏の砂浜
真心の枕
真心の枕のドロップ獲得数アップ
真新しい廊下
真水
真理の卵
真相クルーティ
真紅き仙女の令印
真紅のドレス
真紅の勇者伝説 EX
真紅の勇者伝説・劇場版 EX
真紅の教槍
真紅の絢爛と漆黒の狂気
真紅の花びら
真紅の花びらのドロップ獲得数アップ
真言・聖観世音菩薩
眠らぬ街
眠り続ける街
眠れる森の戦士
眠れる都
眩いヒレ
眩い廊下
眩い鋭歯
眩い魚鱗
眩き旅路 EX
眷属Ⅰ 迎撃戦
眷属Ⅲ 迎撃戦
眷属Ⅳ 迎撃戦
眷属Ⅴ 迎撃戦
眺めの良い客間、お忍び用客間、接待用客間、鳳の間復元で開放
眺望絶佳、神韻縹渺
眼球伝承・慈育白珠
眼鏡
睡眠
睡眠耐性をダウン
睡眠耐性ダウン
睡眠解除
瞑想
瞑想の岩屋
瞬間強化
瞳の先に
瞳の行く先/centrifuge
瞼に浮かぶ
矛盾精神 A
矛盾精神 A+
矢印が描かれた座敷
矢避けの加護 A
矢避けの加護 B
矢避けの加護 C
知将の閃き B++
知識のカレー
石が転がっている廊下
石の鳥の紋章
石倉麻衣(LASENGLE)
石兵八陣
石化
石打棚
石材
石泉峡
石落とし
砂の洗礼(1/2)
砂の洗礼(2/2)
砂の海の蜃気楼
砂上の貝楼
砂上航路
砂塵の海
砂嵐の砂漠
砂浜で走り込み〔ダンス＆パフォーマンスUP〕
砂浜の熱いひととき
砂浜を走り回って活動力を鍛える カンヅメ級
砂浜を走り回って活動力を鍛える コツコツ級
砂浜を走り回って活動力を鍛える ノリノリ級
砂浜を走り回って活動力を鍛える ノンビリ級
砂浜ラブレター（恐怖）
砂漠の夜の風 A
砂漠童話儀式チェイテ・シンデレラ
砂盤の残映
砂金
砂集め あしかけ級
砂集め とびおり級
砂集め のりだし級
砂集め 第一の門 串刺しクリスマス
砂集め 第七の門 深淵なるクリスマス
砂集め 第三の門 不敬なクリスマス
砂集め 第二の門 形のないクリスマス
砂集め 第五の門 クリスマス忍法帖
砂集め 第六の門 クリスマス大炎上
砂集め 第四の門 クリスマス開拓史
砕けよ黄金の枷鎖、黄金の恥辱
砕折されし牙 B
砥沢金山
砦裏
砲術義肢 C
破りし忠義の残火
破却宣言 C
破却宣言（強） B+
破壊
破壊する星
破壊と創造のつるはし
破壊の暴風王
破壊僧
破壊工作 A
破壊工作 B
破壊工作 B+
破壊神の手翳
破天の麒麟児 A
破戒すべき全ての符
破滅の難題 B
破神同盟基地
破風の間
破魔の紅薔薇、必滅の黄薔薇
硝子の白百合
碧き霊子の令印
碧空に立つ
確固たる決意の果て
確率で回避
磔刑の雷樹
磨崖碑文
磯良舞 A
社交界の華
社風の理解 B
祈りの広場
祈りの弓
祈りの間
祈り捧ぐは輝きし栄光の玉座
祈誓たるは三重の貴壁
祖なる岩屋
祝いの躍祭
祝いの飾り
祝福された後継 EX
祝福されぬ生誕 B
祝福ロックオンチョコ〔ストロベリー〕
祝福ロックオンチョコ〔ブルーベリー〕
神々の庭
神々の御饌
神々の王 EX
神々の遺した愛
神々は黄昏ず
神が乗る象
神が造り、人が紡ぎ、土に還る Ⅰ
神が造り、人が紡ぎ、土に還る Ⅱ
神と遭逢する山
神に侍る者
神の加護 A
神の将
神の恩寵 B
神の空岩
神の空岩跡
神の肉
神の膝元
神の舌
神の門は閉ざされず A
神の雷
神の鞭
神の鞭 A
神の骸
神への供物
神を撃ち落とす日
神代にて
神代の真エーテル環境下での活動を
想定した魔術礼装
神代の魔力を秘める黄昏の大剣。
手にした者によって聖剣にも魔剣にも成り得るという。
神体結界 A
神便鬼毒酒
神剣
神剣・草那芸之大刀
神剣改め これはキミの剣
神剣改め よく焦がす薙刀
神剣改め 介錯人の大段平
神剣改め 修行中の黄金剣
神剣改め 心臓を穿つ槍
神剣改め 戦士のナイフ
神剣改め 燃えろ翡翠剣
神剣改め 血を啜る大斧
神剣改め 迷える両刃斧
神剣改め 風踊る魔槍
神坂
神奈川湊
神妃が見守るものたち
神妃の竪琴
神将・中壇元帥 A
神峰天廻る明星の虹
神弓の真価
神彩のレンズ
神性 A
神性 A+
神性 A++
神性 A-
神性 B
神性 B+
神性 B-
神性 C
神性 C-
神性 D
神性 D-
神性 E
神性 E-
神性 EX
神打ちのめす鞭
神授の智慧 A+
神授の武具 EX
神明裁決 A
神明裁決 C
神明裁決（偽） C++
神格転成 B
神槍无二打
神樹の蒔種
神殺し B
神殺し EX
神殿騎士団の悲喜劇
神獣の庭
神王オジマンディアス(1/3)
神王オジマンディアス(2/3)
神王オジマンディアス(3/3)
神田
神田の霊地獲得戦をクリアで開放
神秘の国のONILAND!!：
マップテーマ
神秘の国のＯＮＩＬＡＮＤ!! 
～鬼の王とカムイの黄金～
神秘の砂漠
神秘の解体
神秘主義者と魂の故郷
神秘殺し A
神秘蔦
神秘蔦のドロップ獲得数を1個増やす【『水怪クライシス 無垢なる者たちの浮島』イベント期間限定】
神秘蔦のドロップ獲得数アップ
神稚児の願い EX
神縫いの鎖
神罰の荒海
神聖たる旗に集いて吼えよ
神聖円卓領域：
キャメロットⅠ
神脈霊子
神脈霊子、ホムンクルスベビー、魔術髄液の中から一つと交換ができます。
神脈霊子、無間の歯車、凶骨の中から一つと交換ができます。
神託の祭壇
神託の鎖
神託鎖ネレイデス EX
神話の王国
神話息づく大地
神通力 B
神通力（墨） B
神通力（墨） C
神通力（夏） A
神通力（ＪＫ） B+
神造兵装
神遊びの庭 A
神鉄の盾
神魔鏖殺 A
祭壇
祭壇街
祭神の巫女 A/B
禁じられた果実の園
禁忌の書
禁忌の書架
禁忌の魔導書
禁忌宙域で資源収集
禁忌宙域Ａ03
禁忌降臨庭園：
セイレム
禁断なる狂宴
禁断の頁
禁断の頁、凶骨、励振火薬の中から一つと交換ができます。
禁断の頁、英雄の証、世界樹の種の中から一つと交換ができます。
禅の箱庭
禍罪の矢尻
禍罪の矢尻、大騎士勲章、励振火薬の中から一つと交換ができます。
禍罪の矢尻、大騎士勲章、宵哭きの鉄杭の中から一つと交換ができます。
禍罪の矢尻、枯淡勾玉、愚者の鎖の中から一つと交換ができます。
禍罪の矢尻、無間の歯車、英雄の証の中から一つと交換ができます。
私から姉妹へ
私が水着に着替えたら A+
私の、軍神の剣
私の中の獣
私の思春期ディスタンス C
私の考えた最高の本
私の記憶
私の記録、私の想い
私は誰だ？
私よ、どうか
私掠船団
秋の森
秋の記憶
秋田犬
秋葉原塔イベント
秘められた大王冠 A
秘められた大王冠 A+
秘伝のまかない飯
秘剣・比翼閃耀
秘剣・雉子返し
秘匿の研究
秘匿要塞デスチェイテ
秘密で秘蔵で秘宝アルバム
秘密のアジト
秘密の地図〔ほら穴の財宝〕
秘密の地図〔グツグツ島の財宝〕
秘密の地図〔サカズキ島の財宝〕
秘密の地図〔スリスリ島の財宝〕
秘密の地図〔トクガワ島の財宝〕
秘密の地図〔ドクロ島の財宝〕
秘密の地図〔ミズウミ島の財宝〕
秘密の地図〔北の財宝〕
秘密の地図〔南の財宝〕
秘密の地図〔大海原の財宝〕
秘密の地図〔幽霊船の財宝〕
秘密の地図〔廃墟の財宝〕
秘密の地図〔最後の財宝〕
秘密の地図〔東の財宝〕
秘密の地図〔果ての財宝〕
秘密の地図〔海底城の財宝〕
秘密の地図〔海蛇の巣の財宝〕
秘密の地図〔滝つぼの財宝〕
秘密の地図〔西の財宝〕
秘密の地図〔雲の上の財宝〕
秘密の実験場
秘密基地
秘密航路
秦良玉
秩序に死を、遍く世界に混沌を
秩父鉱山
移り気への楔 A+
移動防衛施設を建て直す
移送部本部
稚拙な謀略 D
稲荷神社
穂群原学園
穂群原学園生徒会長
積み重ねた時間の結晶
穏やかな歩み
穏やかな海
穏やかな雪原
穏和は絆を培う
穢れし死の仮面
穢れを漱げ、青く美しきナイル
穴のあいた廊下
究極の美味に至るまで
空き家
空の仏
空の境界/the Garden of Order
空の砕片
空の砕片のドロップ獲得数を1個増やす【『インドラの大試練』イベント期間限定】
空の砕片のドロップ獲得数を2個増やす[最大解放]【『インドラの大試練』イベント期間限定】
空の砕片のドロップ獲得数アップ
空の砕片集め 夕暮れの狙撃手
空の砕片集め 太陽は踊る
空の砕片集め 嵐の呼び声
空の砕片集め 晴天の守り手
空の砕片集め 流れ星ひとつ
空の砕片集め 闇夜は迷宮
空の砕片集め 雲海遊泳少女
空の砕片集め 霧中で夢中
空を道とし
空中庭園
空中庭園の女帝
空中庭園謹製チョコ
空中露天風呂
空前絶後 EX
空岩の裾野
空想具現化
空想具現化・万物の簒奪
空想樹海決戦
空想樹海決戦／侵略型移動生命体ＯＲＴ
空想樹海決戦／侵略型飛行生命体ＯＲＴ
空想樹界決戦：
オルト・シバルバー
空想樹盈月
空洞
空洞天球理論：
アニマ・アニムスフィア
空港で体を動かして活動力を鍛える カンヅメ級
空港で体を動かして活動力を鍛える コツコツ級
空港で体を動かして活動力を鍛える ノリノリ級
空港で体を動かして活動力を鍛える ノンビリ級
空白の男
空赤き大地
空間保存
空間保存 A
穿ちの朱槍
穿貫せしヴァジュラ A
突発イベント 「防衛！ かかれ柴田！」
窮地のお供
窮地の智慧 A
窮屈そうな座敷
立ち止まって夢を見る
竜たちの楽園
竜と竜の剣士
竜のオーブ
竜の果たし状
竜の果たし状 入手で開放
竜の炉心 B
竜の牙
竜の牙、凶骨、魔術髄液の中から一つと交換ができます。
竜の聖女、海辺の聖女
竜の聖女の杖
竜の記憶
竜の逆鱗
竜の魔女
竜の魔女 EX
竜告令呪 EX
竜姫のライブステージ
竜宮城
竜宮珊瑚
竜感の祭壇
竜殺し A
竜殺し A++
竜殺しの剣
竜殺しを探せ
竜炉点火：太祖竜 A
竜爪は湖光の如く
竜牙幻想・播かれたる者
竜牢具現：灰燼灼鎧 C
竜特性付与
竜狩り
竜種
竜種 A
竜種 B
竜種 D-
竜種 EX
竜種改造 EX
竜路展開：テュフォン A
童女謳う華の帝政
童子の槍
童子切安綱
童子切安綱 A
童話の怪物、月の油
童話の怪物、薔薇の猟犬
笑いがこぼれる廊下
笑うコタツに福来る
笑顔 glory day
笑顔のしるし
笠無し彦斎
第10節 2nd LAP Ｃ／彼女は何を視るか
第10節 「坂本龍馬の考察」
第10節 東の軍師と西の猛将 中
第10節 東の軍師と西の老王 中
第10節 進行度1 スーパーリコレクションクエスト(1/3)
第10節 進行度1 リコレクションクエスト(1/3)
第10節 進行度2 スーパーリコレクションクエスト(1/3)
第10節 進行度2 スーパーリコレクションクエスト(2/6)
第10節 進行度2 リコレクションクエスト(1/3)
第10節 進行度2 リコレクションクエスト(2/6)
第10節 霊長の星への賛歌Ⅱ
第10節 願わくば我が手でその胸を貫いて
第10節「Old Dubai(Ⅰ)/ Golden Prince 」
第10節「ばんないマジムン百鬼夜行！」
第10節「死のライド・オン・ミー」
第10節「花畑作成　その４」
第10節「輝かしき蛻け」
第10節『第三の貌』
第10話『本当の黒幕、黄金竜！』
第11節 「サリエリの考察」
第11節 バック・トゥ・スクエア・ワン
第11節 愛玩降臨
第11節 東の軍師と西の猛将 後
第11節 東の軍師と西の老王 後
第11節 死界■■都市ロンドン（1/2）
第11節 死界■■都市ロンドン（2/2）
第11節 進行度2 スーパーリコレクションクエスト(1/3)
第11節 進行度2 スーパーリコレクションクエスト(1/4)
第11節 進行度2 リコレクションクエスト(1/3)
第11節 進行度2 リコレクションクエスト(1/4)
第11節 進行度3 スーパーリコレクションクエスト(1/3)
第11節 進行度3 スーパーリコレクションクエスト(1/5)
第11節 進行度3 リコレクションクエスト(1/3)
第11節 進行度3 リコレクションクエスト(1/5)
第11節 進行度5 スーパーリコレクションクエスト(1/3)
第11節 進行度5 リコレクションクエスト(1/3)
第11節 進行度5 リコレクションクエスト(1/3)クリアで開放
第11節「Old Dubai(Ⅱ)/ Spicy Dish and... 」
第11節「Old Dubai(Ⅱ)/ Spicy Dish and... 」分岐
第11節「秘された想いとまぎーむん」
第11節「第三エリア奪還戦」
第11節「終わりの発芽」
第11節「蛇王ザッハーク」
第11節『聖剣の輝き』
第11節『聖槍の煌めき』
第11話『大勝利！ オニランドの最後！』
第12節 3rd LAP A／子らが笑む場所
第12節 「ジャンヌ・ダルク〔オルタ〕の考察」
第12節 ただひとつの、冴えたやり方
第12節 死界■■都市ロンドン（1/2）
第12節 死界愁雨都市ロンドン（2/2）
第12節 罪と影の迷宮
第12節 進行度1 スーパーリコレクションクエスト(2/3)
第12節 進行度1 リコレクションクエスト(2/3)
第12節 進行度5 スーパーリコレクションクエスト(2/3)
第12節 進行度5 リコレクションクエスト(2/3)
第12節 進行度5 リコレクションクエスト(2/3)クリアで開放
第12節「Last Night/ Preparation 」
第12節「なーふぃんマジムン百鬼夜行！」
第12節「心に満ちる■」
第12節「水の上でも住まば都」
第12節「焔で根付くは痛みと想い」
第12節『未知の手段』
第13節 3rd LAP B／狩人の目
第13節 「トリスタンの考察」
第13節 二つ玉にて打申候
第13節 愛はさだめ、さだめは───
第13節 決壊終局絶海オケアノス
第13節 進行度2 スーパーリコレクションクエスト(2/3)
第13節 進行度2 スーパーリコレクションクエスト(2/5)
第13節 進行度2 リコレクションクエスト(2/3)
第13節 進行度2 リコレクションクエスト(2/5)
第13節 進行度4 スーパーリコレクションクエスト(3/6)
第13節 進行度4 リコレクションクエスト(3/6)
第13節 進行度6 スーパーリコレクションクエスト(2/6)
第13節 進行度6 リコレクションクエスト(2/6)
第13節(3/3) スーパーリコレクションクエスト
第13節(3/3) リコレクションクエスト
第13節(3/3) リコレクションクエストクリアで開放
第13節「Dubai Fountain/ or "At The Top"」
第13節「水辺のうたは永久への誘い」
第13節「竜たちの吐息」
第13節「花畑作成　ＥＸ」
第13節「貪欲なるまぎーむん」
第13節『黒き水の源』
第14節 「アーラシュEND」
第14節 「サリエリEND」
第14節 「ジャンヌ・ダルク〔オルタ〕END」
第14節 「トリスタンEND」
第14節 「坂本龍馬END」
第14節 ラストラップで会いましょう
第14節 最後の城へ（夜）
第14節 最後の城へ（昼）
第14節 永続狂気劇場セプテム
第14節 進行度3 スーパーリコレクションクエスト(3/3)
第14節 進行度3 リコレクションクエスト(3/3)
第14節「やんばるの森の奥地にて」
第14節「ドラゴンこばなし（Ⅲ）」
第14節「灰を纏う神」
第14節「第四エリア奪還戦」
第14節『ここからは現在を』
第15節 「ラッシュ」
第15節 パパチェック１／完全なる料理
第15節 傷を焼べて、愛も焼べて
第15節 罪のカタチ（夜）
第15節 罪のカタチ（昼）
第15節 進行度3 スーパーリコレクションクエスト(2/3)
第15節 進行度3 リコレクションクエスト(2/3)
第15節 進行度3 リコレクションクエスト(2/3)クリアで開放
第15節 進行度6 スーパーリコレクションクエスト(1/3)
第15節 進行度6 スーパーリコレクションクエスト(3/6)
第15節 進行度6 リコレクションクエスト(1/3)
第15節 進行度6 リコレクションクエスト(3/6)
第15節「あなたの花が咲く頃に」
第15節「子の健やかなるを願うもの」
第15節「愛しきマブイに安らぎを」
第15節「海上戦準備」
第15節『虚構と真理』
第16節 「甦る『鳴鳳荘殺人事件』」
第16節 パパチェック２／ただしい休日の過ごし方
第16節 呼ぶべき名は（夜）
第16節 呼ぶべき名は（昼）
第16節 進行度1 スーパーリコレクションクエスト(3/3)
第16節 進行度1 リコレクションクエスト(3/3)
第16節 進行度1 リコレクションクエスト(3/3)クリアで開放
第16節 進行度2 スーパーリコレクションクエスト(3/3)
第16節 進行度2 リコレクションクエスト(3/3)
第16節 進行度2 リコレクションクエスト(3/3)クリアで開放
第16節 竜	戦争				（1/2）
第16節 竜	戦争				（2/2）
第16節「ちばりよ！　まぎーむん大決戦！」
第16節「決戦前夜」
第16節「蛇と姫、愛と憎」
第16節『あなたのいない春が来る』
第17節 「『鳴鳳荘殺人事件』破・急」
第17節 パパチェック３／隠されたもの
第17節 声枯らした希望を、真実に
第17節 進行度1 スーパーリコレクションクエスト(2/3)
第17節 進行度1 スーパーリコレクションクエスト(2/4)
第17節 進行度1 リコレクションクエスト(2/3)
第17節 進行度1 リコレクションクエスト(2/4)
第17節 進行度6 スーパーリコレクションクエスト(2/3)
第17節 進行度6 リコレクションクエスト(2/3)
第17節 黒い少女
第17節「最終エリア奪還戦」
第17節「角と稀なる力」
第18節 パパチェック４／加虐という安堵
第18節 罪なるかな。咎なるかな。悪なるかな
第18節「ドラゴンこばなし（Ⅳ）」
第18節「顕れる神」
第19節 パパチェック５／夢
第19節 旅の終わり
第19節 見果てぬ海
第19節 進行度1 スーパーリコレクションクエスト(4/6)
第19節 進行度1 リコレクションクエスト(4/6)
第19節 進行度4 スーパーリコレクションクエスト(2/3)
第19節 進行度4 スーパーリコレクションクエスト(5/6)
第19節 進行度4 リコレクションクエスト(2/3)
第19節 進行度4 リコレクションクエスト(5/6)
第19節 進行度5 スーパーリコレクションクエスト(3/3)
第19節 進行度5 スーパーリコレクションクエスト(6/6)
第19節 進行度5 リコレクションクエスト(3/3)
第19節 進行度5 リコレクションクエスト(6/6)
第19節 進行度6 スーパーリコレクションクエスト(2/3)
第19節 進行度6 リコレクションクエスト(2/3)
第19節「大地の至る形」
第1R「特異点の邪竜」
第1エリア A平原
第1エリア レースハイライト
第1期 伝説級 スカサハ式反復横跳び
第1期 戦士級 スパルタ操盾術指南
第1期 新兵級 王宮剣術講座
第1期 英雄級 ルーン魔術指南
第1期 近衛級 クマでもわかる剛弓術
第1期 騎士級 ステゴロ訓練
第1節 Beyond the walls of the world
第1節 「『鳴鳳荘殺人事件』序」
第1節 「ふたりのモレー」
第1節 『漂流者たち』
第1節 ひみつのアヴァロン
第1節 ほろびの舟
第1節 パパチェック１／エプロンの親和性
第1節 ワンジナと走れ聖杯走れ！
第1節 今は旧き辺獄の底
第1節 冥界に雪の降る
第1節 幕開けまであとわずか
第1節 港の町の用心棒
第1節 灰かぶりのデミドラゴン
第1節 長崎は今日もサメだった
第1節 霧の城 前
第1節　深きふちの底より
第1節　神々の王、天空の主
第1節「Welcome To Dubai」
第1節「めんそーれ！　マジムンアイランド！」
第1節「ダイブ・インナーワールド」
第1節「姉妹と無垢なる者たち」
第1節「花の女神と花の翁」
第1節「鱗あるものたちの大地」
第1節『カルデニアへようこそ！』
第1節『ヒューリー荒野の邂逅』
第1節『夢と知りせば』
第1節クリアで開放
第1話『鬼だらけの遊園地！ オニランド！』
第20節
第20節 いつか、夢のように
第20節 まだ見ぬ完璧なあなたへ
第20節 夢の果て
第20節 進行度4 スーパーリコレクションクエスト(3/5)
第20節 進行度4 リコレクションクエスト(3/5)
第20節(2/3) スーパーリコレクションクエスト
第20節(2/3) リコレクションクエスト
第20節(2/3) リコレクションクエストクリアで開放
第20節「貪るもの」
第21節 進行度2 スーパーリコレクションクエスト(3/3)
第21節 進行度2 リコレクションクエスト(3/3)
第21節「廻る蛇」
第22節(3/4) スーパーリコレクションクエスト
第22節(3/4) リコレクションクエスト
第22節(3/4) リコレクションクエストクリアで開放
第22節「不滅の邪竜、アジ・ダハーカ」
第23節 進行度1 スーパーリコレクションクエスト(3/3)
第23節 進行度1 リコレクションクエスト(3/3)
第23節 進行度2 スーパーリコレクションクエスト(3/3)
第23節 進行度2 スーパーリコレクションクエスト(4/5)
第23節 進行度2 リコレクションクエスト(3/3)
第23節 進行度2 リコレクションクエスト(4/5)
第23節 進行度3 スーパーリコレクションクエスト(3/3)
第23節 進行度3 スーパーリコレクションクエスト(3/4)
第23節 進行度3 スーパーリコレクションクエスト(5/5)
第23節 進行度3 リコレクションクエスト(3/3)
第23節 進行度3 リコレクションクエスト(3/4)
第23節 進行度3 リコレクションクエスト(5/5)
第23節「鱗ある者たちの見る幻想（ゆめ）」
第23集落
第24節 進行度2 スーパーリコレクションクエスト(4/6)
第24節 進行度2 リコレクションクエスト(4/6)
第24節 進行度4 スーパーリコレクションクエスト(2/3)
第24節 進行度4 スーパーリコレクションクエスト(5/6)
第24節 進行度4 リコレクションクエスト(2/3)
第24節 進行度4 リコレクションクエスト(5/6)
第26節 進行度4 スーパーリコレクションクエスト(4/4)
第26節 進行度4 リコレクションクエスト(4/4)
第2R「乱れ咲くなり氷花」
第2エリア B火口
第2エリア レースハイライト
第2期 伝説級 スカサハ式霊基コーデ講座
第2期 戦士級 爆走ゴールデン免許講習
第2期 新兵級 新薬の合同開発
第2期 英雄級 ケルト式槍術訓練
第2期 近衛級 西部流早撃ち訓練
第2期 騎士級 文明破壊実践講座
第2節 「イントロダクション」
第2節 「デュボワ夫人誘拐事件」
第2節 『シラノ・ド・ベルジュラック』第31回公演
第2節 『ライフ・イズ・ビューティフル』
第2節 なんて素敵にショコラトル
第2節 パパチェック２／お休みの日、守られる約束
第2節 ワンジナとグランドキャニオン・レース
第2節 君が獣、戦場（1/2）
第2節 君が獣、戦場（2/2）
第2節 大衝突
第2節 救世美少年！！
第2節 決着戦
第2節 生贄に花のある
第2節 砂漠の国の戦士女王
第2節 英雄たちへ愛を込めて
第2節 霧の城 後
第2節 龍宮城はおどる
第2節　その女、カレン
第2節　暴風警報発令中
第2節「Happy Breakfast」
第2節「ニライカナイでちゃーすがやー」
第2節「問答する僧形」
第2節「怪奇なる植物、そして」
第2節「防衛：ミレニア城塞」
第2節「黒き姫の来たる町」
第2節『はじめての職業体験！』
第2節『ナイン・シスターズ』
第2節『胸走り火に』
第2節クリア
＆3月7日18時00分以降に開放
第2節クリアかつ2月10日18時00分以降に開放
第2節クリアかつ9月21日18時00分以降に開放
第2節クリアで開放
第2話『カムイの黄金』
第30節 進行度3 スーパーリコレクションクエスト(3/3)
第30節 進行度3 スーパーリコレクションクエスト(6/6)
第30節 進行度3 リコレクションクエスト(3/3)
第30節 進行度3 リコレクションクエスト(6/6)
第3R「浜辺の星と竜の絆」
第3エリア P地溝帯
第3エリア レースハイライト
第3地下室
第3期 伝説級 スカサハ式ウサギ跳び
第3期 戦士級 モテモテ魔術研究
第3期 新兵級 迷宮の歩き方
第3期 英雄級 ケルト式軍隊指揮訓練
第3期 近衛級 手綱の握り方
第3期 騎士級 巌流剣術道場
第3節 U is for HOKKYOKU
第3節 「アクシデント」
第3節 「地の底で滾りし秘宝」
第3節 『フードファイター』
第3節 くじけず前を向いて
第3節 トッカータとフーガとノンアルコール
第3節 パパチェック３／クリーンアップ大作戦
第3節 ワンジナとトロピカル・スターリースカイ
第3節 乙姫様攻略作戦
第3節 夜の顔 前
第3節 後より出でて先に断つもの
第3節 果てなき空の進路を辿れ
第3節 永遠を目指す者
第3節 決着戦
第3節 白雪姫不在の７人の……７人の？
第3節 進行度4 スーパーリコレクションクエスト(1/6)
第3節 進行度4 リコレクションクエスト(1/6)
第3節 黎明に星を見る
第3節　悩める仔羊たち
第3節　気まぐれな雲との遊び方
第3節「Beach Area / Sea(Sky) Hoodlum」
第3節「あなたがわたしたちのおかあさん？」
第3節「第一エリア奪還戦」
第3節「花畑作成　その１」
第3節「見上げる最初のまぎーむん」
第3節「開かずの鱗門」
第3節『アイムバック・アイムホーム』(1/2)
第3節『アイムバック・アイムホーム』(2/2)
第3節『君が来ぬ夜は』
第3節『未来の扉』
第3節クリア
＆3月8日18時00分以降に開放
第3節クリアかつ2月11日18時00分以降に開放
第3節クリアで開放
第3話『危ない！　呪いのメリーゴーランド！』
第4R「竹林ラビリンスの怪」
第4エリア A谷
第4エリア レースハイライト
第4節 「崇高なる魂より生み出されし秘宝」
第4節 「撮影は止まらない」
第4節 『キャッチャー・イン・ザ・ファーム』
第4節 おもてなしの女神
第4節 ニキチッチ解決法
第4節 パパチェック４／熱気と蒸気の間に
第4節 レット・イット・オール・アウト
第4節 ワンジナとトロピカル・ハンティング
第4節 再会は毒と知る
第4節 堕天の末裔
第4節 夜の顔 後
第4節 決着戦
第4節 祈りを捧げ、地に祝福を
第4節 神遊びの庭
第4節 立ち上がっては打ち倒されて
第4節 臨界観光都市バビロン（1/2）
第4節 臨界観光都市バビロン（2/2）
第4節　ゴッド・イン・ザ・レイン
第4節　愛が重すぎる
第4節「Downtown(Ⅰ)/ Dubai Mall」
第4節「わったーマジムン百鬼夜行！」
第4節「インターミッション」
第4節「対決：双剣と騎兵」
第4節「暗き世界で仄かに光る」
第4節「育ちの場」
第4節『どっこい生きてる槍男』
第4節『嘆きの女神』
第4節『花の色はうつりにけりな』
第4節クリア
＆3月9日18時00分以降に開放
第4節クリアかつ2月12日18時00分以降に開放
第4節クリアかつ9月22日18時00分以降に開放
第4節クリアで開放
第4話『回れ回れ、恐怖のティーカップ！』
第5R「サウンド・オブ・リバー」
第5節 「即興劇」
第5節 「煌々脈々と這い巡りし秘宝」
第5節 『アイランド・デトックス』
第5節 『シラノ・ド・ベルジュラック』第32回公演
第5節 たおやかなる狂える命に
第5節 テオブロマの日
第5節 パパチェック５／プレゼント・フォー・ミー
第5節 パンプキンヘッド・マスター
第5節 ピントもチューニングもズレてる
第5節 ワンジナと砂漠に君臨する太陽王（テンション高）
第5節 再創世の試練
第5節 勧進の端の折る
第5節 扉をあけて
第5節 昼と夜の選択
第5節 銀河の流星、北極サマーワールドに現る！
第5節　去来する雷
第5節　矢は放たれた
第5節「Downtown(Ⅱ)/ Present for you」
第5節「ケイローン先生の実戦授業」
第5節「喰らいつく怪」
第5節「夢見る第二のまぎーむん」
第5節「小さな子らと蛇の母」
第5節「色づく竜鱗、鮮やかに」
第5節『あなめあなめ』
第5節『獅子王カッコカリ』
第5節『豊穣の女神』
第5節クリア
＆3月10日18時00分以降に開放
第5節クリアかつ2月13日18時00分以降に開放
第5節クリアかつ9月23日18時00分以降に開放
第5節クリアで開放
第5話『酒呑童子とよく似た鬼』
第67集落
第6R「愛は凍らない」
第6節 「『シネマ・ビルダーズ』」
第6節 「マイ・カインド・オブ・アブダクション」
第6節 『ヴィレッジ』
第6節 カラー・オブ・フォレスト
第6節 ノア
第6節 フィニッシュライン（仮）
第6節 夜の軍略 前
第6節 夢の狭間と現実の隙間
第6節 新しい物のために
第6節 昼の進撃 前
第6節 殺戮の荒野から
第6節 決着戦
第6節 浮遊特異点○○○○
第6節 美しい平和な国
第6節 進行度4 スーパーリコレクションクエスト(1/6)
第6節 進行度4 リコレクションクエスト(1/6)
第6節 遊牧は夢の鳴る
第6節 鬼屋へようこそ！
第6節 魔宴渇望遠征ロスト･エルサレム
第6節　オルテンシアをさがせ
第6節　雪の中の宝物
第6節「Business District(Ⅰ)/ Where is Beast?」
第6節「夢のような夢のひととき」
第6節「探偵と怪盗のユル」
第6節「第二エリア奪還戦」
第6節「花畑作成　その２」
第6節「黒姫伝説」
第6節『執事の落とし物』
第6節『小野とは言はじ』
第6節『機械の獣、叫喚す』
第6節を進行するまで一時的に非開放
第6節クリア
＆3月11日18時00分以降に開放
第6節クリアかつ2月14日18時00分以降に開放
第6節クリアかつ9月24日18時00分以降に開放
第6節クリアで開放
第6話『脱出！ 殺人ミラーハウス！』
第7節
第7節 「哀しき暗殺者」
第7節 「覚悟の刻」
第7節 『シラノ・ド・ベルジュラック』最終公演
第7節 『タスク』
第7節 みなそこに眠れ
第7節 メルヘン・ブレイカー！
第7節 ワンジナと楽しいハロウィン前夜祭
第7節 与える者、奪う者
第7節 修羅場・ラ・グロンドメント・デュ・ヘ…
第7節 夜の軍略 後
第7節 天航に星を射る
第7節 小さな虫の些細な贈り物
第7節 手にした聖地ぶち壊して（1/2）
第7節 手にした聖地ぶち壊して（2/2）
第7節 昼の進撃 後
第7節 氷は溶けた、炎が消える
第7節　神と魔
第7節　神の愛はカルデアを救う密着24時
第7節「Business District(Ⅱ)/ From Beyond The Stars」
第7節「けーたんなー！　妖精怪獣」
第7節「憩う蛇竜たち」
第7節「決戦：空中庭園」
第7節「監視塔建設計画」
第7節「願う者たち」
第7節『忘れ物はございますか？』
第7節『狭間の遭遇者』
第7節クリアかつ2月15日18時00分以降に開放
第7節クリアで開放
第7話『えっ！？ 観覧車が止まっちゃった！』
第8節 2nd LAP A／第一の助っ人
第8節 「祖より連綿と受け継がれし秘宝」
第8節 「記憶の果て」
第8節 わたしのなかの星
第8節 ワンジナと物足りないお年頃
第8節 三人の城主
第8節 北米神話大殲イ・プルーリバス・ウナム
第8節 夏以外をあきらめて
第8節 汝が半数体の楽園
第8節 深淵に花の照る
第8節　アモーレ・ミオ
第8節「Desert Dubai(Ⅰ)/ Bane」
第8節「ドラゴンこばなし（Ⅱ）」
第8節「妖霧蠢動」
第8節「怪奇！　いにんびークライシス」
第8節「花畑作成　その３」
第8節「黄金千界樹」
第8節『ふたりの王』
第8節クリアかつ9月25日18時00分以降に開放
第8節クリアで開放
第8話『百鬼夜行！ 真夜中のオーガパレード！』前
第8話『百鬼夜行！ 真夜中のオーガパレード！』後
第9節 2nd LAP B／火は静かに揺らめいている
第9節 「アーラシュの考察」
第9節 東の軍師と西の猛将 前
第9節 東の軍師と西の老王 前
第9節 病めるものも、繋ぐものも
第9節 進行度3 スーパーリコレクションクエスト(1/3)
第9節 進行度3 リコレクションクエスト(1/3)
第9節 進行度3 リコレクションクエスト(1/3)クリアで開放
第9節 霊長の星への賛歌Ⅰ
第9節「Desert Dubai(Ⅱ)/ Queen and Camel」
第9節「そしてまた穏やかな眠りへと」
第9節「ウムヤー求めるまぎーむん」
第9節「勇者の証」
第9節「水門に棲まうこと能わず」
第9節「雨上がりの土の匂い、遠く瞬く花雫」
第9節『大地母神、二柱』
第9話『鬼王エリザベートＪＡＰＡＮ』
第一の太陽
第一の扉・黒髪鬼
第一の村
第一の特訓 ジャングル・フィールド
第一の門
第一カジノ 「バトルDEロワイヤル」
第一カジノ 「剣豪見習いは天高く煌めく」
第一カジノ 「ＨＩＭＥＪＩサバイバルカジノ」
第一ストレージ
第一リーグ アイランド級 黄金！メカクレ！ぽんぽこ！
第一リーグ ギャラクシー級 コスモカルデア学園教師
第一リーグ コンティネント級 ＶＲ戦士ＴＯＭＯＥ
第一リーグ スペース級 銀河聖堂騎士団
第一リーグ プラネット級 叛逆の騎士と仲間たち
第一冥界トラトラウキ
第一夜 ダレイオス君
第一夜　ダレイオス君
第一夜「何がジャンヌに起こったか？」
第一層 大奥外部「第八幕」を進めよう
第一巻「韃靼国 旅の道連れ」
第一幕 「徳川の招待」
第一幕 スワンレイク・リターンズ(1/6)
第一幕 スワンレイク・リターンズ(2/6)
第一幕 スワンレイク・リターンズ(3/6)
第一幕 スワンレイク・リターンズ(4/6)
第一幕 スワンレイク・リターンズ(5/6)
第一幕 スワンレイク・リターンズ(6/6)
第一幕 不可知の暗礁(1/2)
第一幕 不可知の暗礁(2/2)
第一幕 奇襲！！ ぐだぐだ桶狭間
第一幕 奇襲！！　ぐだぐだ桶狭間
第一幕 魔物に逢うては 魔物を斬る
第一幕　バック・トゥ・ザ・１２７３
第一幕　パルプ・フィールド
第一幕『三匹の？ 仲間』
第一服「レッツGOあの世！」
第一歌 プルガトリオ（序）
第一歌 プルガトリオ（急）
第一歌 プルガトリオ（破）
第一特異点
第一特異点
邪竜百年戦争 オルレアン
第一特異点 メモリアルクエスト
第一特異点 メモリアルクエストクリアで開放
第一特異点 第6節をクリアで開放
第一特異点 第6節をクリア＆霊基再臨1段階目＆絆Lv.2で開放
第一特異点 第6節をクリア＆霊基再臨2段階目＆絆Lv.3で開放
第一特異点 第8節をクリアで開放
第一特異点 第8節をクリア＆霊基再臨1段階目＆絆Lv.1で開放
第一特異点の記憶
第一特異点をクリアで開放
第一特異点をクリア＆霊基再臨1段階目＆絆Lv.1で開放
第一特異点をクリア＆霊基再臨1段階目＆絆Lv.2で開放
第一特異点をクリア＆霊基再臨1段階目＆絆Lv.3で開放
第一特異点をクリア＆霊基再臨1段階目＆絆Lv.4で開放
第一特異点をクリア＆霊基再臨2段階目＆絆Lv.4で開放
第一特異点をクリア＆霊基再臨3段階目＆絆Lv.3で開放
第一特異点をクリア＆霊基再臨3段階目＆絆Lv.4で開放
第一特異点クリアで開放
第一節 『ノワール・サンタクロース』
第一節 『パンプキン・ワールド』
第一節 『君と所長の神隠し』
第一節 いざ師匠
第一節 チョコレートは圧制なり
第一節 トリロジーの憂鬱
第一節 夏への招待状
第一節 巨人と森
第一節 贋作｢無垢なる少年｣
第一節 黒髭来航
第一節　これからWonderland
第一節　チョコレートは圧制なり
第一節　ハロウィン・スタート
第一節　空翔る騎士
第一節「サンタクロースはきみだ！ 前編」
第一節「サンタクロースはきみだ！ 後編」
第一節「未来、遠方より来たる」
第一節「殺しのライセンスＭ５１」
第一節「魔術師の弟子」
第一節『They Live』
第一節『エンジョイ・ホリデー』(1/3)
第一節『エンジョイ・ホリデー』(2/3)
第一節『エンジョイ・ホリデー』(3/3)
第一節『九紋竜エリザとマスター、梁山泊結成のこと』
第一節『友情パワー』
第一節『呼吸は月曜日の朝のように』
第一節『暴力行為反対』
第一節『書を捨てよ冒険に出よ！』
第一節『祝福あれと私は願うけど』
第一節クリアで開放
第一話「彼女はヒトキリ」
第一部 「勃興！カルデア家の野望！」
第一部のブリリアント・サマー モードレッド編クリアで開放
第一部のブリリアント・サマー 清姫編クリアで開放
第一部のブリリアント・サマー 玉藻編クリアで開放
第一部の石像を建設すると開放
第一関門 あやかし屋敷
第一関門 けものバスター
第一関門 ザ・ファーストダウン
第一関門 序の関所・陰の道
第一関門 序の関所・陽の道
第一関門 登竜滝
第一関門 解放への扉
第一鱗門
第七の扉・巌窟王
第七の特訓 ファイナル・ヘル
第七夜 突撃、となりのオルタちゃん
第七夜　突撃、となりのオルタちゃん
第七夜「ラストプレゼント・フォー・ユー」
第七幕 「愛の神」
第七幕 合戦は逆巻く怒涛の如きもの
第七幕　剽滅十字前線アンティオキア 後編
第七幕『兄』
第七服「獣の剣」
第七特異点
第七特異点
絶対魔獣戦線 バビロニア
第七特異点 メモリアルクエスト
第七特異点の記憶
第七特異点までのメモリアルクエストを全てクリアで開放
第七特異点をクリアで開放
第七特異点をクリア＆霊基再臨2段階目で開放
第七特異点をクリア＆霊基再臨2段階目＆絆Lv.2で開放
第七特異点をクリア＆霊基再臨2段階目＆絆Lv.3で開放
第七特異点をクリア＆霊基再臨2段階目＆絆Lv.4で開放
第七特異点をクリア＆霊基再臨3段階目＆絆Lv.4で開放
第七特異点をクリア＆霊基再臨3段階目＆絆Lv.5で開放
第七特異点クリアで開放
第七特異点＆「第六特異点 メモリアルクエスト」をクリアで開放
第七節 READY! LADIES!!
第七節 『王の帰還』
第七節 『閻魔亭縁起ノ事』
第七節 いざ鎌倉
第七節 さらば愛しきぐだぐだ世界
第七節 アマゾネス・ドットコム
第七節　もう帰ってきたメカエリチャン
第七節　続く世界
第七節「本格！ 巨大クリスマスケーキを作ろう！」
第七節「王の記憶」
第七節「荒神、災厄の日」
第七節「雑賀エレジー」
第七節『よって、蠱毒に至る』
第七節『よって、蠱毒に至る』選択
第七節『ナイトメア・イリュージョン』(1/2)
第七節『ナイトメア・イリュージョン』(2/2)
第七節『ワン・モア・チャンス』
第七節『海賊の山嶺』
第七節『第一の鎖：インドの超英雄、話し合いリターンズ』
第七節『超大団円のこと』
第七節クリアかつ12月13日18時00分以降に開放
第七節クリアかつ2月22日18時00分以降に開放
第七節クリアかつ3月23日18時00分以降に開放
第七節クリアかつ3月8日18時00分以降に開放
第七節クリアで開放
第七聖典・断罪死
第七話「新選組・ジ・エンド」
第三の太陽 A
第三の扉・螺湮城の怪
第三の村
第三の特訓 アイシクル・トンネル
第三の異聞帯
第三の目 EX
第三の門
第三カジノ 「アンリミテッドフィギュアワーク」
第三カジノ 「ソード・オア・アート」
第三カジノ 「愛憎のパッションフラワー」
第三カジノ 「水天宮インヴィディア・セルペンス」
第三カジノ 「流れるウォーター・カジノ」
第三カジノ 「秒速100万ＱＰ」
第三ストレージ
第三リーグ アイランド級 スペース・ウィッチズ
第三リーグ ギャラクシー級 カルデア剣術顧問
第三リーグ コンティネント級 カルデア救命班＋α
第三リーグ スペース級 スペース・パイレーツ
第三リーグ プラネット級 ヴィラン連合残党
第三冥界ソソアウワキ
第三回邪馬台国最強女王トーナメント
第三夜 ハートブレイク☆ケーカちゃん
第三夜　ハートブレイク☆ケーカちゃん
第三夜「僕らは中学二年生」
第三層に進む
第三巻「火雲洞 聖嬰大王紅孩児」
第三幕 「不誠実の道」 其之一
第三幕 「不誠実の道」 其之三
第三幕 「不誠実の道」 其之二
第三幕 「不誠実の道」 其之四
第三幕 「不誠実の道」 番外
第三幕 めぐる盈月 殺し合い
第三幕 ナッツ・クラッカーをもう一度(1/3)
第三幕 ナッツ・クラッカーをもう一度(2/3)
第三幕 ナッツ・クラッカーをもう一度(3/3)
第三幕 極静域の鯨波(1/6)
第三幕 極静域の鯨波(2/6)
第三幕 極静域の鯨波(3/6)
第三幕 極静域の鯨波(4/6)
第三幕 極静域の鯨波(5/6)
第三幕 極静域の鯨波(6/6)
第三幕 窮地！！ ぐだぐだ包囲網
第三幕 窮地！！　ぐだぐだ包囲網
第三幕　獅子の名は
第三幕　虚無のライオン
第三幕『一の大鬼、現る』
第三服「君の心にズキューン」
第三歌 パライソ（序）
第三歌 パライソ（急）
第三歌 パライソ（破）
第三特異点
第三特異点
封鎖終局四海 オケアノス
第三特異点 メモリアルクエスト
第三特異点 メモリアルクエストクリアで開放
第三特異点の記憶
第三特異点をクリアで開放
第三特異点をクリア＆霊基再臨1段階目＆絆Lv.1で開放
第三特異点をクリア＆霊基再臨1段階目＆絆Lv.2で開放
第三特異点をクリア＆霊基再臨1段階目＆絆Lv.3で開放
第三特異点をクリア＆霊基再臨2段階目＆絆Lv.4で開放
第三特異点をクリア＆霊基再臨4段階目＆絆Lv.5で開放
第三特異点クリアで開放
第三特異点＆「第二特異点 メモリアルクエスト」をクリアで開放
第三節 『カ星の槍』
第三節 『クリスマスプレゼント』
第三節 『活動日誌の始まり』
第三節 いざ斯洛伐克？(1/2)
第三節 いざ斯洛伐克？(1/2)クリアで開放
第三節 いざ斯洛伐克？(2/2)
第三節 それも私です
第三節 ビューティフル・サマー
第三節 フリークライミング！
第三節 池田屋ぐだぐだ落ち
第三節 繁栄と虚構
第三節 贋作｢謙虚にして最強なる竜殺し｣
第三節　それも私です
第三節　ハートを磨くっきゃない
第三節　偽杯、天に至らず
第三節　駆け抜けろ冒険者たちそして戻れ
第三節「マスカレード」
第三節「北のグンシン」
第三節「決別、時代の波に揺られ」
第三節「美味しいサラダを作ろう！」
第三節『どんどん増やそう無頼漢』
第三節『ゴーストマンション』(1/2)
第三節『ゴーストマンション』(2/2)
第三節『ノット・キリングフィールド』
第三節『前菜・食前酒、あるいはお通し』
第三節『皐月の王』
第三節『秩序ありきの地下迷宮』
第三節『第一の鎖：インドの超英雄』
第三節『第二の秘宝：赤と青の扉』
第三節クリアかつ10月14日18時00分以降に開放
第三節クリアかつ10月25日18時00分以降に開放
第三節クリアかつ11月30日18時00分以降に開放
第三節クリアかつ12月9日18時00分以降に開放
第三節クリアかつ2月18日18時00分以降に開放
第三節クリアかつ3月19日18時00分以降に開放
第三節クリアかつ3月4日18時00分以降に開放
第三節クリアかつ3月5日18時00分以降に開放
第三節クリアかつ3月8日18時00分以降に開放
第三節クリアで開放
第三話「神に選ばれしモノ」
第三部 「降臨！ 魔王信長！」
第三関門 ガーディアンズ・メイズ
第三関門 ゲット・ザ・ボール
第三関門 サーチ・ザ・ボール
第三関門 ザ・マッシュルーム
第三関門 ローリングロード
第三関門 急の関所・勇者の道
第三関門 急の関所・王者の道
第三階層への階段
第三鱗門
第九幕 「終わりの徳川」
第九幕 冥土の土産か 地獄花
第九幕『撃退、技喰丸』 【とどめ戦】
第九服「ぶっちぎり茶の湯バトル」
第九節 『エリちゃん、どうする？』
第九節 『合縁奇縁一堂集リ鳳是招福ノ事』
第九節 フェイクヴィレッジＱ
第九節 拗ねるパトラ
第九節　無限未来
第九節「妄執、地の底より還る」
第九節「激走！ カワナカジマ24時」
第九節「魔術師の推理」
第九節『コロンブス大戦』
第九節『ハロウィン宣言！』
第九節『人魚秘〆』
第九節クリアで開放
第九話「スタンダップ勇ン」
第二、あるいは三回アルゴノーツ乗員募集大会
第二の扉・煉獄の悪魔
第二の村
第二の特訓 サンセット・アスレチック
第二の門
第二エリア入口
第二カジノ 「さらば愛しきピラミッド」
第二カジノ 「ファラオカジノ」
第二カジノ 「華麗なる挑戦」
第二ストレージ
第二リーグ アイランド級 ひみつ会社アサシン
第二リーグ ギャラクシー級 コスモ★アルゴノーツ
第二リーグ コンティネント級 カルデア三本鎗
第二リーグ スペース級 カルデア研究室
第二リーグ プラネット級 銀河の残り火
第二冥界イスタウキ
第二十一節 サマーソングを歌って
第二十七節 太陽がいっぱい
第二十三節 夏のミラージュ
第二十二節 進行度7 スーパーリコレクションクエスト(2/3)
第二十二節 進行度7 リコレクションクエスト(2/3)
第二十二節 鏡の中のアクトレス
第二十五節 歌おう、明日はもうおわかれだから
第二十五節 進行度2 スーパーリコレクションクエスト(3/3)
第二十五節 進行度2 リコレクションクエスト(3/3)
第二十八節 ラスト・サマー・デイドリーム
第二十六節 夏立ちぬ、いざ……
第二十四節 鳥の詩
第二十節 渚に消えるオンリー・ユー
第二夜 その名はマリーちゃん
第二夜　その名はマリーちゃん
第二夜「愚者の贈り物」
第二層に進む
第二巻「平頂山 蓮華洞の妖姉妹」
第二幕 「御目見得の者達」 其之一
第二幕 「御目見得の者達」 其之三
第二幕 「御目見得の者達」 其之二
第二幕 「御目見得の者達」 其之四
第二幕 「御目見得の者達」 番外
第二幕 滑落のコッペリア(1/5)
第二幕 滑落のコッペリア(2/5)
第二幕 滑落のコッペリア(3/5)
第二幕 滑落のコッペリア(4/5)
第二幕 滑落のコッペリア(5/5)
第二幕 眩き夜に 因果はめぐる
第二幕 雷撃手の漁場(1/4)
第二幕 雷撃手の漁場(2/4)
第二幕 雷撃手の漁場(3/4)
第二幕 雷撃手の漁場(4/4)
第二幕 颯爽！！ ぐだぐだ三段撃ち
第二幕 颯爽！！　ぐだぐだ三段撃ち
第二幕　ナイツ・オブ・ダイイングデッド
第二幕　獅子の名は～PART２～
第二幕『鬼ヶ島進攻』
第二服「スタンバイ茶の湯」
第二歌 インフェルノ（序）
第二歌 インフェルノ（急）
第二歌 インフェルノ（破）
第二特異点
第二特異点
永続狂気帝国 セプテム
第二特異点 メモリアルクエスト
第二特異点 メモリアルクエストクリアで開放
第二特異点の記憶
第二特異点をクリアで開放
第二特異点をクリア＆霊基再臨1段階目＆絆Lv.1で開放
第二特異点をクリア＆霊基再臨1段階目＆絆Lv.2で開放
第二特異点をクリア＆霊基再臨1段階目＆絆Lv.3で開放
第二特異点をクリア＆霊基再臨1段階目＆絆Lv.5で開放
第二特異点をクリア＆霊基再臨2段階目＆絆Lv.2で開放
第二特異点をクリア＆霊基再臨2段階目＆絆Lv.3で開放
第二特異点をクリア＆霊基再臨2段階目＆絆Lv.4で開放
第二特異点をクリア＆霊基再臨2段階目＆絆Lv.5で開放
第二特異点クリアで開放
第二特異点＆「第一特異点 メモリアルクエスト」をクリアで開放
第二節 『カルト・エリザベート』
第二節 『対決！ 保護者ＶＳ子供たち』
第二節 『軽い気持ちのお手伝い』
第二節 いざ仏蘭西？(1/2)
第二節 いざ仏蘭西？(1/2)クリアで開放
第二節 いざ仏蘭西？(2/2)
第二節 ノッブだ門外の変
第二節 ハンバーグとパセリ
第二節 フォルテッシモな始動
第二節 天国にいちばん近い島
第二節 母と女難とチョコレート
第二節 贋作｢ダンディおじさん｣
第二節　ギラギラRevolution
第二節　幻想冒険ハロウィン
第二節　幼き賢王と叛逆の聖人
第二節　母と女難とチョコレート
第二節「おとぎの国の人探し」
第二節「ナイス甲斐」
第二節「稀人、集いし地にて」
第二節「美味しいシュトレンを作ろう！」
第二節『but it did happen』
第二節『but it did happen』クリアで開放
第二節『グラス・グラス』
第二節『スナッチ・スティール・ストレート』
第二節『テンシとアクマと願い事』
第二節『ワンス・アポン・ア・タイム』
第二節『仮面の殺人鬼たち』
第二節『勇者エリちゃん、仲間を集める』
第二節『呼延灼と黄飛虎、襲来々のこと』
第二節クリアかつ10月13日18時00分以降に開放
第二節クリアかつ10月24日18時00分以降に開放
第二節クリアかつ11月29日18時00分以降に開放
第二節クリアかつ3月18日18時00分以降に開放
第二節クリアかつ3月3日18時00分以降に開放
第二節クリアかつ3月4日18時00分以降に開放
第二節クリアかつ3月7日18時00分以降に開放
第二節クリアで開放
第二話「ダークでソードなニクイ奴」
第二部のブリリアント・サマー スカサハ編クリアで開放
第二部プロローグ
第二部一節 「雄飛！ 上洛せよカルデア家！」
第二部二節 「進撃！ かかれ柴田！」
第二関門 いっすんボート
第二関門 おむすび坂
第二関門 さむらいＺＡＮ
第二関門 ゴブリンワールド
第二関門 槍玉ＲＵＮ
第二関門 破の関所・戦士の道
第二関門 破の関所・騎士の道
第二階層への階段
第二鱗門
第五の太陽
第五の扉・月光無情
第五の特訓 マグマ・コロシアム
第五カジノ 「アーツマザー対パワーシスター」
第五カジノ 「シルク・ドゥ・ルカン」
第五カジノ 「鮫！姉！母！」
第五勢 A
第五勢 A+
第五夜 ギルガメッシュ君
第五夜　ギルガメッシュ君
第五夜「もう一度、星に願いを」
第五層に進む
第五巻「芭蕉洞 鉄扇公主羅刹女」
第五幕 「窃盗の鍵」 其之一
第五幕 「窃盗の鍵」 其之三
第五幕 「窃盗の鍵」 其之二
第五幕 「窃盗の鍵」 番外
第五幕 咲き撓る水底(1/2)
第五幕 咲き撓る水底(2/2)
第五幕 魔人の狂宴 荒ぶる魂
第五幕　トゥー・スモーク・キング・バレルズ
第五幕　剽滅十字前線アンティオキア 前編
第五幕『鬼と人』
第五服「滅びの巫女」
第五特異点
第五特異点
北米神話大戦 イ・プルーリバス・ウナム
第五特異点 メモリアルクエスト
第五特異点 メモリアルクエストクリアで開放
第五特異点の記憶
第五特異点をクリアで開放
第五特異点をクリア＆霊基再臨2段階目＆絆Lv.2で開放
第五特異点をクリア＆霊基再臨2段階目＆絆Lv.3で開放
第五特異点をクリア＆霊基再臨2段階目＆絆Lv.4で開放
第五特異点をクリア＆霊基再臨3段階目＆絆Lv.4で開放
第五特異点をクリア＆霊基再臨3段階目＆絆Lv.5で開放
第五特異点をクリア＆霊基再臨4段階目＆絆Lv.5で開放
第五特異点クリアで開放
第五特異点＆「第四特異点 メモリアルクエスト」をクリアで開放
第五環境用
カルデア制服
第五盛 B
第五真説要素環境用カルデア制服
第五節 Civilization
第五節 『はたらくカルデア　その一』
第五節 『ロード・オブ・ザ・ランス』
第五節 『置いてきぼりの少女へ』
第五節 いざ天空？(1/2)
第五節 いざ天空？(1/2)クリアで開放
第五節 いざ天空？(2/2)
第五節 エリザベート・リム
第五節 今必殺の衛宮丸
第五節 淑女たちのララバイ
第五節 贋作｢愛娘の反抗期に悩む父親｣
第五節　チェイテ・ピラミッド・姫路・メカエリチャン
第五節　夢を死なせるわけにいかない（1/2）
第五節　夢を死なせるわけにいかない（2/2）
第五節「おいしいシチューを作ろう！」
第五節「夜半、雨降りぬれば」
第五節「旋律の答え」
第五節「甲斐でサイカイ」
第五節『かくも小さき生命を』
第五節『ゲームⅡ：オニごっこ』
第五節『スマイリング』(1/2)
第五節『スマイリング』(2/2)
第五節『フローズンありのままで』
第五節『大魔女という名の厄災』
第五節『官軍、大反撃のこと』
第五節『祈る者・視る者・喋る者』
第五節『第三の鎖：拳と杖と料理で語る系聖女軍団のささやかな助言』
第五節クリアかつ10月16日18時00分以降に開放
第五節クリアかつ10月27日18時00分以降に開放
第五節クリアかつ12月11日18時00分以降に開放
第五節クリアかつ12月2日18時00分以降に開放
第五節クリアかつ2月20日18時00分以降に開放
第五節クリアかつ3月10日18時00分以降に開放
第五節クリアかつ3月21日18時00分以降に開放
第五節クリアかつ3月6日18時00分以降に開放
第五節クリアかつ3月7日18時00分以降に開放
第五節クリアで開放
第五話「バラバラハートの子守歌」
第五階層への階段
第伍話「二人の龍馬」
第八幕 「徳川の終わり」
第八幕 蛇は衣を脱ぎ捨てて 鬼は再び蘇る
第八幕　フロム・ダスト・ティル・ボーン
第八幕『二の大鬼、現る』
第八服「祖の獣」
第八節 『メッセージ　は　１件　です』
第八節 『迷い家と来訪者』
第八節 いざ天守閣へ！
第八節 いざ鎌倉にさよならを
第八節 大統領島のある村について
第八節　Road of Resistance
第八節　ラストナイト・ハロウィン
第八節「よろしく、サンタクロース」
第八節「時雨、猛者と無敵(1/2)」
第八節「時雨、猛者と無敵(2/2)」
第八節「最後の紙片」
第八節「海道覇皇ヨシモト」
第八節『パニッシャー・ガール』(1/2)
第八節『パニッシャー・ガール』(2/2)
第八節『二周目』
第八節『海賊全力戦争』
第八節クリアで開放
第八話「マガツヒノカミ」
第六の扉・復讐するは――
第六の特訓 フロント・スクエア
第六カジノ 「カジノ・キャメロット」
第六カジノ 「円卓には円卓を」
第六カジノ 「女神のきまぐれ」
第六カジノ 「対決、アロハ三騎士（その１）」
第六カジノ 「対決、アロハ三騎士（その２）」
第六カジノ 「対決、アロハ三騎士（その３）」
第六カジノ 「教授からの提案（その１）」
第六カジノ 「教授からの提案（その２）」
第六カジノ 「決戦！　水着獅子王！」
第六夜 ニセサンタ・カエサル君
第六夜　ニセサンタ・カエサル君
第六夜「素晴らしき哉、サンタ！」
第六天魔王
第六天魔王 EX
第六天魔王波旬～夏盛～
第六巻「魔雲洞 平天大聖牛魔王」
第六幕 「夥多の女達」 其之一
第六幕 「夥多の女達」 其之三
第六幕 「夥多の女達」 其之二
第六幕 「夥多の女達」 番外
第六幕 さながら戦国乱世の如く
第六幕　偽典共鳴幻想 スノーフィールド
第六幕　剽滅十字前線アンティオキア 中編
第六幕『主従』
第六感が目覚める廊下
第六服「決戦！暗黒関ヶ原」
第六特異点
第六特異点
&2015年メモリアルクエストをクリアで開放
第六特異点
神聖円卓領域 キャメロット
第六特異点 メモリアルクエスト
第六特異点 メモリアルクエストクリアで開放
第六特異点 第17節(3/5)をクリアで開放
第六特異点 第17節(3/5)をクリア＆霊基再臨1段階目＆絆Lv.5で開放
第六特異点の記憶
第六特異点をクリアで開放
第六特異点をクリア＆絆Lv.2で開放
第六特異点をクリア＆霊基再臨1段階目＆絆Lv.2で開放
第六特異点をクリア＆霊基再臨2段階目＆絆Lv.1で開放
第六特異点をクリア＆霊基再臨2段階目＆絆Lv.2で開放
第六特異点をクリア＆霊基再臨2段階目＆絆Lv.3で開放
第六特異点をクリア＆霊基再臨2段階目＆絆Lv.4で開放
第六特異点をクリア＆霊基再臨2段階目＆絆Lv.5で開放
第六特異点をクリア＆霊基再臨3段階目＆絆Lv.10で開放
第六特異点をクリア＆霊基再臨3段階目＆絆Lv.5で開放
第六特異点クリアで開放
第六特異点＆2015メモリアルクエスト（第四特異点）をクリアで開放
第六特異点＆「第五特異点 メモリアルクエスト」をクリアで開放
第六特異点？
第六節 NEW STAR JOKER
第六節 『はたらくカルデア　その二』
第六節 『はたらくカルデア　その二』クリアで開放
第六節 『カ星に住むオリュンポスの神々』
第六節 『誰が為のサンタクロース』
第六節 いざ紐育？(1/2)
第六節 いざ紐育？(1/2)クリアで開放
第六節 いざ紐育？(2/2)
第六節 メカエリチャンの逆襲
第六節 決戦、ぐだぐだ日輪城！
第六節 贋作｢明後日に向かう戦乙女｣
第六節　ECHO
第六節　エリザＶＳメカエリザ
第六節「塩と刀とビシャモンテン」
第六節「姉弟、睦まじく殺めよ」
第六節「最高の七面鳥の丸焼きを作りたい！」
第六節「蒸気絢爛」
第六節『Touchez pas au Saint Graal』
第六節『ゲームⅢ（？）：狼と山羊とキャベツ』
第六節『サンクタム・ダイビング』
第六節『天罡地煞尽く』
第六節『母と恋人の愛は溶岩のように不毛』
第六節『生きる屍たちの朝昼晩』(1/2)
第六節『生きる屍たちの朝昼晩』(2/2)
第六節『私の恋よはじめまして、さようなら』
第六節『第四の鎖：道化の怪物は虚無を穿つ』
第六節クリアかつ10月17日18時00分以降に開放
第六節クリアかつ10月28日18時00分以降に開放
第六節クリアかつ12月12日18時00分以降に開放
第六節クリアかつ12月3日18時00分以降に開放
第六節クリアかつ2月21日18時00分以降に開放
第六節クリアかつ3月11日18時00分以降に開放
第六節クリアかつ3月22日18時00分以降に開放
第六節クリアかつ3月7日18時00分以降に開放
第六節クリアかつ3月8日18時00分以降に開放
第六節クリアで開放
第六節進行度1クリアで開放
第六話「あの日のシン選組」
第十一幕 夢を見て 運命を想う
第十一幕『三の大鬼、現る』
第十一節 『見晴らし台の考察』
第十一節 ぷりずまが、来る
第十一節 退けば死、臆せば死、進めば歌
第十一節「決戦スーパー五稜郭」
第十一節「記憶と記録の果てに」
第十一節『パンプキン収穫！ その2』
第十一節『死と恐怖の向こう側に待つモノ』
第十一話「リターンオブ誠」
第十七節 マリッジ・ブルース
第十七節 進行度4 スーパーリコレクションクエスト(1/3)
第十七節 進行度4 リコレクションクエスト(1/3)
第十三幕 剣客残影 地獄篇
第十三幕『そして桃太郎は』
第十三節 『閻魔亭繁盛記』
第十三節 彼女と彼女と彼女の挿話
第十三節 招かれざる客たちへのミサイル
第十三節『パンプキン収穫！ その4』
第十三節クリアで開放
第十九節 小さい夏、見つけた
第十二幕 百花撩乱 空割れて
第十二幕『撃退、轟力丸』 【とどめ戦】
第十二節 No Way Out
第十二節 『カルデア捕物帖～大詰め～』
第十二節 ワン・サマー・ナイト
第十二節「赤と白のシンフォニア」
第十二節『パンプキン収穫！ その3』
第十二節クリアで開放
第十二話「カムイの剣」
第十五幕 神に逢うては 神を斬る
第十五節 ゴッド・ブレス・ユー
第十五節 ﾌｧｲﾅﾙ･ｴｸｽﾌﾟﾛｰｼﾞｮﾝ･ｺｰｽﾀｰ
第十五節『トリック・オア・トリート！』
第十五節クリアで開放
第十八節 激アツ夏色大統領
第十六幕 天国からいちばん遠い月
第十六節 ブレイク・ブライド・ストーリー
第十四幕 剣客残影 煉獄篇
第十四節 ウェディング・フィールズ・フォーエバー
第十四節 メカエリザVSメカエリザMKⅡ
第十四節『歌を歌おう』
第十幕 「大奥」 其之一
第十幕 「大奥」 其之二
第十幕 地獄の地右衛門 怨讐の焔
第十幕『酒と鬼』
第十服「サヨナラのニライカナイ」
第十節 『お伽噺』
第十節 『パーフェクト・エリザベート！』
第十節 変な村
第十節 白鷺城の憂鬱姫
第十節「偽りの聖槍(1/3)」
第十節「偽りの聖槍(2/3)」
第十節「偽りの聖槍(3/3)」
第十節「魔甲斐大戦カワナカジマ」
第十節『バイバイ、ジュラシック』
第十節『パンプキン収穫！ その1』
第十節『二千二百年と三千人の凶ツ者たち』
第十話「コンニチハ池田屋」
第参話「奇兵隊」
第参関門 3択ＲＩＫＩＳＩ
第参関門 ギガースクラッシュ
第参関門 スウィートパニック
第参関門 マチョハンターズ
第参関門 ワイバーングライダー
第参関門 愛の逃避行中
第参関門 ＥＸストリーム
第四の扉・神は語らず
第四の特訓 グリード・ラビリンス
第四カジノ 「さらばジェット天然理心流」
第四カジノ 「その名は“Ｊ”」
第四カジノ 「カジノ・DE・楽市楽座」
第四冥界ヤヤウキ
第四夜 PN.孤児院の足長おじさん
第四夜　PN.孤児院の足長おじさん
第四夜「迷宮のメリー・クリスマス」
第四層に進む
第四巻「火焔山 あの山は絶対に面白い！」
第四幕 「酔態の効能」 其之一
第四幕 「酔態の効能」 其之三
第四幕 「酔態の効能」 其之二
第四幕 「酔態の効能」 其之四
第四幕 「酔態の効能」 番外
第四幕 剣の病か 女の肌か
第四幕 大勝利！！ ぐだぐだ天下布武
第四幕 大勝利！！　ぐだぐだ天下布武
第四幕 沈める森の美女(1/4)
第四幕 沈める森の美女(2/4)
第四幕 沈める森の美女(3/4)
第四幕 沈める森の美女(4/4)
第四幕 潮解する怪理(1/3)
第四幕 潮解する怪理(2/3)
第四幕 潮解する怪理(3/3)
第四幕　ロック・ストック
第四幕　遙かなる槍の呼び声
第四幕『撃退、風越丸』 【とどめ戦】
第四服「待ち人来たり来なかったり」
第四次異聞録 冬木
第四歌 黒縄衆合地獄（序）
第四歌 黒縄衆合地獄（急）
第四歌 黒縄衆合地獄（破）
第四特異点
第四特異点
死界魔霧都市 ロンドン
第四特異点 メモリアルクエスト
第四特異点 メモリアルクエストクリアで開放
第四特異点をクリアで開放
第四特異点をクリア＆霊基再臨1段階目＆絆Lv.2で開放
第四特異点をクリア＆霊基再臨1段階目＆絆Lv.3で開放
第四特異点をクリア＆霊基再臨2段階目＆絆Lv.2で開放
第四特異点をクリア＆霊基再臨2段階目＆絆Lv.3で開放
第四特異点をクリア＆霊基再臨2段階目＆絆Lv.4で開放
第四特異点をクリア＆霊基再臨3段階目＆絆Lv.4で開放
第四特異点をクリア＆霊基再臨3段階目＆絆Lv.5で開放
第四特異点クリアで開放
第四特異点＆2015メモリアルクエスト（第一特異点）をクリアで開放
第四特異点＆「第三特異点 メモリアルクエスト」をクリアで開放
第四節 『デッドエンド・ハロウィン』
第四節 『彼方の虹へ、ふわりとした傘を差して』
第四節 『最初の御客様』
第四節 いざ豪州？(1/2)
第四節 いざ豪州？(1/2)クリアで開放
第四節 いざ豪州？(2/2)
第四節 トリプルヘッド女帝
第四節 ユニバーサル鳥羽伏見の戦い
第四節 幻想令嬢ロマンチカ
第四節 悪魔のように黒く、甘く
第四節 自由と正義
第四節 贋作｢文系理系イケメンズ｣
第四節　キミは無邪気な夏の女王
第四節　仕切り直しハロウィン
第四節　悪魔のように黒く、甘く
第四節「エッグベネディクトに挑戦だ！」
第四節「ワチャワチャ油小路」
第四節「山桜、散りてあとなき」
第四節「裁定のいざない」
第四節『ふぁーらーおー』
第四節『ゲームⅠ：水平思考ゲーム』
第四節『呪いと怨念とビデオテープ』(1/2)
第四節『呪いと怨念とビデオテープ』(2/2)
第四節『呼延灼と黄飛虎、反撃策を練るのこと』
第四節『喪失は恐れるもので』
第四節『喪失は恐れるもので』選択02
第四節『喪失は恐れるもので』選択03
第四節『怪盗は軽やかに予告する』
第四節『第二の鎖：蝕毒の女帝（工事中）』
第四節『鉄のように、鋼のように』
第四節クリアかつ10月15日18時00分以降に開放
第四節クリアかつ10月26日18時00分以降に開放
第四節クリアかつ12月10日18時00分以降に開放
第四節クリアかつ12月1日18時00分以降に開放
第四節クリアかつ2月19日18時00分以降に開放
第四節クリアかつ3月20日18時00分以降に開放
第四節クリアかつ3月5日18時00分以降に開放
第四節クリアかつ3月6日18時00分以降に開放
第四節クリアかつ3月9日18時00分以降に開放
第四節クリアで開放
第四話「アイルビーバック・ザ・本能寺」
第四部一節 「西の極楽浄土」
第四部三節 「天魔轟臨」
第四部二節 「永劫無燼楽土 摩玖主」
第四階層への階段
第四鱗門
第壱話「夜空に輝く蘭丸の星」
第壱関門 そびえ立つ壁
第壱関門 アサシンステップス
第壱関門 エッグファイト
第壱関門 タランチュラウォーク
第壱関門 ビートザオーガ
第壱関門 ホエールボーン
第壱関門 ミミクリーパラダイス
第弐話「人斬りと人斬り」
第弐関門 ぶっちぎりバトルサーキット
第弐関門 アマゾンズＢＩＮＧＯ
第弐関門 クイズ！ ファイト&ガッツ
第弐関門 シャークラダー
第弐関門 テールハント
第弐関門 デンジャラス鬼ごっこ
第弐関門 ボコボコ
第拾話「目覚めよ奇神」
第捌話「君が死んだ日」
第漆話「声よ星に届け」
第玖話「友と共に」
第肆話「維新の英雄」
第陸話「さよならは言わないで」
第０話　白き月姫ファンタズムーン！
第１Rクリアで開放
第１のゲーム：モザイク市の独占
第１ラウンド：名乗り
第１ラウンド：戦闘開始
第１ラウンド：戦闘開始（再挑戦の場合）
第１節 「小さな街の小さな戦争」
第１節 フォース・エントリー
第１節 ホテル・デノヴォへようこそ
第１節 竜と果実
第１節「帝都」
第１節「鎖に繋がれた乙女」
第１節：愉快な仲間の素敵なお仕事（1/2）
第１節：愉快な仲間の素敵なお仕事（2/2）
第１話　なかよし！　噂の暗殺集団！
第１０節「降誕」
第１１節「抑止」
第１２節「追憶」
第１ＣＰ
第２Rクリアかつ12月17日18時00分以降に開放
第２Rクリアかつ12月8日18時00分以降に開放
第２のゲーム：幽霊屋敷の人狼たち
第２ラウンド：名乗り
第２ラウンド：戦況 優勢
第２ラウンド：戦況 劣勢
第２ラウンド：戦況 拮抗
第２ラウンド：戦闘開始
第２ラウンド：戦闘開始（再挑戦の場合）
第２節 「トライアングル・ギャング」
第２節 「トライアングル・ギャング」 クリアで開放
第２節 オープニング・ギャンビット
第２節 コンシェルジュ・マスター
第２節 黒き手
第２節「脈動」
第２節「英雄／願望」
第２節：Wrong Way Walk of Positive Row（1/3）
第２節：Wrong Way Walk of Positive Row（2/3）
第２節：Wrong Way Walk of Positive Row（3/3）
第２話　ホント？　よみがえる聖女伝説
第２部プロローグ「序」をクリア＆霊基再臨2段階目＆絆Lv.5で開放
第２ＣＰ
第３Rクリアかつ12月18日18時00分以降に開放
第３Rクリアかつ12月9日18時00分以降に開放
第３のゲーム：破滅の播種者
第３ラウンド：名乗り
第３ラウンド：戦況 善戦
第３ラウンド：戦況 完勝
第３ラウンド：戦況 完敗
第３ラウンド：戦闘開始
第３ラウンド：戦闘開始（再挑戦の場合）
第３節 「我が儚い命運よ！」
第３節 「我が儚い命運よ！」 クリアで開放
第３節 ハーフウェイ・ダウン
第３節 リセット・ホテル（１回目）
第３節 純血の癒合
第３節「人斬り」
第３節「愛のかたちのかたち」
第３節「愛のかたちのかたち」選択肢2
第３節クリア
＆3月6日18時00分以降に開放
第３節クリア
＆6月5日18時00分以降に開放
第３節クリアで開放
第３節：あるべき姿の理想と現実（1/3）
第３節：あるべき姿の理想と現実（2/3）
第３節：あるべき姿の理想と現実（3/3）
第３話　かんぱいのオウガ・パーティー！
第３ＣＰ
第４Rクリアかつ12月10日18時00分以降に開放
第４Rクリアかつ12月19日18時00分以降に開放
第４のゲーム：激突の軍団
第４ラウンド：名乗り
第４ラウンド：戦況 互角
第４ラウンド：戦況 優勢
第４ラウンド：戦況 劣勢
第４ラウンド：戦況 圧倒
第４ラウンド：戦況 決着
第４ラウンド：戦闘開始
第４ラウンド：戦闘開始（再挑戦の場合）
第４節 「トライアングル・メイガス」
第４節 「トライアングル・メイガス」 クリアで開放
第４節 テュフォン・ネオス
第４節 リセット・ホテル（２回目）
第４節 ワーウルヴス・イン・ザ・ミラー
第４節「戦う者へ祝福あれ」
第４節「戦線」
第４節クリア
＆3月7日18時00分以降に開放
第４節クリア
＆6月6日18時00分以降に開放
第４節クリアで開放
第４節：神話への長い旅（1/3）
第４節：神話への長い旅（2/3）
第４節：神話への長い旅（3/3）
第４話　魔の年末進行
第４話クリア
＆12月28日18時00分以降に開放
第４話クリアで開放
第４ＣＰ
第５Rクリアかつ12月11日18時00分以降に開放
第５Rクリアかつ12月20日18時00分以降に開放
第５のゲーム：戸隠捜竜伝(1/8)
第５のゲーム：戸隠捜竜伝(2/8)
第５のゲーム：戸隠捜竜伝(3/8)
第５のゲーム：戸隠捜竜伝(4/8)
第５のゲーム：戸隠捜竜伝(5/8)
第５のゲーム：戸隠捜竜伝(6/8)
第５のゲーム：戸隠捜竜伝(7/8)
第５のゲーム：戸隠捜竜伝(8/8)
第５ラウンド：名乗り
第５ラウンド：戦況 優勢
第５ラウンド：戦況 劣勢
第５ラウンド：戦況 接戦
第５ラウンド：戦況 撃破
第５ラウンド：戦況 決着
第５ラウンド：戦闘開始
第５ラウンド：戦闘開始（再挑戦の場合）
第５節 「オールド・スパイダー」
第５節 「オールド・スパイダー」クリアで開放
第５節 ブレーキング・ポイント
第５節 心のありか
第５節 必然炎のごとく
第５節「才」
第５節「隣にいるということ」
第５節クリア
＆3月8日18時00分以降に開放
第５節クリア
＆6月7日18時00分以降に開放
第５節クリアで開放
第５節：夢見た星を掴むには……（1/2）
第５節：夢見た星を掴むには……（2/2）
第５話　そんな！？　明かされる真実
第５ＣＰ
第６Rクリアかつ12月12日18時00分以降に開放
第６Rクリアかつ12月21日18時00分以降に開放
第６ラウンド：名乗り
第６ラウンド：戦況 優勢
第６ラウンド：戦況 制圧
第６ラウンド：戦況 劣勢
第６ラウンド：戦況 圧倒
第６ラウンド：戦況 決着
第６ラウンド：戦況 陥落
第６ラウンド：戦闘開始
第６ラウンド：戦闘開始（再挑戦の場合）
第６節 アンサンブルな客たち
第６節 サバージオス
第６節 フルメタル・ジョーカー
第６節「理想のあなたに会う日まで」
第６節「約定」
第６節クリア
＆3月9日18時00分以降に開放
第６節クリアで開放
第６節：決戦！　ミシガン湖
第６話　その名はサンタズムーン！
第７ラウンド：名乗り
第７ラウンド：戦況 優勢
第７ラウンド：戦況 制圧
第７ラウンド：戦況 接戦
第７ラウンド：戦況 撃破
第７ラウンド：戦況 決着
第７ラウンド：戦況 陥落
第７ラウンド：戦闘開始
第７ラウンド：戦闘開始（再挑戦の場合）
第７節 あなたの物語は果てしなく
第７節 フェイスレス・レイス
第７節 白き聖杯
第７節「チョコレート・リバーのその先に」
第７節「記憶」
第７節クリア
＆3月10日18時00分以降に開放
第７節クリア
＆6月8日18時00分以降に開放
第７節クリアで開放
第７節：偶像が墜ちる時
第７話　良いお年を！　2025年もよろしくね！
第８ラウンド：名乗り
第８ラウンド：戦況 制圧
第８ラウンド：戦況 接戦
第８ラウンド：戦況 撃破
第８ラウンド：戦況 決着
第８ラウンド：戦況 陥落
第８ラウンド：戦闘開始
第８ラウンド：戦闘開始（再挑戦の場合）
第８節 リターン・オブ・ザ・プロペラント・サン
第８節 願いの果て
第８節「天海」
第９ラウンド：名乗り
第９ラウンド：戦闘開始
第９ラウンド：戦闘開始（再挑戦の場合）
第９節「突入」
筆と硯
等々力
箕輪城
箕輪城を制圧(火薬+5)
管制塔、瓦解
管制塔バルバトス 制圧戦
管制塔バルバトス 最終戦
管制室 バルバトス 制圧戦
箪笥だらけの座敷
箱だらけの部屋
箱庭の幼き姫
箱庭の魔女
節分タワーダンジョン
節分酒宴絵巻 鬼楽百重塔
節分酒宴絵巻　鬼楽百重塔
節制と嘘とビタースイート
節度あるべし（夏） EX
篁のむすめ B+
築地
簒奪の鉾 A
米の数だけ抱きしめて
粉雪の丘
粉骨砕骨
粛正騎士・ハント 典位+級
粛正騎士・ハント 典位級
粛正騎士・ハント 祭位級
粛正騎士・ハント 開位級
精神改造 EX
精神汚染 A
精神汚染（兇） B
精神汚染（毒） D
精神異常を受けなくなる
精神異常付与アップ
精神異常付与率をアップ
精神異常無効
精神異常耐性をアップ
精神異常耐性をダウン
精神異常耐性アップ
精神異常耐性ダウン
精神異常解除
精進料理
精霊の加護 A
精霊の弟子 B
精霊の狂騒 A
精霊の目 A
精霊宝具
精霊根
糸と恩寵/Rani(ment)
約束されざる守護の車輪
約束された勝利の剣
約束の刻
約束の未来へ
紅く染まった港
紅の月下美人
紅梅と牡丹
紅玉の書
紅玉の書 B
紅白のチョコ
紅葉狩
紅蓮なり影の国
紅閻魔
紅顔の美少年 B
紅顔の美少年 C
紅顔の美少年（雷） A
紋章の蛇 EX
納刀体勢
納涼夢幻冥峰　パラダイスレイク
純全たる破壊
純潔のコーディネイト
純米大吟醸いぶき
純粋である歪/Alter Ego
素敵な聖女の素敵なメルヘン
素敵な贈り物（サメ）
素晴らしき飼葉桶
紫式部
紫式部日記 B
紫式部日記 B++
紫水晶の砂糖菓子
紫煙の追想
紫玉の笛
細身造りの名刀
紳士的な愛 C
終の花
終わらぬ夏 B
終わりと始まり
終わりと始まりのものがたり
終わりなき河
終わりなき芽吹き A
終わりのエリザベート
終夜の訪問者たち
終天の流星雨
終局宇宙に閃く獣冠
終局特異点
終局特異点
冠位時間神殿 ソロモン
終局特異点 メモリアルクエスト
終局特異点 冠位時間神殿 ソロモン
終局特異点 冠位時間神殿ソロモン
終局特異点をクリアで開放
終局特異点をクリア＆絆Lv.3で開放
終局特異点をクリア＆絆Lv.4で開放
終局特異点をクリア＆霊基再臨2段階目＆絆Lv.2で開放
終局特異点をクリア＆霊基再臨2段階目＆絆Lv.3で開放
終局特異点をクリア＆霊基再臨2段階目＆絆Lv.4で開放
終局特異点をクリア＆霊基再臨2段階目＆絆Lv.5で開放
終局特異点をクリア＆霊基再臨3段階目＆絆Lv.3で開放
終局特異点をクリア＆霊基再臨3段階目＆絆Lv.5で開放
終局特異点をクリア＆霊基再臨4段階目＆絆Lv.5で開放
終局特異点クリア
＆10月28日18時00分以降に開放
終局特異点クリア
＆12月17日18時00分以降に開放
終局特異点クリア
＆1月30日18時00分以降に開放
終局特異点クリア
＆2月18日18時00分以降に開放
終局特異点クリア
＆2月21日18時00分以降に開放
終局特異点クリア
＆5月24日18時00分以降に開放
終局特異点クリア
＆6月10日18時00分以降に開放
終局特異点クリア
＆6月16日18時00分以降に開放
終局特異点クリア
＆7月4日18時00分以降に開放
終局特異点クリア
＆8月19日18時00分以降に開放
終局特異点クリア
＆8月21日18時00分以降に開放
終局特異点クリア
＆ミッションNo.100達成
＆9月30日18時00分以降に開放
終局特異点クリア
＆ミッションNo.100達成で開放
終局特異点クリア
＆ミッションNo.79達成
＆4月9日18時00分以降に開放
終局特異点クリア
＆全ミッション達成で開放
終局特異点クリアかつ10月18日18時00分以降に開放
終局特異点クリアかつ10月27日18時以降に開放
終局特異点クリアかつ2月16日18時00分以降に開放
終局特異点クリアかつ2月24日18時00分以降に開放
終局特異点クリアかつ5月3日18時以降に開放
終局特異点クリアかつ5月4日18時00分以降に開放
終局特異点クリアかつ8月17日18時00分以降に開放
終局特異点クリアかつ8月18日18時00分以降に開放
終局特異点クリアかつ9月15日18時以降に開放
終局特異点クリアかつミッションNo.100達成で開放
終局特異点クリアで開放
終局特異点クリアで開放
＆4月9日18時00分以降に開放
終局特異点クリアで開放可能
終局特異点クリア＆ミッションNo.100達成で開放
終局特異点クリア＆ミッションNo.100達成＆1月27日18時に開放
終局特異点クリア＆全ミッション達成で開放
終局特異点＆2016メモリアルクエスト（第六特異点）をクリアで開放
終局特異点＆「第七特異点 メモリアルクエスト」をクリアで開放
終局特異点＆エピローグクリアで開放
終局特異点＆全てのおまけクエストクリアで開放
終局的犯罪
終幕
終幕 その手を離し 去りゆく君へ
終幕 刻を裂くパラディオン(1/2)
終幕 刻を裂くパラディオン(2/2)
終幕 深淵への祝砲
終幕『丑御前の御本地』 【とどめ戦】
終末
終末に輝く彩虹
終末のアーチャー
終末の巫女 C
終末の火
終末幻想・少女降臨
終末観測所メツィティトラン
終点の神殿
終焉
終焉、されど想いは続く
終焉のカチューシャ
終焉の三つ首怪獣、再び来る
終焉の大木馬
終焉の騎士
終焉特権
終焉特権 C
終章
終章_序
終章_序　ダイジェスト
終節 『さらば愛しの無人島』
終節　女神と愉快な仲間達
終節「光と闇の狭間に」
終節『ホームカミング』
終節クリアかつ2月16日18時00分以降に開放
終節クリアで開放
終節：オルタ
絆の力 A
絆の力 B
絆の力 C
絆の力 D
絆の力 E
絆の力 EX
絆獲得量アップ
結び目手繰り紐解くように、
触れた先から崩れゆく。
結実する物語
結成！ 我らカルデア海援隊！
結末 酔夢からの覚醒
結界作成
結界宝具
結界／対軍宝具
絡みたくなる廊下
絡繰れぬモノ
絡繰作成 EX
絡繰外法・獅子奮迅
絡繰幻法 B+
絡繰幻法・呑牛
絡繰素体（無貌）
絢爛なりし灰燼世界
絢爛なりし蒸気の果て
絢爛の海賊姫 B+
絢爛魔界日輪城
絵が貼られた廊下
絵にも描けない美しさ
絵巻チョコレート
絶佳峡谷
絶凍のカリスマ B
絶刀 A
絶剱・無穹一閃
絶剱・無穹三段
絶叫！呪いの徐福屋敷
絶好の釣り場
絶対の代行者 EX
絶対正義セイントマルタの手配書
絶対豪運宝石圏 A
絶対豪運宝石圏準備
絶対魔獣戦線バビロニア
絶対魔獣戦線メソポタミア(Ⅰ)
絶対魔獣戦線メソポタミア(Ⅱ)
絶対魔獣戦線：
バビロニア
絶技・八岐怒濤
絶招 B
絶招 B++
絶景を眺めて空想力を育む カンヅメ級
絶景を眺めて空想力を育む コツコツ級
絶景を眺めて空想力を育む ノリノリ級
絶景を眺めて空想力を育む ノンビリ級
絶望性の過去と希望性の未来
絶望王権・混沌機構
絶滅に歓喜せよ、原住生命体
継戦 仕切り直し
継戦 茨木の意地
継戦 酒呑の記憶
継戦 酒気と休息
継戦 鬼達の事情
継戦 魔京の酒霧
継承の森
続く旅路
続・ルルハワの冒険
続編バトル1『緊急！　謎のUMA再び大追跡！』
続編バトル2『イシュタルⅡ-女神の逆襲-』
続編バトル3『サンタパニック セカンド』
続編バトル4『帰って来た天草四郎2』
維持部モール
維持部本部
維新の英雄 A
維新の英雄（奇） B
維新の龍 A
維新まんじゅう
維新まんじゅうのドロップ獲得数を1個増やす【『ぐだぐだ龍馬危機一髪！』イベント期間限定】
維新まんじゅうのドロップ獲得数アップ
綺麗な廊下
綿津見の門 A
綿飴
緊急回避
緊急早退
緊急避難エリア
緊縛の廊下
緋毛の燎原
緋色の研究
緋髄の工房
総耶高校
学生服
総耶高校学生服
緑の破音
緑の黒鍵
編み上げるもの B+
縛鎖全断・過重湖光
縮みゆく世界
縮地 B
縮地 B+
繁栄
繁華街
織田信勝
織田信長
織田吉法師
織田幕府ポイント
織田金縁丸眼鏡
繩鋸木斷、水滴石穿
繭の跡地
罪なるかな。咎なるかな。悪なるかな EX
罪の刻印
罪の剣
罪人の戦場
罪人捨て場
羅刹を穿つ不滅
羅刹王・髑髏烏帽子蘆屋道満
羅城門跡付近
羅天大醮
羅生門大怨起
羅竜の面
羅針内界/meet AI.
羊の数え歌
羊の間
美しい手のガレス B
美しきわが冥府、その道を開け
美しくも儚い花
美しすぎる皇帝チョコ
美と愛の都
美の在処
美の顕現 B
美は愛を育む
美味い酒
美味い！ 天才パティシエと危険な甘味
美貌を隠す仮面
美遊
美遊・エーデルフェルト
美遊・エーデルフェルト体験クエスト
美食の門には
群島
群雄の証跡
群雄割拠
羽化の森
翠嶺の息吹
翡翠のカリスマ A+
翡翠の髪状
翡翠紳士・血涙編
翼竜の島
耀く大樹
耀星のハサン
老いてなお
老成の翁
老練 A+
耐え難きを耐えた果て
耐毒 A
耐毒 A++
耐毒（機密） B
耽溺の芳甘 A
聖しこの青
聖なる剣のものがたり
聖なる力の宿った石。
あまたの未来を確定させる概念が結晶化したもの。
疑似霊子結晶とも呼ばれる。
聖なる夜に祝福を
聖なる山
聖なる泉
聖なる献身
聖なる者
聖エルモの火
聖ゲオルギウスの門
聖・ジョージ
聖乙女の傍らにて A
聖乙女の凱旋 EX
聖人の門
聖人連続拳
聖別の門
聖剣作成 EX
聖剣使い（星） A+
聖剣操縦 A
聖剣装填
聖剣覚醒
聖剣遙か夢の名残
聖地の争い
聖墓隠し通路
聖墓隠し通路(ミッションNo.17達成で開放)
聖夜のホワイトケーキ
聖夜の化身 EX
聖夜の御馳走、皆で楽しく
聖夜の拳闘祭
聖夜の晩餐
聖夜の極光
聖夜の絆創膏
聖夜の絆創膏のドロップ獲得数アップ
聖夜の翼ある蛇
聖夜の虹、軍神の剣
聖夜の読書
聖夜の贈り物 A
聖夜の運転者 A
聖夜を担うトナカイ帽
聖女の剣
聖女の安らぎ
聖女の教示
聖女の誓い C
聖女見習いの交換券
聖晶片
聖晶石
聖晶石のかけら。
複数集めれば聖晶石を造り上げることができる。
聖杯
聖杯の加護 A
聖杯の寵愛 A+
聖杯の雫
聖杯怪盗天草四郎
～スラップスティック・ミュージアム～
聖杯戦争/your starlit
聖杯戦線
聖杯戦線 ～ブルータスよ、おまえもか～
聖杯戦線 ～ムーンサルト・オペレーション～
聖杯戦線 ～僕のスーパー・キャメロット2021～
聖杯戦線 ～白天の城、黒夜の城～
聖杯戦線1 影の騎士
聖杯戦線2 銃火と獣
聖杯戦線2_カルデアゲート表示用
聖杯戦線3 攻略戦（夜）
聖杯戦線3 攻略戦（昼）
聖杯戦線4 天運の戦場（夜）
聖杯戦線4 天運の戦場（昼）
聖杯戦線5 封神の軍（夜）
聖杯戦線5 封神の軍（昼）
聖杯戦線6 英雄と怪物（夜）
聖杯戦線6 英雄と怪物（昼）
聖杯戦線7 影の祝祭（夜）
聖杯戦線7 影の祝祭（昼）
聖杯戦線8 ふたりのプトレマイオス
聖杯戦線9 無常の果実と久遠の光
聖杯戦線9 無常の果実と王の書庫
聖杯所持
聖杯研究所
聖槍の主
聖槍の騎士王
聖槍ロンギヌス
聖槍無間疑獄 アンティオキア
聖者の依代
聖者の招待
聖者の数字 B
聖者の数字 EX
聖者の行進
聖者の賭事
聖者の贈り物 C
聖者の贈り物 C+
聖職者の晩餐
聖都市街
聖都正門
聖騎士帝 EX
聖骸布（偽） B
聖骸布（偽） B+
聞き込み調査 ライト版 上級
聞き込み調査 ライト版 中級
聞き込み調査 ライト版 初級
聞き込み調査 上級
聞き込み調査 中級
聞き込み調査 初級
聡明叡知 EX
職分属性〔内務〕活動進行度アップ
職分属性〔内務〕活動進行度アップ合計
職分属性〔政務〕活動進行度アップ
職分属性〔政務〕活動進行度アップ合計
職分属性〔軍務〕活動進行度アップ
職分属性〔軍務〕活動進行度アップ合計
職業体験クエスト『■■■■■■■■■』
職業体験クエスト『■■■■』
職業体験クエスト『セイバー』
職業体験クエスト『ランサー』
職業体験クエスト『狩人』
職業体験クエスト『靴屋』
職業体験クエスト『音楽家』
職業体験クエスト（裏）『マフィア』
職業体験クエスト（裏）『海賊』
職業体験クエスト（裏）『裏カジノ』
職業体験クエスト（裏）『闇医者』
職業体験？クエスト『バウンティ・ハンター』
職業体験？クエスト『ブライダルコーディネーター』
職業体験？クエスト『源氏武者』
肉まん
肉弾よ、翌日から本気であれ
肉球アームリング
肉！　肉！　肉！
育て！ マイ・リトル・ドラゴン ～鱗ある者たちの見る幻想～
胃袋で倒せ
背徳の都
背鱗町
胎動せし山
胡散臭い座敷
胡散臭い秘密工場
胸やけする廊下
胸弾む廊下
脇荷蔵
腐食した廊下
腕白煎餅
腕白煎餅のドロップ獲得数アップ
腕試し『終わらない御伽噺』
腰を掛け
腹が減っては戦ができぬ
腹話術 EX
臨時保安要員の夏
臨海合宿所
臨終の庭
自動再生 A
自動扉の廊下
自動防衛装置・ハント 典位+級
自動防衛装置・ハント 典位級
自動防衛装置・ハント 祭位級
自動防衛装置・ハント 開位級
自宅
自己との戦い（比喩でなく）
自己保存 B
自己修復をオーバーブーストする
自己効果により得られる絆アップ
自己回復（魔力） A
自己回復（魔力） A+
自己回復（魔力） B
自己回復（魔力） B+
自己回復（魔力） C
自己回復（魔力） D
自己回復（魔力） E
自己回復（魔力） EX
自己変容 B+
自己変革 A
自己封印・暗黒神殿 B
自己改造 A
自己改造 C
自己改造 D
自己改造 EX
自己改造（夏） B+
自己改造（恋） EX
自己改造（愛） EX
自己暗示 A
自己進化 EX
自慢の一挺
自然の嬰児 A
自然の嬰児 B
自然の雫 B
自焼
自爆大爆発チョコ
自由なるカカワトル
自由なる闘争 EX
自由の海原
自由宙域
自画像、カルデアにて
自画像（偽）
自販機の廊下
自身が〔アサシン〕クラスの場合、〔アサシン〕クラスに与えるクリティカル時のダメージをアップ
自身が〔アサシン〕クラスの場合、〔アサシン〕クラスに与えるダメージをアップ
自身が〔アサシン〕クラスの場合、宝具で与えるダメージをアップ
自身が〔アルターエゴ〕クラスの場合、〔アルターエゴ〕クラスに与えるダメージをアップ
自身が〔アヴェンジャー〕クラスの場合、〔アヴェンジャー〕クラスに与えるダメージをアップ
自身が〔アーチャー〕クラスの場合、〔アーチャー〕クラスに与えるクリティカル時のダメージをアップ
自身が〔アーチャー〕クラスの場合、〔アーチャー〕クラスに与えるダメージをアップ
自身が〔アーチャー〕クラスの場合、宝具で与えるダメージをアップ
自身が〔キャスター〕クラスの場合、〔キャスター〕クラスに与えるクリティカル時のダメージをアップ
自身が〔キャスター〕クラスの場合、〔キャスター〕クラスに与えるダメージをアップ
自身が〔キャスター〕クラスの場合、宝具で与えるダメージをアップ
自身が〔セイバー〕クラスの場合、〔セイバー〕クラスに与えるクリティカル時のダメージをアップ
自身が〔セイバー〕クラスの場合、〔セイバー〕クラスに与えるダメージをアップ
自身が〔セイバー〕クラスの場合、宝具で与えるダメージをアップ
自身が〔バーサーカー〕クラスの場合、〔バーサカー〕クラスに与えるダメージをアップ
自身が〔バーサーカー〕クラスの場合、宝具で与えるダメージをアップ
自身が〔フォーリナー〕クラスの場合、〔フォーリナー〕クラスに与えるダメージをアップ
自身が〔プリテンダー〕クラスの場合、〔プリテンダー〕クラスに与えるダメージをアップ
自身が〔ムーンキャンサー〕クラスの場合、〔ムーンキャンサー〕クラスに与えるダメージをアップ
自身が〔ライダー〕クラスの場合、〔ライダー〕クラスに与えるクリティカル時のダメージをアップ
自身が〔ライダー〕クラスの場合、〔ライダー〕クラスに与えるダメージをアップ
自身が〔ライダー〕クラスの場合、宝具で与えるダメージをアップ
自身が〔ランサー〕クラスの場合、〔ランサー〕クラスに与えるクリティカル時のダメージをアップ
自身が〔ランサー〕クラスの場合、〔ランサー〕クラスに与えるダメージをアップ
自身が〔ランサー〕クラスの場合、宝具で与えるダメージをアップ
自身が〔ルーラー〕クラスの場合、〔ルーラー〕クラスに与えるクリティカル時のダメージをアップ
自身が〔ルーラー〕クラスの場合、〔ルーラー〕クラスに与えるダメージをアップ
自身が〔混沌〕特性を持つ場合、刻印されたカードのNP獲得量をアップ
自身が〔神性〕特性を持つ場合、宝具で与えるダメージをアップ
自身が〔秩序〕特性を持つ場合、クリティカル時のダメージをアップ
自身がやられた時、味方全体のNPを増やす
自身がやられた時、自身を除く味方全体のNPを増やす
自身がやられた時に味方全体のHPを1000回復する[最大解放]
自身がやられた時に味方全体のHPを800回復する
自身がやられた時に味方全体のNPを10%チャージする
自身がやられた時に味方全体のNPを15%チャージする[最大解放]
自身がやられた時に味方全体の防御力を20%アップ(3ターン)
自身がやられた時に味方全体の防御力を25%アップ(3ターン)[最大解放]
自身がフィールドにいる間、マスタースキルの一部の効果をアップする
自身がフィールドにいる間、マスタースキルの一部の効果を少しアップ
自身がフィールドにいる間、味方全体のHP回復量をアップ
自身がフィールドにいる間、味方全体のNP獲得量をアップ
自身がフィールドにいる間、味方全体のクリティカル威力をアップ
自身がフィールドにいる間、味方全体のスター発生率をアップ
自身がフィールドにいる間、味方全体の弱体付与成功率をアップ
自身がフィールドにいる間、味方全体の被強化成功率をアップ
自身がフィールドにいる間、味方全体の被強化成功率を少しアップ
自身がフィールドにいる間、自身を除く味方全体のArtsカード性能をアップ
自身がフィールドにいる間、自身を除く味方全体の弱体耐性をアップ
自身が使用するスキル・宝具のデメリット効果を無効化する<一部の効果を除く>
自身に1ターン後に攻撃力をアップする状態を付与(1ターン)
自身に1ターン後に攻撃力をアップする状態を付与[{0}](1ターン)
自身にArtsカードによる攻撃時に対象に防御力ダウン(3ターン)を付与する状態を付与(3ターン)
自身に「ガッツ発動時に自身の攻撃力をアップ(3ターン)する状態」を付与
自身に「ガッツ発動時または死亡時、味方全体のNPを少し増やす状態」を付与
自身に「攻撃時に対象の〔猛獣〕に低確率で強化無効状態を付与(1回・3ターン)する状態」を付与
自身に「毎ターン〔魔弾〕状態を2つ付与する状態」を付与
自身に「毎ターン味方全体のHPを回復[{0}]＆弱体状態を解除する状態」を付与(3ターン)
自身に「毎ターン味方全体のHPを回復＆弱体状態を解除する状態」を付与(3ターン)
自身に「毎ターン味方全体のNPを増やす状態」を付与＆毎ターンスター獲得状態を付与
自身に「自身の背後の味方の防御力をアップ＆クラス相性の防御不利を打ち消す状態」を付与
自身に「通常攻撃時にNPを少し増やす状態」を付与
自身に〔やけど〕特攻状態を20%付与＆NPを30%チャージした状態でバトルを開始する
自身に〔やけど〕特攻状態を25%付与＆NPを50%チャージした状態でバトルを開始する[最大解放]
自身に〔キャスター〕クラスへの特攻状態を10%付与[最大解放]
自身に〔キャスター〕クラスへの特攻状態を8%付与
自身に〔セイバー〕クラスに対する攻撃優位状態を付与
自身に〔ライダー〕クラスへの特攻状態を10%付与[最大解放]
自身に〔ライダー〕クラスへの特攻状態を8%付与
自身に〔ルーラー〕クラスに対する攻撃優位状態を付与
自身に〔ローマ〕特攻状態を付与(3ターン)
自身に〔ローマ〕特攻状態を付与[{0}](3ターン)
自身に〔人の力を持つ敵〕特攻状態を20%付与＆NPを30%チャージした状態でバトルを開始する
自身に〔人型〕特攻状態を15%付与＆NP獲得量を15%アップ
自身に〔人型〕特攻状態を20%付与＆NP獲得量を20%アップ[最大解放]
自身に〔人型〕特攻状態を25%付与
自身に〔人型〕特攻状態を30%付与[最大解放]
自身に〔人型〕特攻状態を付与(1ターン)＆クリティカル威力をアップ(1ターン)
自身に〔人型〕特攻状態を付与(3ターン)＆〔人型〕特防状態を付与(3ターン)
自身に〔人型〕特攻状態を付与[{0}](3ターン)＆〔人型〕特防状態を付与[{0}](3ターン)
自身に〔人間〕特攻状態を付与(3ターン)
自身に〔人間〕特攻状態を付与[{0}](3ターン)
自身に〔今を生きる人類〕特攻状態を付与
自身に〔呪い〕特攻状態を20%付与＆NPを30%チャージした状態でバトルを開始する
自身に〔呪い〕特攻状態を25%付与＆NPを50%チャージした状態でバトルを開始する[最大解放]
自身に〔女性〕特攻状態を25%付与＆NPを30%チャージした状態でバトルを開始する
自身に〔女性〕特攻状態を30%付与＆NPを50%チャージした状態でバトルを開始する[最大解放]
自身に〔恐怖〕無効状態を付与＆〔魅了〕無効状態を付与＆Buster攻撃耐性を少しアップ
自身に〔悪〕特攻状態を付与(3ターン)
自身に〔悪〕特攻状態を付与[{0}](3ターン)
自身に〔死霊〕特攻状態を15%付与
自身に〔死霊〕特攻状態を20%付与[最大解放]
自身に〔毒〕特攻状態を15%付与
自身に〔毒〕特攻状態を15%付与＆NP獲得量を15%アップ
自身に〔毒〕特攻状態を20%付与[最大解放]
自身に〔毒〕特攻状態を20%付与＆NP獲得量を20%アップ[最大解放]
自身に〔猛獣〕特攻状態を付与(3ターン)
自身に〔猛獣〕特攻状態を付与(3ターン)＆Quickカード性能をアップ(3ターン)
自身に〔猛獣〕特攻状態を付与[{0}](3ターン)
自身に〔猛獣〕特攻状態を付与▲(3ターン)＆スター集中度をアップ▲(3ターン)
自身に〔猛獣〕特攻状態を付与＆Artsカード性能をアップ＆弱体付与成功率をアップ
自身に〔王〕特攻状態を付与
自身に〔男性〕からのターゲットを固定する
自身に〔男性〕特攻状態を25%付与＆弱体付与成功率を12%アップ
自身に〔男性〕特攻状態を30%付与＆弱体付与成功率を15%アップ[最大解放]
自身に〔男性〕特攻状態を付与(1ターン)
自身に〔男性〕特攻状態を付与[{0}](1ターン)
自身に〔男性〕特防状態を100%付与(3回)＆スター発生率を10%アップ
自身に〔男性〕特防状態を100%付与(3回)＆スター発生率を20%アップ[最大解放]
自身に〔男性〕特防状態を15%付与する
自身に〔男性〕特防状態を15%付与＆被ダメージ時のNP獲得量を25%アップ
自身に〔男性〕特防状態を20%付与する[最大解放]
自身に〔男性〕特防状態を20%付与＆被ダメージ時のNP獲得量を30%アップ[最大解放]
自身に〔男性〕特防状態を25%付与する
自身に〔男性〕特防状態を30%付与する[最大解放]
自身に〔神性〕特攻状態を25%付与＆NPを30%チャージした状態でバトルを開始する
自身に〔神性〕特攻状態を30%付与＆NPを50%チャージした状態でバトルを開始する[最大解放]
自身に〔神性〕特攻状態を80%付与(3ターン)＆〔神性〕特防状態を40%付与(3ターン)
自身に〔神性〕特攻状態を付与(1ターン)
自身に〔神性〕特攻状態を付与(1ターン)＆〔死霊〕特攻状態を付与(1ターン)
自身に〔神性〕特攻状態を付与[{0}](1ターン)
自身に〔神性〕特攻状態を付与[{0}](1ターン)＆〔死霊〕特攻状態を付与[{0}](1ターン)
自身に〔神性と悪魔と死霊〕特攻状態を付与(1ターン)
自身に〔神性と悪魔と死霊〕特攻状態を付与[{0}](1ターン)
自身に〔秩序かつ善〕特攻状態を付与(3ターン)＆攻撃力をアップ(3ターン)
自身に〔秩序かつ善〕特攻状態を付与[{0}](3ターン)＆攻撃力をアップ[{0}](3ターン)
自身に〔竜〕特攻状態を15%付与＆Busterカード性能を8%アップ
自身に〔竜〕特攻状態を20%付与＆Busterカード性能を10%アップ[最大解放]
自身に〔竜〕特攻状態を付与(1ターン)＆NPを増やす
自身に〔竜〕特攻状態を付与(3ターン)＆〔竜〕特防状態を付与(3ターン)
自身に〔竜〕特攻状態を付与[{0}](1ターン)＆NPを増やす[{0}]
自身に〔竜〕特攻状態を付与[{0}](3ターン)＆〔竜〕特防状態を付与(3ターン)
自身に〔蛇・竜〕からのターゲットを固定する
自身に〔超巨大〕特攻状態を付与(1ターン)＆NPを増やす
自身に〔超巨大〕特攻状態を付与[{0}](1ターン)＆NPを増やす
自身に〔騎乗スキル〕特攻状態を25%付与＆NPを30%チャージした状態でバトルを開始する
自身に〔魔性〕特攻状態を15%付与
自身に〔魔性〕特攻状態を20%付与[最大解放]
自身に〔魔性〕特攻状態を25%付与＆NPを30%チャージした状態でバトルを開始する
自身に〔魔性〕特攻状態を30%付与＆NPを50%チャージした状態でバトルを開始する[最大解放]
自身に〔魔性〕特攻状態を付与(1ターン)<オーバーチャージで効果アップ>＆敵全体に強力な攻撃
自身に〔魔性〕特攻状態を付与(3ターン)▲<オーバーチャージで効果アップ>＆敵全体に強力な攻撃▲
自身にやけど無効状態を付与
自身にガッツ状態(1回・3ターン)を付与
自身にガッツ状態(1回・3ターン)を付与[{0}]
自身にガッツ状態(1回・3ターン)を付与[{0}]＆防御力をアップ[{0}](3ターン)
自身にガッツ状態(1回・3ターン)を付与＆防御力をアップ(3ターン)
自身にガッツ状態(1回・4ターン)を付与
自身にガッツ状態(1回・4ターン)を付与[{0}]
自身にガッツ状態(1回・5ターン)を付与
自身にガッツ状態(1回・5ターン)を付与 ＋ スターを獲得
自身にガッツ状態(1回・5ターン)を付与[{0}]
自身にガッツ状態(1回・5ターン)を付与[{0}] ＋ スターを獲得
自身にガッツ状態(1回・5ターン)を付与[{0}]＆NPを増やす[{0}]
自身にガッツ状態(1回・5ターン)を付与[{0}]＆最大HPをアップ[{0}](5ターン)
自身にガッツ状態(1回・5ターン)を付与▲＆NPを増やす▲
自身にガッツ状態(1回・5ターン)を付与＆NPを増やす
自身にガッツ状態(1回・5ターン)を付与＆最大HPをアップ(5ターン)
自身にガッツ状態(1回・HP1000回復)を付与[最大解放]
自身にガッツ状態(1回・HP1回復)を付与＆NP獲得量を15%アップ
自身にガッツ状態(1回・HP1回復)を付与＆NP獲得量を20%アップ[最大解放]
自身にガッツ状態(1回・HP1回復)を付与＆弱体耐性を10%アップ[最大解放]
自身にガッツ状態(1回・HP1回復)を付与＆弱体耐性を5%アップ
自身にガッツ状態(1回・HP500回復)を付与
自身にガッツ状態(2回・3ターン)を付与＆NPを増やす
自身にガッツ状態(2回・3ターン)を付与＆NPを増やす[{0}]
自身にガッツ状態を付与(1回)＆攻撃力をアップ(3ターン)
自身にガッツ状態を付与(1回・3ターン)＆HPを回復
自身にガッツ状態を付与(1回・3ターン)＆HPを回復[{0}]
自身にガッツ状態を付与(1回・3ターン)＆HPを回復＆NPを増やす▲ ＋ スターを獲得▲
自身にガッツ状態を付与(1回・3ターン)＆NPを増やす
自身にガッツ状態を付与(1回・3ターン)＆NPを増やす[{0}]
自身にガッツ状態を付与(1回・3ターン)＆NPを増やす＆弱体状態を解除
自身にガッツ状態を付与(1回・3ターン)＆NPを増やす＆攻撃力をアップ(3ターン)
自身にガッツ状態を付与(1回・3ターン)＆スター集中度をアップ(1ターン) ＋ スターを獲得
自身にガッツ状態を付与(1回・3ターン)＆弱体無効状態を付与(1回・3ターン)
自身にガッツ状態を付与(1回・3ターン)＆弱体無効状態を付与(3ターン)＆NPを増やす
自身にガッツ状態を付与(1回・3ターン)＆弱体状態を解除
自身にガッツ状態を付与(1回・3ターン)＆攻撃力をアップ(3ターン) ＋ スターを獲得
自身にガッツ状態を付与(1回・3ターン)＆毎ターンHP回復状態を付与(3ターン)
自身にガッツ状態を付与(1回・3ターン)＆無敵状態を付与(1回)
自身にガッツ状態を付与(1回・3ターン)＆無敵状態を付与(1回)＆NPを増やす▲
自身にガッツ状態を付与(1回・5ターン) ＋ 〔王〕特性の敵単体の攻撃力をダウン(1ターン)
自身にガッツ状態を付与(1回・5ターン)＆NPを増やす
自身にガッツ状態を付与(1回・5ターン)＆NPを増やす[{0}]
自身にガッツ状態を付与(1回・5ターン)＆クリティカル威力をアップ(3ターン)
自身にガッツ状態を付与(1回・HP1回復)＆Artsカード性能を10%アップ[最大解放]
自身にガッツ状態を付与(1回・HP1回復)＆Artsカード性能を8%アップ
自身にガッツ状態を付与(1回・HP1回復)＆Busterカードのクリティカル威力を25%アップ
自身にガッツ状態を付与(1回・HP1回復)＆Busterカード性能を10%アップ[最大解放]
自身にガッツ状態を付与(1回・HP1回復)＆Busterカード性能を8%アップ
自身にガッツ状態を付与(1回・HP1回復)＆HP回復量を10%アップ
自身にガッツ状態を付与(1回・HP1回復)＆HP回復量を20%アップ[最大解放]
自身にガッツ状態を付与(1回・HP1回復)＆NPを10%チャージした状態でバトルを開始する
自身にガッツ状態を付与(1回・HP1回復)＆クリティカル威力を15%アップ
自身にガッツ状態を付与(1回・HP1回復)＆クリティカル威力を20%アップ[最大解放]
自身にガッツ状態を付与(1回・HP1回復)＆ダメージを300カットする状態を付与
自身にガッツ状態を付与(1回・HP1回復)＆ダメージを400カットする状態を付与[最大解放]
自身にガッツ状態を付与(1回・HP1回復)＆宝具威力を15%アップ
自身にガッツ状態を付与(1回・HP1回復)＆宝具威力を20%アップ[最大解放]
自身にガッツ状態を付与(1回・HP1回復)＆宝具威力を5%アップ＆NP獲得量を5%アップ
自身にガッツ状態を付与(3回・5ターン)
自身にガッツ状態を付与[{0}](1回)＆攻撃力をアップ[{0}](3ターン)
自身にガッツ状態を付与[{0}](1回・3ターン)＆NPを増やす[{0}]＆弱体状態を解除
自身にガッツ状態を付与[{0}](1回・3ターン)＆弱体無効状態を付与(1回・3ターン)
自身にガッツ状態を付与[{0}](1回・3ターン)＆弱体状態を解除
自身にガッツ状態を付与[{0}](1回・3ターン)＆無敵状態を付与(1回)
自身にガッツ状態を付与[{0}](3回・5ターン)
自身にスキル封印無効状態を付与
自身にターゲットが固定される
自身にターゲットを固定する
自身にターゲット集中状態を付与(1ターン)＆NPを増やす
自身にターゲット集中状態を付与(1ターン)＆NPを増やす[{0}]
自身にターゲット集中状態を付与(1ターン)＆NP獲得量を15%アップ
自身にターゲット集中状態を付与(1ターン)＆NP獲得量を20%アップ[最大解放]
自身にターゲット集中状態を付与(1ターン)＆NP獲得量をアップ(1ターン)＆NPを増やす
自身にターゲット集中状態を付与(1ターン)＆NP獲得量を大アップ(1ターン)
自身にターゲット集中状態を付与(1ターン)＆NP獲得量を大アップ[{0}](1ターン)
自身にターゲット集中状態を付与(1ターン)＆NP獲得量アップ(3ターン)
自身にターゲット集中状態を付与(1ターン)＆NP獲得量アップ[{0}](3ターン)
自身にターゲット集中状態を付与(1ターン)＆クリティカル威力をアップ(1ターン)
自身にターゲット集中状態を付与(1ターン)＆クリティカル威力をアップ[{0}](1ターン)
自身にターゲット集中状態を付与(1ターン)＆無敵状態を付与(1ターン)＆弱体耐性を10%アップ
自身にターゲット集中状態を付与(1ターン)＆被ダメージカット状態を付与(1ターン)
自身にターゲット集中状態を付与(1ターン)＆被ダメージカット状態を付与(3回、5ターン)
自身にターゲット集中状態を付与(1ターン)＆被ダメージカット状態を付与[{0}](1ターン)
自身にターゲット集中状態を付与(1ターン)＆防御力を60%アップ(1ターン)
自身にターゲット集中状態を付与(1ターン)＆防御力を80%アップ(1ターン)[最大解放]
自身にターゲット集中状態を付与(1ターン)＆防御力をアップ(1ターン)
自身にターゲット集中状態を付与(1ターン)＆防御力をアップ[{0}](1ターン)
自身にターゲット集中状態を付与(1ターン)＆防御力を大アップ(1ターン)
自身にターゲット集中状態を付与(1ターン)＆防御力を大アップ[{0}](1ターン)
自身にターゲット集中状態を付与(3ターン)＆HP大回復
自身にターゲット集中状態を付与(3ターン)＆HP大回復[{0}]
自身にターゲット集中状態を付与(3ターン)＆攻撃力を60%アップ(3ターン)
自身にターゲット集中状態を付与(3ターン)＆攻撃力を80%アップ(3ターン)[最大解放]
自身にターゲット集中状態を付与(3ターン)＆被ダメージ時のNP獲得量をアップ(3ターン)
自身にターゲット集中状態を付与(3ターン)＆防御力をアップ(3ターン)
自身にターゲット集中状態を付与(3ターン)＆防御力をアップ[{0}](3ターン)
自身にダメージを1000カットする状態を付与(3回)
自身にダメージを100カットする状態を付与＆HP回復量を5%アップ
自身にダメージを100カットする状態を付与＆弱体耐性を5%アップ
自身にダメージを1200カットする状態を付与(3回)[最大解放]
自身にダメージを200カットする状態を付与＆HP回復量を10%アップ[最大解放]
自身にダメージを200カットする状態を付与＆弱体耐性を10%アップ[最大解放]
自身にダメージをカットする状態を付与(3回・5ターン)＆弱体無効状態を付与(3回・5ターン)
自身に与ダメージを30プラスする状態を付与
自身に与ダメージを50プラスする状態を付与[最大解放]
自身に与ダメージをアップする状態を付与(5回、5ターン) ＋ 敵単体のチャージを1減らす
自身に与ダメージプラス1000状態を付与[最大解放]
自身に与ダメージプラス100状態を付与
自身に与ダメージプラス200状態を付与[最大解放]
自身に与ダメージプラス400状態を付与＆クリティカル威力を15%アップ
自身に与ダメージプラス400状態を付与＆スター集中度を200%アップ
自身に与ダメージプラス600状態を付与＆クリティカル威力を20%アップ[最大解放]
自身に与ダメージプラス600状態を付与＆スター集中度を300%アップ[最大解放]
自身に与ダメージプラス800状態を付与
自身に与ダメージプラス状態を付与
自身に与ダメージプラス状態を付与(毎ターン効果アップ・最大＋1000)
自身に与ダメージプラス状態を付与(毎ターン効果アップ・最大＋1200)[最大解放]
自身に与ダメージプラス状態を付与＆Artsカード性能をアップ
自身に与ダメージプラス状態を付与＆Busterカード性能をアップ
自身に与ダメージプラス状態を付与＆NP獲得量を少しアップ＆スター発生率を少しアップ
自身に与ダメージプラス状態を付与＆Quickカードのクリティカル威力をアップ
自身に与ダメージプラス状態を付与＆即死付与成功率をアップ
自身に与ダメージプラス状態を付与＆即死無効状態を付与
自身に与ダメージプラス状態を付与＆宝具威力をアップ
自身に与ダメージプラス状態を付与＆弱体耐性をアップ
自身に与ダメージプラス状態を付与＆弱体耐性をアップ＆強化解除耐性をアップ
自身に与ダメージプラス状態を付与＆強化解除耐性をアップ
自身に与ダメージプラス状態を付与＆被ダメージカット状態を付与
自身に与ダメージプラス状態を付与＆魅了無効状態を付与
自身に付与される無敵効果を対粛正防御効果に変化させる
自身に呪いダメージを受けた時にHPを最低でも1残す状態を付与
自身に回避状態(1回)を付与＆Artsカード性能を2%アップ＆Busterカード性能を2%アップ
自身に回避状態(1回)を付与＆Artsカード性能を3%アップ
自身に回避状態(1回)を付与＆Artsカード性能を5%アップ[最大解放]
自身に回避状態(1回)を付与＆Busterカード性能を3%アップ
自身に回避状態(1回)を付与＆Busterカード性能を5%アップ[最大解放]
自身に回避状態(1回)を付与＆Quickカード性能を2%アップ＆Artsカード性能を2%アップ
自身に回避状態(1回)を付与＆Quickカード性能を2%アップ＆クリティカル威力を3%アップ
自身に回避状態(1回)を付与＆Quickカード性能を3%アップ
自身に回避状態(1回)を付与＆Quickカード性能を5%アップ[最大解放]
自身に回避状態(1回)を付与＆クリティカル威力を10%アップ[最大解放]
自身に回避状態(1回)を付与＆クリティカル威力を5%アップ
自身に回避状態(1回)を付与＆宝具威力を10%アップ[最大解放]
自身に回避状態(1回)を付与＆宝具威力を3%アップ＆クリティカル威力を3%アップ
自身に回避状態(1回)を付与＆宝具威力を5%アップ
自身に回避状態(1回)を付与＆宝具威力を5%アップ＆クリティカル威力を5%アップ[最大解放]
自身に回避状態(1回)を付与＆毎ターンHP100回復状態を付与[最大解放]
自身に回避状態(1回)を付与＆毎ターンHP50回復状態を付与
自身に回避状態(1回)を付与＆被クリティカル発生耐性を3%アップ
自身に回避状態(1回)を付与＆被クリティカル発生耐性を5%アップ[最大解放]
自身に回避状態(3回)を付与＆Artsカード性能を10%アップ[最大解放]
自身に回避状態(3回)を付与＆Artsカード性能を8%アップ
自身に回避状態(3回)を付与＆ダメージを300カットする状態を付与
自身に回避状態(3回)を付与＆ダメージを400カットする状態を付与[最大解放]
自身に回避状態を付与(1ターン)＆Busterカード性能をアップ(3ターン)
自身に回避状態を付与(1ターン)＆Busterカード性能をアップ[{0}](3ターン)
自身に回避状態を付与(1ターン)＆NPを増やす
自身に回避状態を付与(1ターン)＆NPを増やす[{0}]
自身に回避状態を付与(1ターン)＆NP獲得量をアップ(1ターン)
自身に回避状態を付与(1ターン)＆NP獲得量をアップ(3ターン)
自身に回避状態を付与(1ターン)＆NP獲得量をアップ[{0}](1ターン)
自身に回避状態を付与(1ターン)＆NP獲得量をアップ[{0}](3ターン)
自身に回避状態を付与(1ターン)＆Quickカード性能をアップ(3ターン)
自身に回避状態を付与(1ターン)＆Quickカード性能をアップ[{0}](3ターン)
自身に回避状態を付与(1ターン)＆クリティカル威力をアップ(1ターン)
自身に回避状態を付与(1ターン)＆クリティカル威力をアップ(3ターン)
自身に回避状態を付与(1ターン)＆クリティカル威力をアップ(3ターン) ＋ スターを大量獲得▲
自身に回避状態を付与(1ターン)＆クリティカル威力をアップ[{0}](1ターン)
自身に回避状態を付与(1ターン)＆クリティカル威力をアップ[{0}](3ターン)
自身に回避状態を付与(1ターン)＆スター発生率をアップ(1ターン)
自身に回避状態を付与(1ターン)＆スター発生率をアップ[{0}](1ターン)
自身に回避状態を付与(1ターン)＆スター集中度をアップ(1ターン)
自身に回避状態を付与(1ターン)＆スター集中度をアップ(1ターン)＆スターを獲得
自身に回避状態を付与(1ターン)＆スター集中度をアップ[{0}](1ターン)
自身に回避状態を付与(1ターン)＆弱体無効状態を付与(1ターン) ＋ スターを獲得
自身に回避状態を付与(1ターン)＆弱体無効状態を付与(1ターン) ＋ スターを獲得[{0}]
自身に回避状態を付与(1ターン)＆必中状態を付与(1ターン)＆宝具威力をアップ(3ターン)
自身に回避状態を付与(1ターン)＆攻撃力をアップ(1ターン)
自身に回避状態を付与(1ターン)＆攻撃力をアップ[{0}](1ターン)
自身に回避状態を付与(1ターン)＆防御力をアップ(3ターン)
自身に回避状態を付与(1ターン)＆防御力をアップ[{0}](3ターン)
自身に回避状態を付与(1回)＆HP回復量を10%アップ＆弱体付与成功率を5%アップ[最大解放]
自身に回避状態を付与(1回)＆HP回復量を5%アップ＆弱体付与成功率を3%アップ
自身に回避状態を付与(1回)＆Quickカード性能を10%アップ[最大解放]
自身に回避状態を付与(1回)＆Quickカード性能を8%アップ
自身に回避状態を付与(1回)＆クリティカル威力を3%アップ＆NP獲得量を3%アップ
自身に回避状態を付与(1回)＆クリティカル威力を5%アップ＆NP獲得量を5%アップ[最大解放]
自身に回避状態を付与(1回)＆クリティカル威力をアップ(1ターン)
自身に回避状態を付与(1回)＆クリティカル威力をアップ[{0}](1ターン)
自身に回避状態を付与(1回)＆弱体耐性を10%アップする[最大解放]
自身に回避状態を付与(1回)＆弱体耐性を5%アップする
自身に回避状態を付与(1回)＆毎ターンスター1個獲得状態を付与
自身に回避状態を付与(1回)＆毎ターンスター2個獲得状態を付与[最大解放]
自身に回避状態を付与(1回)＆自身のスター発生率を15%アップする
自身に回避状態を付与(1回)＆自身のスター発生率を20%アップする[最大解放]
自身に回避状態を付与(2回)＆防御力をアップ(3ターン)
自身に回避状態を付与(2回)＆防御力をアップ[{0}](3ターン)
自身に回避状態を付与(2回・3ターン) ＋ スターを獲得
自身に回避状態を付与(2回・3ターン) ＋ スターを獲得[{0}]
自身に回避状態を付与(2回・3ターン)＆NPを増やす▲ ＋ スターを獲得
自身に回避状態を付与(2回・3ターン)＆強化解除耐性をアップ(3ターン)＆NPを増やす
自身に回避状態を付与(2回・3ターン)＆被クリティカル発生耐性をアップ(3ターン)
自身に回避状態を付与(2回・3ターン)＆被クリティカル発生耐性をアップ[{0}](3ターン)
自身に回避状態を付与(2回・3ターン)＆被ダメージカット状態を付与(3回・3ターン)
自身に回避状態を付与(2回・3ターン)＆被ダメージカット状態を付与[{0}](3回・3ターン)
自身に回避状態を付与(3回)＆スター発生率をアップ(3ターン)
自身に回避状態を付与(3回)＆スター発生率をアップ[{0}](3ターン)
自身に回避状態を付与(3回)＆防御力をアップ(3ターン)
自身に回避状態を付与(3回)＆防御力をアップ[{0}](3ターン)
自身に回避状態を付与(3回・3ターン)＆クリティカル威力をアップ(3ターン▲)＆NPを増やす▲
自身に回避状態を付与(3回・3ターン)＆クリティカル威力をアップ(3回・3ターン)
自身に回避状態を付与(3回・3ターン)＆クリティカル威力をアップ[{0}](3回・3ターン)
自身に大魔女による豚化無効状態を付与＆Artsカード性能をアップ
自身に弱体無効状態(1回)を付与＆NP獲得量を15%アップ
自身に弱体無効状態(1回)を付与＆NP獲得量を20%アップ[最大解放]
自身に弱体無効状態(1回)を付与＆被ダメージを300カットする状態を付与
自身に弱体無効状態(1回)を付与＆被ダメージを400カットする状態を付与[最大解放]
自身に弱体無効状態(1回)を付与＆防御力を10%アップする[最大解放]
自身に弱体無効状態(1回)を付与＆防御力を8%アップする
自身に弱体無効状態(3回)を付与＆Artsカード性能を10%アップ[最大解放]
自身に弱体無効状態(3回)を付与＆Artsカード性能を8%アップ
自身に弱体無効状態(3回)を付与＆NP獲得量を15%アップする
自身に弱体無効状態(3回)を付与＆NP獲得量を20%アップする[最大解放]
自身に弱体無効状態(3回)を付与＆宝具威力を15%アップ
自身に弱体無効状態(3回)を付与＆宝具威力を20%アップ[最大解放]
自身に弱体無効状態を付与(1回)＆HPを回復
自身に弱体無効状態を付与(1回)＆HPを回復[{0}]
自身に弱体無効状態を付与(3ターン)＆毎ターンNP獲得状態を付与(3ターン)
自身に弱体無効状態を付与(3ターン)＆毎ターンNP獲得状態を付与[{0}](3ターン)
自身に弱体無効状態を付与(3回)
自身に弱体耐性無視状態を付与
自身に必中状態を付与&Artsカード性能を5%アップ＆Busterカード性能を5%アップ
自身に必中状態を付与&NP獲得量を15%アップ
自身に必中状態を付与&NP獲得量を20%アップ[最大解放]
自身に必中状態を付与&クリティカル威力を15%アップ&毎ターンスター3個獲得状態を付与
自身に必中状態を付与(1ターン)＆クリティカル威力をアップ(1ターン)
自身に必中状態を付与(1ターン)＆クリティカル威力をアップ[{0}](1ターン)
自身に必中状態を付与(1ターン)＆スター集中度をアップ(1ターン)
自身に必中状態を付与(1ターン)＆スター集中度をアップ[{0}](1ターン)
自身に必中状態を付与(1ターン)＆回避状態を付与(1ターン)＆スターを獲得
自身に必中状態を付与(1ターン)＆回避状態を付与(1ターン)＆スターを獲得[{0}]
自身に必中状態を付与(3ターン)＆NPを増やす▲ ＋ スターを獲得
自身に必中状態を付与(3ターン)＆スター獲得
自身に必中状態を付与(3ターン)＆スター獲得[{0}]
自身に必中状態を付与(3ターン)＆スター発生率をアップ(3ターン)
自身に必中状態を付与(3ターン)＆スター発生率をアップ[{0}](3ターン)
自身に必中状態を付与＆Artsカード性能を2%アップ＆Busterカード性能を2%アップ
自身に必中状態を付与＆Artsカード性能を5%アップ＆NP獲得量を5%アップ
自身に必中状態を付与＆Artsカード性能を8%アップ＆NP獲得量を10%アップ[最大解放]
自身に必中状態を付与＆Busterカード性能を10%アップ[最大解放]
自身に必中状態を付与＆Busterカード性能を3%アップ
自身に必中状態を付与＆Busterカード性能を5%アップ[最大解放]
自身に必中状態を付与＆Busterカード性能を8%アップ
自身に必中状態を付与＆NP獲得量を10%アップ[最大解放]
自身に必中状態を付与＆NP獲得量を5%アップ
自身に必中状態を付与＆Quickカード性能を2%アップ＆Artsカード性能を2%アップ
自身に必中状態を付与＆Quickカード性能を5%アップ＆NP獲得量を5%アップ
自身に必中状態を付与＆Quickカード性能を8%アップ＆NP獲得量を10%アップ[最大解放]
自身に必中状態を付与＆クリティカル威力を15%アップ
自身に必中状態を付与＆クリティカル威力を20%アップ[最大解放]
自身に必中状態を付与＆クリティカル威力を3%アップ
自身に必中状態を付与＆クリティカル威力を5%アップ[最大解放]
自身に必中状態を付与＆スター発生率を2%アップ＆クリティカル威力を2%アップ
自身に必中状態を付与＆スター発生率を3%アップ＆クリティカル威力を3%アップ[最大解放]
自身に必中状態を付与＆スター集中度を100%アップ[最大解放]
自身に必中状態を付与＆スター集中度を50%アップ
自身に必中状態を付与＆宝具威力を10%アップ＆NPを30%チャージした状態でバトルを開始する
自身に必中状態を付与＆毎ターンHP100回復状態を付与[最大解放]
自身に必中状態を付与＆毎ターンHP50回復状態を付与
自身に必中状態を付与＆毎ターンNP3%獲得状態を付与＆魅了耐性が10%ダウン【デメリット】
自身に必中状態を付与＆毎ターンスター1個獲得状態を付与
自身に必中状態を付与＆毎ターンスター2個獲得状態を付与[最大解放]
自身に必中状態を付与＆自身のArtsカードの性能を10%アップする[最大解放]
自身に必中状態を付与＆自身のArtsカードの性能を8%アップする
自身に必中状態を付与＆自身のQuickカードの性能を10%アップする[最大解放]
自身に必中状態を付与＆自身のQuickカードの性能を8%アップする
自身に必中状態付与＆与ダメージプラス400状態を付与＆ダメージを200カットする状態を付与
自身に恐怖・混乱・スキル封印無効状態を付与
自身に最大HP上昇効果を毎ターン付与(毎ターン+200・最大+3000)
自身に最大HP上昇効果を毎ターン付与(毎ターン+300・最大+3000)[最大解放]
自身に毎ターンHP100回復状態を付与
自身に毎ターンHP100回復状態を付与する
自身に毎ターンHP100回復状態を付与＆Artsカード性能を5%アップ[最大解放]
自身に毎ターンHP100回復状態を付与＆Busterカード性能を5%アップ[最大解放]
自身に毎ターンHP100回復状態を付与＆NP獲得量を10%アップ[最大解放]
自身に毎ターンHP100回復状態を付与＆Quickカード性能を5%アップ[最大解放]
自身に毎ターンHP100回復状態を付与＆クリティカル威力を10%アップ[最大解放]
自身に毎ターンHP100回復状態を付与＆宝具威力を10%アップ[最大解放]
自身に毎ターンHP100回復状態を付与＆被ダメージを200カットする状態を付与[最大解放]
自身に毎ターンHP200回復状態を付与する[最大解放]
自身に毎ターンHP200回復状態を付与＆Artsカード性能を8%アップ
自身に毎ターンHP200回復状態を付与＆NP獲得量を15%アップ
自身に毎ターンHP200回復状態を付与＆宝具威力を15%アップ
自身に毎ターンHP200回復状態を付与＆攻撃力を10%ダウン【デメリット】
自身に毎ターンHP200回復状態を付与＆毎ターンNP3%獲得状態を付与
自身に毎ターンHP300回復状態を付与[最大解放]＆攻撃力を10%ダウン【デメリット】
自身に毎ターンHP300回復状態を付与＆Artsカード性能を10%アップ[最大解放]
自身に毎ターンHP300回復状態を付与＆NP獲得量を20%アップ[最大解放]
自身に毎ターンHP300回復状態を付与＆宝具威力を20%アップ[最大解放]
自身に毎ターンHP300回復状態を付与＆毎ターンNP4%獲得状態を付与[最大解放]
自身に毎ターンHP30回復状態を付与する
自身に毎ターンHP42回復状態を付与する
自身に毎ターンHP500回復状態を付与する
自身に毎ターンHP50回復状態を付与する[最大解放]
自身に毎ターンHP50回復状態を付与＆Artsカード性能を3%アップ
自身に毎ターンHP50回復状態を付与＆Busterカード性能を3%アップ
自身に毎ターンHP50回復状態を付与＆NP獲得量を5%アップ
自身に毎ターンHP50回復状態を付与＆Quickカード性能を3%アップ
自身に毎ターンHP50回復状態を付与＆クリティカル威力を5%アップ
自身に毎ターンHP50回復状態を付与＆宝具威力を5%アップ
自身に毎ターンHP50回復状態を付与＆毎ターンスター1個獲得状態を付与＆NP獲得量を3%アップ
自身に毎ターンHP50回復状態を付与＆被ダメージを100カットする状態を付与
自身に毎ターンHP750回復状態を付与する[最大解放]
自身に毎ターンHP回復状態を付与
自身に毎ターンHP回復状態を付与(5ターン)
自身に毎ターンHP回復状態を付与(5ターン)＆強化解除耐性をアップ(1ターン)
自身に毎ターンHP回復状態を付与[{0}](5ターン)
自身に毎ターンHP回復状態を付与[{0}][g][o]▲[/o][/g](5ターン)
自身に毎ターンHP回復状態を付与▲(5ターン)
自身に毎ターンNP1%獲得状態を付与する
自身に毎ターンNP1%獲得状態を付与＆Artsカード性能を2%アップ＆NP獲得量を3%アップ
自身に毎ターンNP1%獲得状態を付与＆Artsカード性能を3%アップ
自身に毎ターンNP1%獲得状態を付与＆NP獲得量を3%アップ＆宝具威力を3%アップ
自身に毎ターンNP1%獲得状態を付与＆NP獲得量を5%アップ
自身に毎ターンNP1%獲得状態を付与＆クリティカル威力を3%アップ＆宝具威力を3%アップ
自身に毎ターンNP1%獲得状態を付与＆宝具威力を5%アップ
自身に毎ターンNP1%獲得状態を付与＆弱体耐性を5%アップする
自身に毎ターンNP1%獲得状態を付与＆被ダメージを100カットする状態を付与
自身に毎ターンNP10%獲得状態を付与する[最大解放]
自身に毎ターンNP2%獲得状態を付与する
自身に毎ターンNP2%獲得状態を付与＆Artsカード性能を5%アップ[最大解放]
自身に毎ターンNP2%獲得状態を付与＆NP獲得量を10%アップ[最大解放]
自身に毎ターンNP2%獲得状態を付与＆NP獲得量を5%アップ＆宝具威力を5%アップ[最大解放]
自身に毎ターンNP2%獲得状態を付与＆宝具威力を10%アップ[最大解放]
自身に毎ターンNP2%獲得状態を付与＆弱体耐性を10%アップする[最大解放]
自身に毎ターンNP2%獲得状態を付与＆被ダメージを200カットする状態を付与[最大解放]
自身に毎ターンNP3%獲得状態を付与&NP獲得量を5%アップ＆宝具威力を5%アップ
自身に毎ターンNP3%獲得状態を付与する[最大解放]
自身に毎ターンNP3%獲得状態を付与＆Artsカード性能を3%アップ＆NP獲得量を5%アップ
自身に毎ターンNP3%獲得状態を付与＆Artsカード性能を3%アップ＆宝具威力を10%アップ
自身に毎ターンNP3%獲得状態を付与＆Artsカード性能を3%アップ＆弱体耐性を5%アップ
自身に毎ターンNP3%獲得状態を付与＆Artsカード性能を3%アップ＆強化解除耐性を5%アップ
自身に毎ターンNP3%獲得状態を付与＆Busterカード性能を3%アップ＆宝具威力を10%アップ
自身に毎ターンNP3%獲得状態を付与＆HP回復量を15%アップ
自身に毎ターンNP3%獲得状態を付与＆NP獲得量を5%アップ＆クリティカル威力を5%アップ
自身に毎ターンNP3%獲得状態を付与＆Quickカード性能を3%アップ＆NP獲得量を5%アップ
自身に毎ターンNP3%獲得状態を付与＆Quickカード性能を3%アップ＆宝具威力を10%アップ
自身に毎ターンNP3%獲得状態を付与＆〔蛇・竜〕特攻状態を15%付与
自身に毎ターンNP3%獲得状態を付与＆宝具使用時にチャージ段階を1段階分上げる(1回)
自身に毎ターンNP3%獲得状態を付与＆宝具威力を15%アップ
自身に毎ターンNP3%獲得状態を付与＆宝具威力を5%アップ＆クリティカル威力を5%アップ
自身に毎ターンNP4%獲得状態を付与＆Artsカードの性能を10%アップ
自身に毎ターンNP4%獲得状態を付与＆Artsカード性能を8%アップ＆宝具威力を15%アップ
自身に毎ターンNP4%獲得状態を付与＆Busterカードの性能を10%アップ
自身に毎ターンNP4%獲得状態を付与＆Busterカード性能を5%アップ＆NP獲得量を3%アップ
自身に毎ターンNP4%獲得状態を付与＆HP回復量を20%アップ[最大解放]
自身に毎ターンNP4%獲得状態を付与＆NP獲得量を10%アップ
自身に毎ターンNP4%獲得状態を付与＆NP獲得量を10%アップ＆宝具威力を10%アップ
自身に毎ターンNP4%獲得状態を付与＆NP獲得量を5%アップ＆スター集中度を50%アップ
自身に毎ターンNP4%獲得状態を付与＆Quickカードの性能を10%アップ
自身に毎ターンNP4%獲得状態を付与＆Quickカード性能を3%アップ＆宝具威力を5%アップ
自身に毎ターンNP4%獲得状態を付与＆〔蛇・竜〕特攻状態を20%付与[最大解放]
自身に毎ターンNP4%獲得状態を付与＆クリティカル威力を10%アップ
自身に毎ターンNP4%獲得状態を付与＆スター発生率を10%アップ
自身に毎ターンNP4%獲得状態を付与＆スター集中度を100%アップ
自身に毎ターンNP4%獲得状態を付与＆宝具威力を10%アップ
自身に毎ターンNP4%獲得状態を付与＆宝具威力を15%アップ＆クリティカル威力を15%アップ
自身に毎ターンNP4%獲得状態を付与＆宝具威力を15%アップ＆弱体無効状態(1回)を付与
自身に毎ターンNP4%獲得状態を付与＆宝具威力を15%アップ＆被クリティカル発生耐性を5%アップ
自身に毎ターンNP4%獲得状態を付与＆宝具威力を20%アップ[最大解放]
自身に毎ターンNP4%獲得状態を付与＆宝具威力を25%アップ
自身に毎ターンNP4%獲得状態を付与＆弱体耐性を10%アップ
自身に毎ターンNP4%獲得状態を付与＆被ダメージを300カットする状態を付与
自身に毎ターンNP5%獲得状態を付与＆Artsカードの性能を12%アップ[最大解放]
自身に毎ターンNP5%獲得状態を付与＆Busterカードの性能を12%アップ[最大解放]
自身に毎ターンNP5%獲得状態を付与＆NP獲得量を15%アップ[最大解放]
自身に毎ターンNP5%獲得状態を付与＆Quickカードの性能を12%アップ[最大解放]
自身に毎ターンNP5%獲得状態を付与＆クリティカル威力を15%アップ[最大解放]
自身に毎ターンNP5%獲得状態を付与＆スター発生率を15%アップ[最大解放]
自身に毎ターンNP5%獲得状態を付与＆スター集中度を200%アップ[最大解放]
自身に毎ターンNP5%獲得状態を付与＆宝具威力を15%アップ[最大解放]
自身に毎ターンNP5%獲得状態を付与＆宝具威力を30%アップ[最大解放]
自身に毎ターンNP5%獲得状態を付与＆弱体耐性を15%アップ[最大解放]
自身に毎ターンNP5%獲得状態を付与＆被ダメージを400カットする状態を付与[最大解放]
自身に毎ターンNP8%獲得状態を付与する
自身に毎ターンNP獲得状態を付与
自身に毎ターンNP獲得状態を付与(3ターン) ＋ スターを獲得
自身に毎ターンNP獲得状態を付与(3ターン)＆弱体状態を解除
自身に毎ターンNP獲得状態を付与(3ターン)＆毎ターンスター獲得状態を付与(3ターン)
自身に毎ターンNP獲得状態を付与(3ターン)＆被ダメージ時のNP獲得量をアップ(3ターン)
自身に毎ターンNP獲得状態を付与(5ターン)＆弱体無効状態を付与(1ターン)
自身に毎ターンNP獲得状態を付与[{0}](3ターン) ＋ スターを獲得[{0}]
自身に毎ターンNP獲得状態を付与[{0}](3ターン)＆弱体状態を解除
自身に毎ターンNP獲得状態を付与[{0}](5ターン)＆弱体無効状態を付与(1ターン)
自身に毎ターンスター10個獲得状態を付与[最大解放]
自身に毎ターンスター1個獲得状態を付与
自身に毎ターンスター1個獲得状態を付与＆Artsカードの性能を3%アップ
自身に毎ターンスター1個獲得状態を付与＆Busterカードの性能を3%アップ
自身に毎ターンスター1個獲得状態を付与＆NPを10%チャージした状態でバトルを開始する
自身に毎ターンスター1個獲得状態を付与＆NP獲得量を3%アップ＆クリティカル威力を3%アップ
自身に毎ターンスター1個獲得状態を付与＆NP獲得量を3%アップ＆宝具威力を3%アップ
自身に毎ターンスター1個獲得状態を付与＆NP獲得量を3%アップ＆弱体耐性を3%アップ
自身に毎ターンスター1個獲得状態を付与＆NP獲得量を3%アップ＆被強化成功率を3%アップ
自身に毎ターンスター1個獲得状態を付与＆NP獲得量を5%アップ
自身に毎ターンスター1個獲得状態を付与＆Quickカード性能を3%アップ
自身に毎ターンスター1個獲得状態を付与＆〔竜〕特攻状態を8%付与
自身に毎ターンスター1個獲得状態を付与＆クリティカル威力を3%アップ＆宝具威力を3%アップ
自身に毎ターンスター1個獲得状態を付与＆スター発生率を10%アップ
自身に毎ターンスター1個獲得状態を付与＆宝具威力を5%アップ
自身に毎ターンスター1個獲得状態を付与＆弱体耐性を5%アップ
自身に毎ターンスター2個獲得状態を付与＆Artsカードの性能を5%アップ[最大解放]
自身に毎ターンスター2個獲得状態を付与＆Busterカードの性能を5%アップ[最大解放]
自身に毎ターンスター2個獲得状態を付与＆NP獲得量を10%アップ[最大解放]
自身に毎ターンスター2個獲得状態を付与＆NP獲得量を5%アップ＆宝具威力を5%アップ[最大解放]
自身に毎ターンスター2個獲得状態を付与＆NP獲得量を5%アップ＆弱体耐性を5%アップ[最大解放]
自身に毎ターンスター2個獲得状態を付与＆Quickカード性能を5%アップ[最大解放]
自身に毎ターンスター2個獲得状態を付与＆〔竜〕特攻状態を10%付与[最大解放]
自身に毎ターンスター2個獲得状態を付与＆クリティカル威力をアップ
自身に毎ターンスター2個獲得状態を付与＆クリティカル威力を少しアップ
自身に毎ターンスター2個獲得状態を付与＆スター発生率を15%アップ[最大解放]
自身に毎ターンスター2個獲得状態を付与＆宝具威力を10%アップ[最大解放]
自身に毎ターンスター2個獲得状態を付与＆弱体耐性を10%アップ[最大解放]
自身に毎ターンスター2個獲得状態を付与＆弱体耐性を15%アップ
自身に毎ターンスター2個獲得状態を付与＆弱体耐性をアップ
自身に毎ターンスター2個獲得状態を付与＆毎ターンNP2%獲得状態を付与
自身に毎ターンスター3個獲得状態を付与＆Busterカードの性能を10%アップ
自身に毎ターンスター3個獲得状態を付与＆NPを30%チャージした状態でバトルを開始する
自身に毎ターンスター3個獲得状態を付与＆宝具使用時にチャージ段階を1段階分上げる(1回)
自身に毎ターンスター3個獲得状態を付与＆弱体耐性を20%アップ[最大解放]
自身に毎ターンスター3個獲得状態を付与＆毎ターンNP3%獲得状態を付与[最大解放]
自身に毎ターンスター4個獲得状態を付与＆Busterカードの性能を15%アップ[最大解放]
自身に毎ターンスター4個獲得状態を付与＆毎ターンNP獲得状態を付与
自身に毎ターンスター5個獲得状態を付与＆毎ターンNP獲得状態を付与
自身に毎ターンスター6個獲得状態を付与＆クリティカル威力を15%アップ
自身に毎ターンスター6個獲得状態を付与＆宝具使用時にチャージ段階を2段階分上げる(1回)
自身に毎ターンスター8個獲得状態を付与
自身に毎ターンスター8個獲得状態を付与＆クリティカル威力を20%アップ[最大解放]
自身に毎ターンスターを1個獲得状態を付与&クリティカル威力を5%アップ
自身に毎ターンスターを2個獲得する状態を付与＆宝具威力を10%アップ
自身に毎ターンスターを2個獲得状態を付与&クリティカル威力を10%アップ[最大解放]
自身に毎ターンスターを3個獲得する状態を付与＆宝具威力を15%アップ[最大解放]
自身に毎ターンスター獲得状態を付与(3ターン)
自身に毎ターンスター獲得状態を付与(3ターン)
＆HPを回復
自身に毎ターンスター獲得状態を付与(3ターン)＆Busterカード性能をアップ(3ターン)
自身に毎ターンスター獲得状態を付与(3ターン)＆NPを増やす
自身に毎ターンスター獲得状態を付与(3ターン)＆クリティカル威力をアップ(3ターン)
自身に毎ターンスター獲得状態を付与(3ターン)＆クリティカル威力をアップ(3回・5ターン)
自身に毎ターンスター獲得状態を付与(3ターン)＆ターゲット集中状態を付与(1ターン)
自身に毎ターンスター獲得状態を付与(3ターン)＆毎ターンHP回復状態を付与(3ターン)
自身に毎ターンスター獲得状態を付与(3ターン)＆無敵貫通状態を付与(3ターン)
自身に毎ターンスター獲得状態を付与(3ターン)＆防御力をアップ(3ターン)
自身に毎ターンスター獲得状態を付与(3ターン)＆防御力をダウン【デメリット】
自身に毎ターンスター獲得状態を付与(5ターン)＆毎ターンNP獲得状態を付与(5ターン)
自身に毎ターンスター獲得状態を付与(5ターン)＆確率[{0}]で宝具威力をアップ(1ターン)
自身に毎ターンスター獲得状態を付与(5ターン)＆確率で宝具威力をアップ(1ターン)
自身に毎ターンスター獲得状態を付与[{0}](3ターン)
自身に毎ターンスター獲得状態を付与[{0}](3ターン)
＆HPを回復[{0}]
自身に毎ターンスター獲得状態を付与[{0}](3ターン)＆NPを増やす[{0}]
自身に毎ターンスター獲得状態を付与[{0}](3ターン)＆ターゲット集中状態を付与(1ターン)
自身に毎ターンスター獲得状態を付与[{0}](3ターン)＆無敵貫通状態を付与(3ターン)
自身に毎ターンスター獲得状態を付与[{0}](3ターン)＆防御力をアップ[{0}](3ターン)
自身に毎ターンスター獲得状態を付与[{0}](3ターン)＆防御力をダウン【デメリット】
自身に毎ターン確率でHP1000回復状態を付与[最大解放]
自身に毎ターン確率でHP750回復状態を付与
自身に毎ターン確率でNP12%獲得状態を付与＆毎ターンHP500減少状態を付与【デメリット】
自身に毒・やけど無効状態を付与
自身に毒・呪い無効状態を付与
自身に毒無効状態を付与
自身に無敵状態(2回)を付与＆Artsカード性能を10%アップ
自身に無敵状態(2回)を付与＆Artsカード性能を15%アップ[最大解放]
自身に無敵状態(2回)を付与＆Artsカード性能を8%アップ＆Busterカード性能を8%アップ
自身に無敵状態(2回)を付与＆Busterカード性能を10%アップ
自身に無敵状態(2回)を付与＆Busterカード性能を15%アップ[最大解放]
自身に無敵状態(2回)を付与＆NP獲得量を15%アップ
自身に無敵状態(2回)を付与＆NP獲得量を20%アップ[最大解放]
自身に無敵状態(2回)を付与＆Quickカード性能を10%アップ
自身に無敵状態(2回)を付与＆Quickカード性能を15%アップ[最大解放]
自身に無敵状態(2回)を付与＆クリティカル威力を15%アップ
自身に無敵状態(2回)を付与＆クリティカル威力を20%アップ[最大解放]
自身に無敵状態(2回)を付与＆宝具威力を15%アップ＆NP獲得量を5%アップ
自身に無敵状態(2回)を付与＆宝具威力を15%アップ＆クリティカル威力を5%アップ
自身に無敵状態(2回)を付与＆宝具威力を20%アップ＆NP獲得量を10%アップ[最大解放]
自身に無敵状態(2回)を付与＆宝具威力を20%アップ＆クリティカル威力を10%アップ[最大解放]
自身に無敵状態(2回)を付与＆宝具威力を25%アップ
自身に無敵状態(2回)を付与＆宝具威力を30%アップ[最大解放]
自身に無敵状態(2回)を付与＆被ダメージを300カットする状態を付与
自身に無敵状態(2回)を付与＆被ダメージを400カットする状態を付与[最大解放]
自身に無敵状態(2回・5ターン)を付与＆防御力をアップ(3ターン)
自身に無敵状態(2回・5ターン)を付与＆防御力をアップ[{0}](3ターン)
自身に無敵状態(3回)を付与＆強化解除耐性を10%アップ
自身に無敵状態(3回)を付与＆強化解除耐性を20%アップ[最大解放]
自身に無敵状態を3回付与＆与ダメージプラス200状態を付与
自身に無敵状態を3回付与＆与ダメージプラス500状態を付与[最大解放]
自身に無敵状態を付与(1ターン) ＋ 味方全体に被ダメージカット状態を付与(3回・3ターン)
自身に無敵状態を付与(1ターン) ＋ 敵全体の攻撃力をダウン(3ターン)＆強化状態を解除
自身に無敵状態を付与(1ターン)＆HPを回復
自身に無敵状態を付与(1ターン)＆HPを回復[{0}]
自身に無敵状態を付与(1ターン)＆NPを増やす
自身に無敵状態を付与(1ターン)＆NPを増やす[{0}]
自身に無敵状態を付与(1ターン)＆NP獲得量を25%アップ
自身に無敵状態を付与(1ターン)＆NP獲得量を30%アップ[最大解放]
自身に無敵状態を付与(1ターン)＆NP獲得量をアップ(1ターン)
自身に無敵状態を付与(1ターン)＆NP獲得量をアップ(3ターン)
自身に無敵状態を付与(1ターン)＆NP獲得量をアップ(3ターン)＆NPを増やす▲
自身に無敵状態を付与(1ターン)＆NP獲得量をアップ[{0}](1ターン)
自身に無敵状態を付与(1ターン)＆NP獲得量をアップ[{0}](3ターン)
自身に無敵状態を付与(1ターン)＆スター発生率をアップ(3ターン)＆弱体状態を解除
自身に無敵状態を付与(1ターン)＆スター発生率をアップ[{0}](3ターン)＆弱体状態を解除
自身に無敵状態を付与(1ターン)＆弱体状態を解除＆スター獲得
自身に無敵状態を付与(1ターン)＆弱体状態を解除＆スター獲得[{0}]
自身に無敵状態を付与(1ターン)＆強化解除耐性をアップ(1ターン)
自身に無敵状態を付与(1ターン)＆強化解除耐性をアップ(1ターン) ＋ スターを獲得
自身に無敵状態を付与(1ターン)＆強化解除耐性をアップ(1ターン)＆防御力をアップ(3ターン)
自身に無敵状態を付与(1ターン)＆強化解除耐性をアップ[{0}](1ターン)
自身に無敵状態を付与(1ターン)＆自身の攻撃力をアップ(1ターン)
自身に無敵状態を付与(1ターン)＆自身の攻撃力をアップ[{0}](1ターン)
自身に無敵状態を付与(1ターン)＆防御力をアップ(1ターン)＆NPを増やす
自身に無敵状態を付与(1ターン)＆防御力をアップ[{0}](1ターン)＆NPを増やす[{0}]
自身に無敵状態を付与(2回・3ターン) ＋ 味方全体の攻撃力をアップ(3ターン)
自身に無敵状態を付与(2回・3ターン) ＋ 味方全体の攻撃力をアップ[{0}](3ターン)
自身に無敵状態を付与(2回・3ターン)＆NPを増やす ＋ スターを獲得
自身に無敵状態を付与(2回・3ターン)＆NPを増やす[{0}] ＋ スターを獲得
自身に無敵状態を付与(2回・3ターン)＆NPを増やす＆NP獲得量をアップ(3ターン)
自身に無敵状態を付与(2回・3ターン)＆NP獲得量をアップ(3ターン)
自身に無敵状態を付与(2回・3ターン)＆NP獲得量をアップ[{0}](3ターン)
自身に無敵状態を付与(3回)＆弱体耐性をアップ(3ターン)
自身に無敵状態を付与(3回)＆弱体耐性をアップ[{0}](3ターン)
自身に無敵状態を付与(3回)＆弱体耐性を大アップ(3回)
自身に無敵状態を付与(3回)＆弱体耐性を大アップ[{0}](3回)
自身に無敵状態を付与(3回)＆毎ターンHP回復状態を付与(5ターン)
自身に無敵状態を付与(3回)＆毎ターンHP回復状態を付与[{0}](5ターン)
自身に無敵状態を付与▲(1ターン) ＋ スターを大量獲得▲
自身に無敵貫通効果を付与＆Quickカードの性能を10%アップ[最大解放]
自身に無敵貫通効果を付与＆Quickカードの性能を8%アップ
自身に無敵貫通状態を付与(1ターン)＆Artsカード性能をアップ(1ターン)
自身に無敵貫通状態を付与(1ターン)＆Artsカード性能をアップ(1ターン) ＋ スターを獲得▲
自身に無敵貫通状態を付与(1ターン)＆Artsカード性能をアップ[{0}](1ターン)
自身に無敵貫通状態を付与(1ターン)＆Busterカード性能をアップ(1ターン)
自身に無敵貫通状態を付与(1ターン)＆Busterカード性能をアップ[{0}](1ターン)
自身に無敵貫通状態を付与(1ターン)＆NPを獲得＆〔人類の脅威〕特攻状態を付与(1ターン)
自身に無敵貫通状態を付与(1ターン)＆Quickカード性能をアップ(1ターン)
自身に無敵貫通状態を付与(1ターン)＆Quickカード性能をアップ[{0}](1ターン)
自身に無敵貫通状態を付与(1ターン)＆クリティカル威力をアップ(1ターン)
自身に無敵貫通状態を付与(1ターン)＆クリティカル威力をアップ[{0}](1ターン)
自身に無敵貫通状態を付与(1ターン)＆スター集中度をアップ(1ターン)
自身に無敵貫通状態を付与(1ターン)＆スター集中度をアップ[{0}](1ターン)
自身に無敵貫通状態を付与(1ターン)＆攻撃力をアップ(1ターン)＆弱体耐性をアップ(3ターン)
自身に無敵貫通状態を付与＆Artsカードの性能を10%アップ[最大解放]
自身に無敵貫通状態を付与＆Artsカードの性能を8%アップ
自身に無敵貫通状態を付与＆Artsカード性能を3%アップ＆NP獲得量を15%アップ
自身に無敵貫通状態を付与＆Artsカード性能を3%アップ＆クリティカル威力を15%アップ
自身に無敵貫通状態を付与＆Artsカード性能を3%アップ＆宝具威力を15%アップ
自身に無敵貫通状態を付与＆Artsカード性能を5%アップ＆NP獲得量を20%アップ[最大解放]
自身に無敵貫通状態を付与＆Artsカード性能を5%アップ＆宝具威力を20%アップ[最大解放]
自身に無敵貫通状態を付与＆Artsカード性能を6%アップ＆Busterカード性能を6%アップ
自身に無敵貫通状態を付与＆Busterカードの性能を10%アップ[最大解放]
自身に無敵貫通状態を付与＆Busterカードの性能を3%アップ＆宝具威力を15%アップ
自身に無敵貫通状態を付与＆Busterカードの性能を8%アップ
自身に無敵貫通状態を付与＆Busterカード性能を3%アップ＆NP獲得量を15%アップ
自身に無敵貫通状態を付与＆Busterカード性能を3%アップ＆クリティカル威力を15%アップ
自身に無敵貫通状態を付与＆NPを30%チャージした状態でバトルを開始する
自身に無敵貫通状態を付与＆NPを50%チャージした状態でバトルを開始する[最大解放]
自身に無敵貫通状態を付与＆Quickカード性能を6%アップ＆Artsカード性能を6%アップ
自身に無敵貫通状態を付与＆Quickカード性能を6%アップ＆Busterカード性能を6%アップ
自身に無敵貫通状態を付与＆〔やけど〕特攻状態を35%付与
自身に無敵貫通状態を付与＆〔やけど〕特攻状態を40%付与[最大解放]
自身に無敵貫通状態を付与＆〔キャスター〕クラスへの特攻状態を35%付与
自身に無敵貫通状態を付与＆〔キャスター〕クラスへの特攻状態を40%付与[最大解放]
自身に無敵貫通状態を付与＆〔中庸〕特攻状態を35%付与
自身に無敵貫通状態を付与＆〔中庸〕特攻状態を40%付与[最大解放]
自身に無敵貫通状態を付与＆クリティカル威力を15%アップ＆NP獲得量を15%アップ
自身に無敵貫通状態を付与＆クリティカル威力を15%アップ＆宝具威力を15%アップ
自身に無敵貫通状態を付与＆クリティカル威力を20%アップ＆NP獲得量を20%アップ[最大解放]
自身に無敵貫通状態を付与＆クリティカル威力を20%アップ＆宝具威力を20%アップ[最大解放]
自身に無敵貫通状態を付与＆クリティカル威力を25%アップ
自身に無敵貫通状態を付与＆クリティカル威力を30%アップ[最大解放]
自身に無敵貫通状態を付与＆宝具威力を15%アップ＆NP獲得量を15%アップ
自身に無敵貫通状態を付与＆宝具威力を20%アップ＆NP獲得量を20%アップ[最大解放]
自身に無敵貫通状態を付与＆宝具威力を20%アップ＆NP獲得量を5%アップ
自身に無敵貫通状態を付与＆宝具威力を25%アップ
自身に無敵貫通状態を付与＆宝具威力を25%アップ＆NP獲得量を10%アップ[最大解放]
自身に無敵貫通状態を付与＆宝具威力を30%アップ[最大解放]
自身に無敵貫通状態を付与＆毎ターンスター3個獲得状態を付与
自身に無敵貫通状態を付与＆毎ターンスター4個獲得状態を付与[最大解放]
自身に無敵貫通状態を確率で付与(1ターン)＆無敵状態を確率で付与(1ターン)＆NPを増やす
自身に精神異常・呪い無効状態を付与
自身に精神異常無効状態を付与
自身に蝕毒状態(毒の効果量がアップする状態)を付与【デメリット】
自身に被ダメージを30カットする状態を付与
自身に被ダメージを50カットする状態を付与[最大解放]
自身に被ダメージカット状態を付与
自身に被ダメージカット状態を付与(3回・3ターン)＆ガッツ状態を付与(1回・3ターン)
自身に被ダメージカット状態を付与＆被クリティカル発生耐性をアップ
自身に防御弱体無効状態を1回付与
自身に防御弱体無効状態を2回付与[最大解放]
自身に防御無視状態を付与 ＋ 〔バーサーカー〕クラスが装備した場合、自身の宝具威力を35%アップ
自身に防御無視状態を付与＆Artsカード性能を10%アップ＆宝具威力を20%アップ[最大解放]
自身に防御無視状態を付与＆Artsカード性能を8%アップ＆Busterカード性能を8%アップ
自身に防御無視状態を付与＆Artsカード性能を8%アップ＆宝具威力を15%アップ
自身に防御無視状態を付与＆Busterカード性能を8%アップ＆NP獲得量を15%アップ
自身に防御無視状態を付与＆Busterカード性能を8%アップ＆クリティカル威力を15%アップ
自身に防御無視状態を付与＆Busterカード性能を8%アップ＆宝具威力を15%アップ
自身に防御無視状態を付与＆Quickカード性能を10%アップ＆宝具威力を20%アップ[最大解放]
自身に防御無視状態を付与＆Quickカード性能を8%アップ＆Busterカード性能を8%アップ
自身に防御無視状態を付与＆Quickカード性能を8%アップ＆宝具威力を15%アップ
自身に防御無視状態を付与＆〔バーサーカー〕クラスへの特攻状態を35%付与
自身に防御無視状態を付与＆〔バーサーカー〕クラスへの特攻状態を40%付与[最大解放]
自身に魅了・混乱・恐怖・スキル封印無効状態を付与
自身のArtsカードのNP獲得量を25%アップ
自身のArtsカードのNP獲得量を30%アップ[最大解放]
自身のArtsカードのクリティカル威力を25%アップする
自身のArtsカードのクリティカル威力を30%アップする[最大解放]
自身のArtsカードのクリティカル威力をアップ
自身のArtsカードのスター発生率をアップ
自身のArtsカードのスター発生率をアップ＆弱体耐性を少しアップ
自身のArtsカードのスター集中度を300%アップ＆NP獲得量を10%アップ
自身のArtsカードのスター集中度を300%アップ＆ダメージを300カットする状態を付与
自身のArtsカードのスター集中度を400%アップ＆NP獲得量を15%アップ[最大解放]
自身のArtsカードの宝具の威力を15%アップ
自身のArtsカードの宝具の威力を25%アップ[最大解放]
自身のArtsカードの性能を10%アップする[最大解放]
自身のArtsカードの性能を10%アップ＆NP獲得量を5%アップ
自身のArtsカードの性能を10%アップ＆クリティカル威力を20%アップする
自身のArtsカードの性能を10%アップ＆毎ターンスター3個獲得状態を付与
自身のArtsカードの性能を15%アップする
自身のArtsカードの性能を15%アップする(3ターン)
自身のArtsカードの性能を15%アップ＆NP獲得量を10%アップ[最大解放]
自身のArtsカードの性能を15%アップ＆クリティカル威力を25%アップする[最大解放]
自身のArtsカードの性能を20%アップする(3ターン)[最大解放]
自身のArtsカードの性能を20%アップする[最大解放]
自身のArtsカードの性能を25%アップする
自身のArtsカードの性能を3%アップする
自身のArtsカードの性能を30%アップ(3ターン)
自身のArtsカードの性能を30%アップする[最大解放]
自身のArtsカードの性能を40%アップ(3ターン)[最大解放]
自身のArtsカードの性能を5%アップする[最大解放]
自身のArtsカードの性能を8%アップする
自身のArtsカードの性能をアップ
自身のArtsカードの性能をアップ＆被ダメージカット状態を付与
自身のArtsカードの性能を少しアップ
自身のArtsカード性能を10%アップ＆Busterカード性能を10%アップ
自身のArtsカード性能を10%アップ＆HP回復量を10%アップ
自身のArtsカード性能を10%アップ＆NP獲得量を10%アップ＆宝具威力を15%アップ
自身のArtsカード性能を10%アップ＆NP獲得量を20%アップ[最大解放]
自身のArtsカード性能を10%アップ＆〔悪〕特攻状態を20%付与[最大解放]
自身のArtsカード性能を10%アップ＆クリティカル威力を10%アップ＆NP獲得量を15%アップ
自身のArtsカード性能を10%アップ＆クリティカル威力を20%アップ[最大解放]
自身のArtsカード性能を10%アップ＆クリティカル威力を8%アップ
自身のArtsカード性能を10%アップ＆宝具威力を10%アップ＆NP獲得量を15%アップ
自身のArtsカード性能を10%アップ＆宝具威力を10%アップ＆毎ターンスター3個獲得状態を付与
自身のArtsカード性能を10%アップ＆宝具威力を20%アップ
自身のArtsカード性能を10%アップ＆宝具威力を20%アップ[最大解放]
自身のArtsカード性能を10%アップ＆宝具威力を8%アップ
自身のArtsカード性能を10%アップ＆被クリティカル発生耐性を15%アップ[最大解放]
自身のArtsカード性能を10%アップ＆被ダメージを400カットする状態を付与[最大解放]
自身のArtsカード性能を15%アップ
自身のArtsカード性能を15%アップ(3ターン)＆クリティカル威力を15%アップ
自身のArtsカード性能を15%アップ＆Busterカード性能を15%アップ[最大解放]
自身のArtsカード性能を15%アップ＆HP回復量を20%アップ[最大解放]
自身のArtsカード性能を15%アップ＆クリティカル威力を10%アップ[最大解放]
自身のArtsカード性能を15%アップ＆宝具使用時にチャージ段階を2段階分上げる(1回)
自身のArtsカード性能を15%アップ＆宝具威力を10%アップ[最大解放]
自身のArtsカード性能を15%アップ＆宝具威力を15%アップ
自身のArtsカード性能を15%アップ＆宝具威力を25%アップ[最大解放]
自身のArtsカード性能を15%アップ＆毎ターンスター3個獲得状態を付与
自身のArtsカード性能を2%アップ＆Busterカード性能を2%アップ＆HP回復量を5%アップ
自身のArtsカード性能を2%アップ＆NP獲得量を3%アップ＆毎ターンスター1個獲得状態を付与
自身のArtsカード性能を20%アップ(3ターン)＆クリティカル威力を15%アップ(3ターン)
自身のArtsカード性能を20%アップ(3ターン)＆クリティカル威力を20%アップ[最大解放]
自身のArtsカード性能を20%アップ＆宝具威力を20%アップ[最大解放]
自身のArtsカード性能を20%アップ＆毎ターンスター4個獲得状態を付与[最大解放]
自身のArtsカード性能を3%アップ＆Busterカード性能を3%アップ＆NP獲得量を3%アップ
自身のArtsカード性能を3%アップ＆Busterカード性能を3%アップ＆宝具威力を3%アップ
自身のArtsカード性能を3%アップ＆HP回復量を5%アップ
自身のArtsカード性能を3%アップ＆NPを10%チャージした状態でバトルを開始する
自身のArtsカード性能を3%アップ＆NP獲得量を5%アップ
自身のArtsカード性能を3%アップ＆クリティカル威力を3%アップ＆NP獲得量を3%アップ
自身のArtsカード性能を3%アップ＆クリティカル威力を3%アップ＆宝具威力を3%アップ
自身のArtsカード性能を3%アップ＆クリティカル威力を8%アップ
自身のArtsカード性能を5%アップ＆HP回復量を10%アップ[最大解放]
自身のArtsカード性能を5%アップ＆NPを20%チャージした状態でバトルを開始する[最大解放]
自身のArtsカード性能を5%アップ＆NP獲得量を10%アップ[最大解放]
自身のArtsカード性能を5%アップ＆NP獲得量を3%アップ
自身のArtsカード性能を5%アップ＆クリティカル威力を10%アップ[最大解放]
自身のArtsカード性能を8%アップ
自身のArtsカード性能を8%アップ＆Busterカード性能を8%アップ＆NP獲得量を8%アップ
自身のArtsカード性能を8%アップ＆Busterカード性能を8%アップ＆宝具威力を5%アップ
自身のArtsカード性能を8%アップ＆Busterカード性能を8%アップ＆防御力を3%アップ
自身のArtsカード性能を8%アップ＆NPを30%チャージした状態でバトルを開始する
自身のArtsカード性能を8%アップ＆NP獲得量を15%アップ
自身のArtsカード性能を8%アップ＆NP獲得量を5%アップ[最大解放]
自身のArtsカード性能を8%アップ＆〔悪〕特攻状態を15%付与
自身のArtsカード性能を8%アップ＆クリティカル威力を15%アップ
自身のArtsカード性能を8%アップ＆クリティカル威力を5%アップ＆HP回復量を10%アップ
自身のArtsカード性能を8%アップ＆クリティカル威力を8%アップ＆NP獲得量を8%アップ
自身のArtsカード性能を8%アップ＆宝具使用時にチャージ段階を1段階分上げる(1回)
自身のArtsカード性能を8%アップ＆宝具威力を10%アップ＆クリティカル威力を10%アップ
自身のArtsカード性能を8%アップ＆宝具威力を15%アップ
自身のArtsカード性能を8%アップ＆宝具威力を8%アップ＆NP獲得量を8%アップ
自身のArtsカード性能を8%アップ＆被クリティカル発生耐性を10%アップ
自身のArtsカード性能を8%アップ＆被ダメージを300カットする状態を付与
自身のArtsカード性能をアップ(1ターン)
自身のArtsカード性能をアップ(1ターン) ＋ スターを大量獲得
自身のArtsカード性能をアップ(1ターン)＆Artsカードのスター集中度をアップ(1ターン)
自身のArtsカード性能をアップ(1ターン)＆スター集中度をアップ(1ターン)
自身のArtsカード性能をアップ(1ターン)＆回避状態を付与(1ターン)
自身のArtsカード性能をアップ(1ターン)＆弱体無効状態を付与(1回、5ターン)
自身のArtsカード性能をアップ(3ターン)
自身のArtsカード性能をアップ(3ターン) ＋ 味方全体の防御力をアップ(3ターン)
自身のArtsカード性能をアップ(3ターン)＆Artsカードのスター集中度をアップ(1ターン)
自身のArtsカード性能をアップ(3ターン)＆Busterカード性能をアップ(3ターン)
自身のArtsカード性能をアップ(3ターン)＆NPを増やす
自身のArtsカード性能をアップ(3ターン)＆NPを増やす ＋ スターを大量獲得
自身のArtsカード性能をアップ(3ターン)＆NPを増やす ＋ スターを獲得
自身のArtsカード性能をアップ(3ターン)＆クリティカル威力をアップ(3回・3ターン)
自身のArtsカード性能をアップ(3ターン)＆回避状態を付与(2回・3ターン)
自身のArtsカード性能をアップ(3ターン)＆宝具威力をアップ(1ターン)＆NPを増やす
自身のArtsカード性能をアップ(3ターン)＆弱体無効状態を付与(1回・3ターン)
自身のArtsカード性能をアップ(3ターン)＆弱体無効状態を付与(3ターン)
自身のArtsカード性能をアップ(3ターン)＆無敵状態を付与(2回・3ターン)
自身のArtsカード性能をアップ(3ターン▲)＆スター集中度をアップ(1ターン)＆NPを増やす▲
自身のArtsカード性能をアップ(3回・5ターン)
自身のArtsカード性能をアップ(5ターン)
自身のArtsカード性能をアップ[{0}](1ターン)
自身のArtsカード性能をアップ[{0}](1ターン) ＋ スターを大量獲得[{0}]
自身のArtsカード性能をアップ[{0}](1ターン)＆回避状態を付与(1ターン)
自身のArtsカード性能をアップ[{0}](1ターン)＆弱体無効状態を付与(1回、5ターン)
自身のArtsカード性能をアップ[{0}](3ターン)
自身のArtsカード性能をアップ[{0}](3ターン)＆NPを増やす[{0}]
自身のArtsカード性能をアップ[{0}](3ターン)＆NPを増やす[{0}] ＋ スターを獲得
自身のArtsカード性能をアップ[{0}](3ターン)＆回避状態を付与(2回・3ターン)
自身のArtsカード性能をアップ[{0}](3ターン)＆弱体無効状態を付与(1回・3ターン)
自身のArtsカード性能をアップ[{0}](3ターン)＆弱体無効状態を付与(3ターン)
自身のArtsカード性能をアップ[{0}](3ターン)＆無敵状態を付与(2回・3ターン)
自身のArtsカード性能をアップ[{0}](3回・5ターン)
自身のArtsカード性能をアップ[{0}](5ターン)
自身のArtsカード性能をアップ＆クリティカル威力をアップ
自身のArtsカード性能をアップ＆スター発生率をアップ
自身のArtsカード性能をアップ＆弱体耐性をアップ
自身のArtsカード性能をアップ＆精神異常耐性をアップ
自身のArtsカード性能をアップ＆被ダメージカット状態を付与
自身のArtsカード性能をアップ＆被ダメージ時に獲得するNPアップ
自身のArtsカード性能を少しアップ＆Artsカードのクリティカル威力をアップ
自身のArtsカード性能を少しアップ＆Arts攻撃時のスター発生率をアップ
自身のArtsカード性能を少しアップ＆クリティカル威力を少しアップ
自身のArtsカード性能を少しアップ＆スター発生率を少しアップ
自身のArtsカード性能を少しアップ＆宝具威力を少しアップ
自身のArtsカード性能を少しアップ＆毎ターンNP獲得状態を付与
自身のArtsカード性能を少しアップ＆被クリティカル発生耐性をアップ
自身のBusterカードのNP獲得量をアップ
自身のBusterカードのクリティカル威力を25%アップする
自身のBusterカードのクリティカル威力を30%アップする[最大解放]
自身のBusterカードのクリティカル威力をアップ
自身のBusterカードのスター集中度をアップ
自身のBusterカードのスター集中度をアップ(3ターン)＆NPを増やす
自身のBusterカードのスター集中度をアップ[{0}](3ターン)＆NPを増やす[{0}]
自身のBusterカードのスター集中度を少しアップ
自身のBusterカードの性能を10%アップする[最大解放]
自身のBusterカードの性能を10%アップ＆クリティカル威力を20%アップする
自身のBusterカードの性能を15%アップする
自身のBusterカードの性能を15%アップする(3ターン)
自身のBusterカードの性能を15%アップ＆クリティカル威力を25%アップする[最大解放]
自身のBusterカードの性能を20%アップする(3ターン)[最大解放]
自身のBusterカードの性能を20%アップする[最大解放]
自身のBusterカードの性能を20%アップ＆防御力を15%ダウン【デメリット】
自身のBusterカードの性能を25%アップ[最大解放]＆防御力を15%ダウン【デメリット】
自身のBusterカードの性能を25%アップする
自身のBusterカードの性能を3%アップする
自身のBusterカードの性能を30%アップする[最大解放]
自身のBusterカードの性能を5%アップする[最大解放]
自身のBusterカードの性能を8%アップする
自身のBusterカードの性能をアップ
自身のBusterカードの性能をアップ＆クリティカル威力をアップ
自身のBusterカードの性能をアップ＆スター発生率をアップ
自身のBusterカードの性能をアップ＆被ダメージカット状態を付与
自身のBusterカードの性能を少しアップ
自身のBusterカードの性能を少しアップ＆Busterカードのスター発生率をアップ
自身のBusterカードの性能を少しアップ＆被ダメージカット状態を付与
自身のBusterカード性能を10%アップ＆HP回復量を10%アップ
自身のBusterカード性能を10%アップ＆NPを50%チャージした状態でバトルを開始する
自身のBusterカード性能を10%アップ＆NP獲得量を10%アップ＆宝具威力を15%アップ
自身のBusterカード性能を10%アップ＆NP獲得量を20%アップ
自身のBusterカード性能を10%アップ＆NP獲得量を20%アップ[最大解放]
自身のBusterカード性能を10%アップ＆NP獲得量を5%アップ
自身のBusterカード性能を10%アップ＆クリティカル威力を20%アップ[最大解放]
自身のBusterカード性能を10%アップ＆クリティカル威力を8%アップ
自身のBusterカード性能を10%アップ＆宝具威力を10%アップ＆NP獲得量を15%アップ
自身のBusterカード性能を10%アップ＆宝具威力を20%アップ
自身のBusterカード性能を10%アップ＆宝具威力を8%アップ
自身のBusterカード性能を10%アップ＆弱体耐性を20%ダウン【デメリット】
自身のBusterカード性能を10%アップ＆被クリティカル発生耐性を15%アップ[最大解放]
自身のBusterカード性能を15%アップ
自身のBusterカード性能を15%アップ＆HP回復量を20%アップ[最大解放]
自身のBusterカード性能を15%アップ＆NPを40%チャージした状態でバトルを開始する
自身のBusterカード性能を15%アップ＆NP獲得量を10%アップ[最大解放]
自身のBusterカード性能を15%アップ＆NP獲得量を15%アップ
自身のBusterカード性能を15%アップ＆NP獲得量を25%アップ[最大解放]
自身のBusterカード性能を15%アップ＆クリティカル威力を10%アップ[最大解放]
自身のBusterカード性能を15%アップ＆クリティカル威力を15%アップ
自身のBusterカード性能を15%アップ＆宝具使用時にチャージ段階を2段階分上げる(1回)
自身のBusterカード性能を15%アップ＆宝具威力を10%アップ[最大解放]
自身のBusterカード性能を15%アップ＆宝具威力を15%アップ
自身のBusterカード性能を15%アップ＆宝具威力を25%アップ[最大解放]
自身のBusterカード性能を15%アップ＆弱体耐性を20%ダウン【デメリット】[最大解放]
自身のBusterカード性能を20%アップ＆NP獲得量を10%アップ
自身のBusterカード性能を20%アップ＆NP獲得量を20%アップ[最大解放]
自身のBusterカード性能を20%アップ＆クリティカル威力を20%アップ[最大解放]
自身のBusterカード性能を20%アップ＆宝具威力を10%アップ
自身のBusterカード性能を20%アップ＆宝具威力を20%アップ[最大解放]
自身のBusterカード性能を25%アップ＆NP獲得量を15%アップ[最大解放]
自身のBusterカード性能を25%アップ＆宝具威力を15%アップ[最大解放]
自身のBusterカード性能を3%アップ＆Busterカードのクリティカル威力を15%アップ
自身のBusterカード性能を3%アップ＆HP回復量を5%アップ
自身のBusterカード性能を3%アップ＆NPを10%チャージした状態でバトルを開始する
自身のBusterカード性能を3%アップ＆NP獲得量を5%アップ
自身のBusterカード性能を3%アップ＆クリティカル威力を3%アップ＆宝具威力を3%アップ
自身のBusterカード性能を3%アップ＆クリティカル威力を8%アップ
自身のBusterカード性能を3%アップ＆宝具威力を8%アップ
自身のBusterカード性能を5%アップ＆HP回復量を10%アップ[最大解放]
自身のBusterカード性能を5%アップ＆NP獲得量を10%アップ[最大解放]
自身のBusterカード性能を5%アップ＆NP獲得量を3%アップ
自身のBusterカード性能を5%アップ＆クリティカル威力を10%アップ[最大解放]
自身のBusterカード性能を5%アップ＆宝具威力を10%アップ[最大解放]
自身のBusterカード性能を5%アップ＆弱体耐性を10%アップ
自身のBusterカード性能を8%アップ
自身のBusterカード性能を8%アップ＆NPを30%チャージした状態でバトルを開始する
自身のBusterカード性能を8%アップ＆NP獲得量を15%アップ
自身のBusterカード性能を8%アップ＆NP獲得量を5%アップ[最大解放]
自身のBusterカード性能を8%アップ＆クリティカル威力を15%アップ
自身のBusterカード性能を8%アップ＆クリティカル威力を8%アップ＆NP獲得量を8%アップ
自身のBusterカード性能を8%アップ＆宝具使用時にチャージ段階を1段階分上げる(1回)
自身のBusterカード性能を8%アップ＆宝具威力を10%アップ＆クリティカル威力を10%アップ
自身のBusterカード性能を8%アップ＆宝具威力を8%アップ＆NP獲得量を8%アップ
自身のBusterカード性能を8%アップ＆宝具威力を8%アップ＆防御力を3%アップ
自身のBusterカード性能を8%アップ＆弱体耐性を15%アップ[最大解放]
自身のBusterカード性能を8%アップ＆被クリティカル発生耐性を10%アップ
自身のBusterカード性能をアップ(1ターン)
自身のBusterカード性能をアップ(1ターン) ＋ 敵全体にやけど状態を付与(10ターン)
自身のBusterカード性能をアップ(1ターン)＆HPが減少【デメリット】
自身のBusterカード性能をアップ(1ターン)＆HPを回復
自身のBusterカード性能をアップ(1ターン)＆NPを増やす
自身のBusterカード性能をアップ(1ターン)＆NPを増やす＆HPを減少【デメリット】
自身のBusterカード性能をアップ(1ターン)＆〔猛獣と魔性〕特攻状態を付与(1ターン)
自身のBusterカード性能をアップ(1ターン)＆ガッツ状態を付与(1回・3ターン)
自身のBusterカード性能をアップ(1ターン)＆スター発生率をアップ(1ターン)
自身のBusterカード性能をアップ(1ターン)＆回避状態を付与(1ターン)
自身のBusterカード性能をアップ(1ターン)＆宝具威力をアップ(1ターン)
自身のBusterカード性能をアップ(1ターン)＆防御力をアップ(1ターン)
自身のBusterカード性能をアップ(3ターン)
自身のBusterカード性能をアップ(3ターン)[{0}]＆スターを獲得[{0}]
自身のBusterカード性能をアップ(3ターン)＆HPを回復
自身のBusterカード性能をアップ(3ターン)＆NPを増やす ＋ スターを獲得
自身のBusterカード性能をアップ(3ターン)＆スターを獲得
自身のBusterカード性能をアップ(3ターン)＆防御力をアップ(3ターン) ＋ スターを獲得
自身のBusterカード性能をアップ(3ターン▲)＆NP獲得量をアップ(3ターン)▲
自身のBusterカード性能をアップ(3ターン▲)＆回避状態を付与(1ターン)＆NPを増やす▲
自身のBusterカード性能をアップ(3回・3ターン)＆クリティカル威力をアップ(3ターン)
自身のBusterカード性能をアップ(3回・3ターン▲)＆NPを増やす▲
自身のBusterカード性能をアップ(3回・3ターン▲)＆ガッツ状態を付与(1回・3ターン)
自身のBusterカード性能をアップ(5ターン)
自身のBusterカード性能をアップ[{0}](1ターン)
自身のBusterカード性能をアップ[{0}](1ターン)＆HPが減少【デメリット】
自身のBusterカード性能をアップ[{0}](1ターン)＆HPを回復[{0}]
自身のBusterカード性能をアップ[{0}](1ターン)＆NPを増やす[{0}]
自身のBusterカード性能をアップ[{0}](1ターン)＆ガッツ状態を付与(1回・3ターン)
自身のBusterカード性能をアップ[{0}](1ターン)＆スター発生率をアップ(1ターン)
自身のBusterカード性能をアップ[{0}](1ターン)＆回避状態を付与(1ターン)
自身のBusterカード性能をアップ[{0}](1ターン)＆防御力をアップ(1ターン)
自身のBusterカード性能をアップ[{0}](3ターン)
自身のBusterカード性能をアップ[{0}](3ターン)＆HPを回復[{0}]
自身のBusterカード性能をアップ[{0}](5ターン)
自身のBusterカード性能をアップ＆Extra Attackカード性能をアップ
自身のBusterカード性能をアップ＆クリティカル威力を少しアップ
自身のExtra Attackカードの性能を{{1:Value:m}}%アップする
自身のExtra Attackカードの性能を{{1:Value:m}}%アップする[{0}]
自身のHP0時に確率でガッツ発動状態(HP1000回復)を付与[最大解放]
自身のHP0時に確率でガッツ発動状態(HP1回復)を付与＆クリティカル威力を5%アップ
自身のHP0時に確率でガッツ発動状態(HP500回復)を付与
自身のHPを回復[{0}]＆NPが減少【デメリット】
自身のHPを回復[{0}]＆NPを減らす【デメリット】
自身のHPを回復[{0}]＆強化状態を解除【デメリット】
自身のHPを回復＆NPが減少【デメリット】
自身のHPを回復＆NPを減らす【デメリット】
自身のHPを回復＆強化状態を解除【デメリット】
自身のHPを超回復[{0}]＆弱体状態を解除
自身のHPを超回復＆弱体状態を解除
自身のHPを超回復＆弱体状態を解除＆NPを増やす▲
自身のHP回復量を10%アップ
自身のHP回復量を10%アップ＆NP獲得量を10%アップ[最大解放]
自身のHP回復量を10%アップ＆スター発生率を10%アップ[最大解放]
自身のHP回復量を10%アップ＆弱体耐性を10%アップ＆防御力を10%アップ[最大解放]
自身のHP回復量を10%アップ＆被ダメージ時のNP獲得量を20%アップ[最大解放]
自身のHP回復量を15%アップ＆NP獲得量を15%アップ
自身のHP回復量を15%アップ＆NP獲得量を5%アップ＆宝具威力を5%アップ
自身のHP回復量を15%アップ＆NP獲得量を5%アップ＆毎ターンNP2%獲得状態を付与
自身のHP回復量を15%アップ＆ダメージを300カットする状態を付与
自身のHP回復量を20%アップ[最大解放]
自身のHP回復量を20%アップ＆NP獲得量を10%アップ＆宝具威力を10%アップ[最大解放]
自身のHP回復量を20%アップ＆NP獲得量を20%アップ[最大解放]
自身のHP回復量を20%アップ＆ダメージを400カットする状態を付与[最大解放]
自身のHP回復量を3%アップする
自身のHP回復量を30%アップする
自身のHP回復量を40%アップする[最大解放]
自身のHP回復量を5%アップする[最大解放]
自身のHP回復量を5%アップ＆NP獲得量を5%アップ
自身のHP回復量を5%アップ＆スター発生率を5%アップ
自身のHP回復量を5%アップ＆被ダメージ時のNP獲得量を15%アップ
自身のHP回復量を60%アップ
自身のHP回復量を75%アップ[最大解放]
自身のHP回復量を8%アップ＆弱体耐性を8%アップ＆防御力を8%アップ
自身のHP回復量をアップ
自身のHP回復量をアップ(3ターン)＆HPを回復
自身のHP回復量をアップ[{0}](3ターン)＆HPを回復[{0}]
自身のNPを10%チャージした状態でバトルを開始する
自身のNPを10%チャージした状態でバトルを開始する＆被ダメージ時のNP獲得量を15%アップ
自身のNPを100%チャージした状態でバトルを開始する[最大解放]
自身のNPを20%チャージした状態でバトルを開始する
自身のNPを20%チャージした状態でバトルを開始する[最大解放]
自身のNPを20%チャージした状態でバトルを開始する＆NP獲得量を10%アップ
自身のNPを30%チャージした状態でバトルを開始する
自身のNPを30%チャージした状態でバトルを開始する ＋ 登場時にスターを15個獲得(1回)
自身のNPを30%チャージした状態でバトルを開始する＆HP回復量を20%アップ
自身のNPを30%チャージした状態でバトルを開始する＆NP獲得量を15%アップ[最大解放]
自身のNPを50%チャージした状態でバトルを開始する ＋ 登場時にスターを12個獲得(1回)
自身のNPを50%チャージした状態でバトルを開始する[最大解放]
自身のNPを50%チャージした状態でバトルを開始する＆HP回復量を30%アップ[最大解放]
自身のNPを50%チャージした状態でバトルを開始する＆〔人類の脅威〕特攻状態を20%付与
自身のNPを50%チャージした状態でバトルを開始する＆スター集中度を300%アップ
自身のNPを60%チャージした状態でバトルを開始する
自身のNPを60%チャージした状態でバトルを開始する＆スター集中度を400%アップ[最大解放]
自身のNPを75%チャージした状態でバトルを開始する[最大解放]
自身のNPを80%チャージした状態でバトルを開始する
自身のNPを{{1:Value:y}}%チャージした状態でバトルを開始する
自身のNPを{{1:Value:y}}%チャージした状態でバトルを開始する[{0}]
自身のNPをすごく増やす
自身のNPをすごく増やす[{0}]
自身のNPをすごく増やす[{0}]＆宝具威力をアップ[{0}](1ターン)
自身のNPをすごく増やす＆宝具威力をアップ(1ターン)
自身のNPをすごく増やす＆宝具威力をアップ(3ターン)＆無敵状態を付与(2回・3ターン)
自身のNPをものすごく増やす
自身のNPをものすごく増やす ＋ スターを大量獲得
自身のNPをものすごく増やす[{0}]
自身のNPをものすごく増やす[{0}] ＋ スターを大量獲得[{0}]
自身のNPをものすごく増やす[{0}]＆宝具威力をアップ[{0}](3ターン)
自身のNPをものすごく増やす＆宝具威力をアップ(3ターン)
自身のNPを増やす
自身のNPを増やす ＋ スターを獲得
自身のNPを増やす ＋ 味方全体に毎ターンNP獲得状態を付与(3ターン)
自身のNPを増やす ＋ 味方全体のNPを増やす
自身のNPを増やす ＋ 味方全体のNPを増やす＆最大HPがアップする状態を付与(3ターン)
自身のNPを増やす ＋ 味方全体の宝具使用時のチャージ段階を1段階引き上げる(1ターン)
自身のNPを増やす ＋ 味方単体のNPを増やす
自身のNPを増やす ＋ 敵全体の弱体耐性をダウン(1ターン)
自身のNPを増やす ＋ 敵単体に低確率でスタン状態を付与(1ターン)
自身のNPを増やす ＋ 自身を除く味方全体のNPを少し増やす ＋ スターを獲得
自身のNPを増やす[{0}]
自身のNPを増やす[{0}] ＋ スターを獲得[{0}]
自身のNPを増やす[{0}] ＋ 味方全体に毎ターンNP獲得状態を付与[{0}](3ターン)
自身のNPを増やす[{0}] ＋ 味方全体のNPを増やす[{0}]
自身のNPを増やす[{0}] ＋ 味方単体のNPを増やす[{0}]
自身のNPを増やす[{0}] ＋ 敵全体の弱体耐性をダウン[{0}](1ターン)
自身のNPを増やす[{0}] ＋ 敵単体に低確率[{0}]でスタン状態を付与(1ターン)
自身のNPを増やす[{0}][g][o]▲[/o][/g]&スターを大量獲得[{0}]
自身のNPを増やす[{0}]＆HPが50%以下の間NP獲得量がアップ[{0}](3ターン)
自身のNPを増やす[{0}]＆HPを回復[{0}]
自身のNPを増やす[{0}]＆HPを回復[{0}]＆自身の弱体状態を解除
自身のNPを増やす[{0}]＆HPを減少【デメリット】
自身のNPを増やす[{0}]＆スター発生率をアップ[{0}](3ターン)
自身のNPを増やす[{0}]＆スター集中度をアップ[{0}](1ターン)
自身のNPを増やす[{0}]＆宝具封印状態を付与(1ターン)【デメリット】
自身のNPを増やす[{0}]＆弱体無効状態を付与(3ターン) ＋ スターを獲得
自身のNPを増やす[{0}]＆弱体状態を解除
自身のNPを増やす[{0}]＆弱体状態を解除＆HPを回復[{0}]
自身のNPを増やす[{0}]＆無敵貫通状態を付与(3ターン) ＋ スターを獲得
自身のNPを増やす▲ ＋ 味方全体のスター発生率を大アップ(3ターン)＆NPを増やす▲
自身のNPを増やす▲ ＋ 味方単体▲のHPを回復＆NPを減らす【デメリット】
自身のNPを増やす▲&スターを大量獲得
自身のNPを増やす▲＆NP獲得量アップ(3ターン)＆Artsカード性能をアップ(3ターン)▲
自身のNPを増やす▲＆NP獲得量アップ(3ターン)＆攻撃力をアップ(3ターン)▲
自身のNPを増やす▲＆スターを大量獲得▲
自身のNPを増やす▲＆スター集中度をアップ(1ターン)＆弱体無効状態を付与(3ターン)
自身のNPを増やす▲＆毎ターンNP獲得状態を付与(3ターン)＆弱体状態を解除 ＋ スターを獲得▲
自身のNPを増やす＆HPが50%以下の間NP獲得量がアップ(3ターン)
自身のNPを増やす＆HPを回復
自身のNPを増やす＆HPを回復＆自身の弱体状態を解除
自身のNPを増やす＆HPを減少【デメリット】
自身のNPを増やす＆HPを減少【デメリット】 ＋ スターを大量獲得▲
自身のNPを増やす＆NP獲得量をアップ(3ターン)
自身のNPを増やす＆NP獲得量をアップ[{0}](3ターン)
自身のNPを増やす＆〔水辺〕のあるフィールドにおいてのみ、自身の攻撃力をアップ(3ターン)
自身のNPを増やす＆〔焔〕状態(通常攻撃時にNPを増やす状態)を付与(3ターン)
自身のNPを増やす＆クリティカル威力をアップ(3ターン)＆スター集中度をアップ(1ターン)
自身のNPを増やす＆クリティカル威力をアップ(3ターン)＆スター集中度をアップ(3ターン)
自身のNPを増やす＆スターを獲得
自身のNPを増やす＆スターを獲得[{0}]
自身のNPを増やす＆スターを獲得[{0}]＆ガッツ状態を付与[{0}](1回・1ターン)
自身のNPを増やす＆スターを獲得＆ガッツ状態を付与(1回・1ターン)
自身のNPを増やす＆スター発生率をアップ(3ターン)
自身のNPを増やす＆スター発生率をアップ(3ターン)＆クリティカル威力をアップ(3ターン)
自身のNPを増やす＆スター集中度をアップ(1ターン)
自身のNPを増やす＆スター集中度をアップ(1ターン)＆クリティカル威力をアップ(1ターン)
自身のNPを増やす＆スター集中度をアップ(1ターン)＆攻撃力をアップ(3回・3ターン)▲
自身のNPを増やす＆スター集中度を大アップ(1ターン)＆魅了無効状態を付与(5ターン)
自身のNPを増やす＆宝具封印状態を付与(1ターン)【デメリット】
自身のNPを増やす＆弱体無効状態を付与(3ターン) ＋ スターを獲得
自身のNPを増やす＆弱体無効状態を付与(3ターン)＆強化解除耐性をアップ(3ターン)
自身のNPを増やす＆弱体状態を解除
自身のNPを増やす＆弱体状態を解除＆HPを回復
自身のNPを増やす＆弱体耐性をアップ(3ターン)
自身のNPを増やす＆弱体耐性をアップ[{0}](3ターン)
自身のNPを増やす＆毎ターンスター獲得状態を付与(3ターン)＆スター集中度をアップ(3ターン)
自身のNPを増やす＆無敵貫通状態を付与(3ターン) ＋ スターを獲得
自身のNPを増やす＆無敵貫通状態を付与(3ターン)＆毎ターンスター獲得状態を付与(3ターン)
自身のNPを増やす＆精神異常弱体耐性をアップ(3ターン)
自身のNPを増やす＆精神異常弱体耐性をアップ[{0}](3ターン)
自身のNP獲得量を10%アップする[最大解放]
自身のNP獲得量を10%アップ＆NPを40%チャージした状態でバトルを開始する[最大解放]
自身のNP獲得量を10%アップ＆クリティカル威力を10%アップ[最大解放]
自身のNP獲得量を10%アップ＆クリティカル威力を10%アップ＆毎ターンスター3個獲得状態を付与
自身のNP獲得量を10%アップ＆宝具威力を10%アップ[最大解放]
自身のNP獲得量を10%アップ＆宝具威力を10%アップ＆毎ターンスターを3個獲得する状態を付与
自身のNP獲得量を10%アップ＆宝具威力を5%アップ＆クリティカル威力を5%アップ[最大解放]
自身のNP獲得量を10%アップ＆防御力を5%アップ[最大解放]
自身のNP獲得量を12%アップ＆スター発生率を12%アップ＆毎ターンHP200回復状態を付与
自身のNP獲得量を15%アップ
自身のNP獲得量を15%アップする
自身のNP獲得量を15%アップ＆NPを30%チャージした状態でバトルを開始する
自身のNP獲得量を15%アップ＆〔やけど〕特攻状態を15%付与
自身のNP獲得量を15%アップ＆クリティカル威力を15%アップ
自身のNP獲得量を15%アップ＆ダメージを300カットする状態を付与
自身のNP獲得量を15%アップ＆宝具使用時にチャージ段階を1段階分上げる(1回)
自身のNP獲得量を15%アップ＆宝具威力を10%アップ＆クリティカル威力を10%アップ
自身のNP獲得量を15%アップ＆宝具威力を15%アップ
自身のNP獲得量を15%アップ＆宝具威力を5%アップ＆毎ターンスター3個獲得状態を付与
自身のNP獲得量を20%アップする[最大解放]
自身のNP獲得量を20%アップ＆NPを50%チャージした状態でバトルを開始する
自身のNP獲得量を20%アップ＆NPを50%チャージした状態でバトルを開始する[最大解放]
自身のNP獲得量を20%アップ＆〔やけど〕特攻状態を20%付与[最大解放]
自身のNP獲得量を20%アップ＆クリティカル威力を20%アップ[最大解放]
自身のNP獲得量を20%アップ＆ダメージを400カットする状態を付与[最大解放]
自身のNP獲得量を20%アップ＆宝具使用時にチャージ段階を1段階分上げる(1回)[最大解放]
自身のNP獲得量を20%アップ＆宝具威力を20%アップ
自身のNP獲得量を20%アップ＆宝具威力を20%アップ[最大解放]
自身のNP獲得量を20%アップ＆毎ターンスター3個獲得状態を付与
自身のNP獲得量を25%アップする
自身のNP獲得量を25%アップ＆NPを40%チャージした状態でバトルを開始する
自身のNP獲得量を25%アップ＆NPを60%チャージした状態でバトルを開始する[最大解放]
自身のNP獲得量を25%アップ＆クリティカル威力を15%アップ
自身のNP獲得量を25%アップ＆宝具威力を10%アップ＆クリティカル威力を10%アップ
自身のNP獲得量を25%アップ＆宝具威力を15%アップ
自身のNP獲得量を25%アップ＆宝具威力を25%アップ[最大解放]
自身のNP獲得量を25%アップ＆毎ターンスター4個獲得状態を付与[最大解放]
自身のNP獲得量を30%アップする[最大解放]
自身のNP獲得量を30%アップ＆NPを50%チャージした状態でバトルを開始する[最大解放]
自身のNP獲得量を30%アップ＆クリティカル威力を20%アップ[最大解放]
自身のNP獲得量を30%アップ＆宝具威力を20%アップ[最大解放]
自身のNP獲得量を5%アップする
自身のNP獲得量を5%アップ＆NPを25%チャージした状態でバトルを開始する
自身のNP獲得量を5%アップ＆クリティカル威力を5%アップ
自身のNP獲得量を5%アップ＆宝具威力を3%アップ＆クリティカル威力を3%アップ
自身のNP獲得量を5%アップ＆宝具威力を5%アップ
自身のNP獲得量を5%アップ＆防御力を3%アップ
自身のNP獲得量をアップ
自身のNP獲得量をアップ(1ターン)＆クリティカル威力をアップ(3ターン)
自身のNP獲得量をアップ(1ターン)＆ターゲット集中状態を付与(1ターン) ＋ スターを獲得
自身のNP獲得量をアップ(3ターン)
自身のNP獲得量をアップ(3ターン) ＋ 自身を除く味方全体のNP獲得量をアップ(3ターン)▲
自身のNP獲得量をアップ(3ターン)＆スター発生率をアップ(3ターン)
自身のNP獲得量をアップ(3ターン)＆スター集中度をアップ(1ターン)
自身のNP獲得量をアップ(3ターン)＆弱体状態を解除
自身のNP獲得量をアップ(3ターン)＆最大HPをアップ(3ターン)
自身のNP獲得量をアップ[{0}](1ターン)＆クリティカル威力をアップ[{0}](3ターン)
自身のNP獲得量をアップ[{0}](3ターン)
自身のNP獲得量をアップ[{0}](3ターン)＆スター発生率をアップ[{0}](3ターン)
自身のNP獲得量をアップ[{0}](3ターン)＆スター集中度をアップ[{0}](1ターン)
自身のNP獲得量をアップ[{0}](3ターン)＆弱体状態を解除
自身のNP獲得量をアップ[{0}](3ターン)＆最大HPをアップ[{0}](3ターン)
自身のNP獲得量を少しアップ
自身のNP獲得量アップ(3ターン)
自身のNP獲得量アップ[{0}](3ターン)
自身のQuickカードのNP獲得量をアップ
自身のQuickカードのクリティカル威力を25%アップする
自身のQuickカードのクリティカル威力を30%アップする[最大解放]
自身のQuickカードのクリティカル威力をアップ
自身のQuickカードのスター集中度を少しアップ
自身のQuickカードの性能を10%アップする[最大解放]
自身のQuickカードの性能を10%アップ＆NPを40%チャージした状態でバトルを開始する
自身のQuickカードの性能を10%アップ＆NPを50%チャージした状態でバトルを開始する
自身のQuickカードの性能を15%アップする
自身のQuickカードの性能を15%アップする(3ターン)
自身のQuickカードの性能を20%アップする(3ターン)[最大解放]
自身のQuickカードの性能を20%アップする[最大解放]
自身のQuickカードの性能を25%アップする
自身のQuickカードの性能を3%アップする
自身のQuickカードの性能を3%アップ＆スター発生率を5%アップ
自身のQuickカードの性能を30%アップする[最大解放]
自身のQuickカードの性能を5%アップする[最大解放]
自身のQuickカードの性能を5%アップ＆スター発生率を10%アップ[最大解放]
自身のQuickカードの性能を5%アップ＆弱体耐性を10%アップ
自身のQuickカードの性能を8%アップする
自身のQuickカードの性能を8%アップ＆弱体耐性を15%アップ[最大解放]
自身のQuickカードの性能をアップ
自身のQuickカードの性能を少しアップ
自身のQuickカード性能を10%アップ＆Artsカード性能を10%アップ
自身のQuickカード性能を10%アップ＆Busterカード性能を10%アップ
自身のQuickカード性能を10%アップ＆HP回復量を10%アップ
自身のQuickカード性能を10%アップ＆NP獲得量を20%アップ[最大解放]
自身のQuickカード性能を10%アップ＆NP獲得量を5%アップ
自身のQuickカード性能を10%アップ＆クリティカル威力を20%アップ[最大解放]
自身のQuickカード性能を10%アップ＆宝具威力を10%アップ＆NP獲得量を15%アップ
自身のQuickカード性能を10%アップ＆宝具威力を8%アップ
自身のQuickカード性能を10%アップ＆防御力を10%ダウン【デメリット】
自身のQuickカード性能を15%アップ
自身のQuickカード性能を15%アップ＆Artsカード性能を15%アップ[最大解放]
自身のQuickカード性能を15%アップ＆Busterカード性能を15%アップ[最大解放]
自身のQuickカード性能を15%アップ＆HP回復量を20%アップ[最大解放]
自身のQuickカード性能を15%アップ＆NP獲得量を10%アップ[最大解放]
自身のQuickカード性能を15%アップ＆宝具使用時にチャージ段階を2段階分上げる(1回)
自身のQuickカード性能を15%アップ＆宝具威力を10%アップ[最大解放]
自身のQuickカード性能を15%アップ＆宝具威力を15%アップ
自身のQuickカード性能を15%アップ＆毎ターンスター3個獲得状態を付与
自身のQuickカード性能を15%アップ＆防御力を10%ダウン【デメリット】[最大解放]
自身のQuickカード性能を2%アップ＆Artsカード性能を2%アップ＆HP回復量を5%アップ
自身のQuickカード性能を2%アップ＆NP獲得量を3%アップ＆毎ターンスター1個獲得状態を付与
自身のQuickカード性能を20%アップ＆宝具威力を20%アップ[最大解放]
自身のQuickカード性能を20%アップ＆毎ターンスター4個獲得状態を付与[最大解放]
自身のQuickカード性能を3%アップ＆HP回復量を5%アップ
自身のQuickカード性能を3%アップ＆NPを10%チャージした状態でバトルを開始する
自身のQuickカード性能を3%アップ＆NP獲得量を5%アップ
自身のQuickカード性能を3%アップ＆クリティカル威力を8%アップ
自身のQuickカード性能を3%アップ＆宝具威力を8%アップ
自身のQuickカード性能を4%アップ＆Artsカード性能を4%アップ
自身のQuickカード性能を4%アップ＆Busterカード性能を4%アップ
自身のQuickカード性能を5%アップ＆HP回復量を10%アップ[最大解放]
自身のQuickカード性能を5%アップ＆NP獲得量を10%アップ[最大解放]
自身のQuickカード性能を5%アップ＆NP獲得量を3%アップ
自身のQuickカード性能を5%アップ＆クリティカル威力を10%アップ[最大解放]
自身のQuickカード性能を5%アップ＆宝具威力を10%アップ[最大解放]
自身のQuickカード性能を6%アップ＆Artsカード性能を6%アップ[最大解放]
自身のQuickカード性能を6%アップ＆Busterカード性能を6%アップ[最大解放]
自身のQuickカード性能を8%アップ
自身のQuickカード性能を8%アップ＆Artsカード性能を8%アップ＆NP獲得量を8%アップ
自身のQuickカード性能を8%アップ＆Artsカード性能を8%アップ＆宝具威力を5%アップ
自身のQuickカード性能を8%アップ＆Busterカード性能を8%アップ＆宝具威力を5%アップ
自身のQuickカード性能を8%アップ＆NPを30%チャージした状態でバトルを開始する
自身のQuickカード性能を8%アップ＆NP獲得量を15%アップ
自身のQuickカード性能を8%アップ＆NP獲得量を5%アップ[最大解放]
自身のQuickカード性能を8%アップ＆クリティカル威力を15%アップ
自身のQuickカード性能を8%アップ＆クリティカル威力を8%アップ＆NP獲得量を8%アップ
自身のQuickカード性能を8%アップ＆宝具威力を10%アップ＆クリティカル威力を10%アップ
自身のQuickカード性能を8%アップ＆宝具威力を8%アップ＆NP獲得量を8%アップ
自身のQuickカード性能をアップ(1ターン)
自身のQuickカード性能をアップ(1ターン)＆クリティカル威力をアップ(1ターン)
自身のQuickカード性能をアップ(1ターン)＆回避状態を付与(1ターン)
自身のQuickカード性能をアップ(1ターン)＆精神異常耐性を大アップ(3ターン)
自身のQuickカード性能をアップ(1回、3ターン)
自身のQuickカード性能をアップ(3ターン)＆Artsカード性能をアップ(3ターン)
自身のQuickカード性能をアップ(3ターン)＆Busterカード性能をアップ(3ターン)
自身のQuickカード性能をアップ(3ターン)＆NPを増やす ＋ スターを獲得
自身のQuickカード性能をアップ(3ターン)＆NP獲得量をアップ(3ターン)
自身のQuickカード性能をアップ(3ターン)＆クリティカル威力をアップ(3ターン)
自身のQuickカード性能をアップ(3ターン)＆スター発生率をアップ(3ターン)
自身のQuickカード性能をアップ(3ターン)＆回避状態を付与(2回・3ターン)
自身のQuickカード性能をアップ(3ターン)＆宝具威力をアップ(3ターン)
自身のQuickカード性能をアップ(3回・5ターン)＆スター発生率をアップ(3回・5ターン)
自身のQuickカード性能をアップ[{0}](1ターン)
自身のQuickカード性能をアップ[{0}](1ターン)＆回避状態を付与(1ターン)
自身のQuickカード性能をアップ[{0}](1ターン)＆精神異常耐性を大アップ(3ターン)
自身のQuickカード性能をアップ[{0}](1回、3ターン)
自身のQuickカード性能をアップ[{0}](3ターン)＆回避状態を付与(2回・3ターン)
自身のQuickカード性能をアップ[{0}](3ターン)＆宝具威力をアップ[{0}](3ターン)
自身のQuickカード性能をアップ▲(3ターン) ＋ スターを大量獲得▲
自身のQuickカード性能をアップ＆クリティカル威力をアップ
自身の『終局特異点 冠位時間神殿 ソロモン』における攻撃の威力を100%アップ
自身の『終局特異点 冠位時間神殿 ソロモン』における攻撃の威力を20%アップ
自身の『終局特異点 冠位時間神殿 ソロモン』における攻撃の威力を40%アップ
自身の『終局特異点 冠位時間神殿 ソロモン』における攻撃の威力を60%アップ
自身の『終局特異点 冠位時間神殿 ソロモン』における攻撃の威力を75%アップ
自身の『終局特異点 冠位時間神殿 ソロモン』における攻撃の威力を90%アップ
自身の『終章』のレイドクエストにおける攻撃の威力を100%アップ
自身の『終章』のレイドクエストにおける攻撃の威力を20%アップ
自身の『終章』のレイドクエストにおける攻撃の威力を40%アップ
自身の『終章』のレイドクエストにおける攻撃の威力を60%アップ
自身の『終章』のレイドクエストにおける攻撃の威力を75%アップ
自身の『終章』のレイドクエストにおける攻撃の威力を90%アップ
自身の〔アサシン〕クラスに対する攻撃力を{{1:Value:m}}%アップする
自身の〔アサシン〕クラスに対する攻撃力を{{1:Value:m}}%アップする[{0}]
自身の〔アサシン〕クラスに対する被クリティカル発生耐性を{{1:Value:m}}%アップする
自身の〔アルターエゴ〕クラスに対する攻撃力を{{1:Value:m}}%アップする
自身の〔アルターエゴ〕クラスに対する攻撃力を{{1:Value:m}}%アップする[{0}]
自身の〔アヴェンジャー〕クラスに対する攻撃力を{{1:Value:m}}%アップする
自身の〔アヴェンジャー〕クラスに対する攻撃力を{{1:Value:m}}%アップする[{0}]
自身の〔アーチャー〕クラスに対する攻撃力を{{1:Value:m}}%アップする
自身の〔アーチャー〕クラスに対する攻撃力を{{1:Value:m}}%アップする[{0}]
自身の〔アーチャー〕クラスに対する被クリティカル発生耐性を{{1:Value:m}}%アップする
自身の〔エクストラクラス〕に対する攻撃力を{{1:Value:m}}%アップする
自身の〔エクストラクラス〕に対する攻撃力を{{1:Value:m}}%アップする[{0}]
自身の〔キャスター〕クラスに対するクリティカル威力を25%アップする
自身の〔キャスター〕クラスに対するクリティカル威力を30%アップする[最大解放]
自身の〔キャスター〕クラスに対する攻撃力を{{1:Value:m}}%アップする
自身の〔キャスター〕クラスに対する攻撃力を{{1:Value:m}}%アップする[{0}]
自身の〔キャスター〕クラスに対する被クリティカル発生耐性を{{1:Value:m}}%アップする
自身の〔サーヴァント〕による宝具威力耐性をアップ
自身の〔サーヴァント〕に対するクリティカル威力をアップ
自身の〔セイバー〕クラスに対する攻撃力を{{1:Value:m}}%アップする
自身の〔セイバー〕クラスに対する攻撃力を{{1:Value:m}}%アップする[{0}]
自身の〔セイバー〕クラスに対する被クリティカル発生耐性を{{1:Value:m}}%アップする
自身の〔バーサーカー〕クラスに対する攻撃力を{{1:Value:m}}%アップする
自身の〔バーサーカー〕クラスに対する攻撃力を{{1:Value:m}}%アップする[{0}]
自身の〔ビースト〕クラスに対する攻撃力を{{1:Value:m}}%アップする
自身の〔ビースト〕クラスに対する攻撃力を{{1:Value:m}}%アップする[{0}]
自身の〔フォーリナー〕クラスに対する攻撃力を{{1:Value:m}}%アップする
自身の〔フォーリナー〕クラスに対する攻撃力を{{1:Value:m}}%アップする[{0}]
自身の〔フォーリナークラスと一部の例外クラス〕以外に対する攻撃力をアップ
自身の〔プリテンダー〕クラスに対する攻撃力を{{1:Value:m}}%アップする
自身の〔プリテンダー〕クラスに対する攻撃力を{{1:Value:m}}%アップする[{0}]
自身の〔ムーンキャンサー〕クラスに対する攻撃力を{{1:Value:m}}%アップする
自身の〔ムーンキャンサー〕クラスに対する攻撃力を{{1:Value:m}}%アップする[{0}]
自身の〔ライダー〕クラスに対する攻撃力を{{1:Value:m}}%アップする
自身の〔ライダー〕クラスに対する攻撃力を{{1:Value:m}}%アップする[{0}]
自身の〔ライダー〕クラスに対する被クリティカル発生耐性を{{1:Value:m}}%アップする
自身の〔ランサー〕クラスに対する攻撃力を{{1:Value:m}}%アップする
自身の〔ランサー〕クラスに対する攻撃力を{{1:Value:m}}%アップする[{0}]
自身の〔ランサー〕クラスに対する被クリティカル発生耐性を{{1:Value:m}}%アップする
自身の〔ルーラー〕クラスに対する攻撃力を{{1:Value:m}}%アップする
自身の〔ルーラー〕クラスに対する攻撃力を{{1:Value:m}}%アップする[{0}]
自身の〔ルーラー〕クラスに対する被クリティカル発生耐性を{{1:Value:m}}%アップする
自身の〔人の力を持つ敵〕に対するクリティカル威力をアップ
自身の〔人の力を持つ敵〕に対するクリティカル威力を少しアップ
自身の〔人型〕の敵からの攻撃に対する防御力をアップ
自身の〔増殖〕が多いほど宝具で与えるダメージをアップ
自身の〔悪〕または〔善特攻持ち〕または〔サーヴァント以外〕に対する攻撃力をアップ
自身の〔秩序〕または〔悪特攻持ち〕または〔サーヴァント〕の敵からの攻撃に対する防御力をアップ
自身の〔虞美人〕に対する攻撃力を20%ダウン【デメリット】
自身のクリティカル威力を10%アップする[最大解放]
自身のクリティカル威力を10%アップ＆HP回復量を10%アップ[最大解放]
自身のクリティカル威力を10%アップ＆被クリティカル発生耐性を5%アップ[最大解放]
自身のクリティカル威力を15%アップ
自身のクリティカル威力を15%アップする
自身のクリティカル威力を15%アップ＆NPを30%チャージした状態でバトルを開始する
自身のクリティカル威力を15%アップ＆宝具威力を15%アップ
自身のクリティカル威力を15%アップ＆宝具威力を15%アップ＆魅了付与成功率を12%アップ
自身のクリティカル威力を15%アップ＆毎ターンスター3個獲得状態を付与
自身のクリティカル威力を15%アップ＆被強化成功率を10%アップ
自身のクリティカル威力を20%アップする[最大解放]
自身のクリティカル威力を20%アップ＆NPを50%チャージした状態でバトルを開始する[最大解放]
自身のクリティカル威力を20%アップ＆NP獲得量を5%アップ
自身のクリティカル威力を20%アップ＆宝具威力を20%アップ[最大解放]
自身のクリティカル威力を20%アップ＆毎ターンスターを3個獲得する状態を付与
自身のクリティカル威力を20%アップ＆被強化成功率を15%アップ[最大解放]
自身のクリティカル威力を25%アップする
自身のクリティカル威力を25%アップ＆NP獲得量を10%アップ[最大解放]
自身のクリティカル威力を25%アップ＆毎ターンスターを4個獲得する状態を付与[最大解放]
自身のクリティカル威力を30%アップする[最大解放]
自身のクリティカル威力を40%アップ＆防御力を20%ダウン【デメリット】
自身のクリティカル威力を5%アップする
自身のクリティカル威力を5%アップ＆HP回復量を5%アップ
自身のクリティカル威力を5%アップ＆被クリティカル発生耐性を3%アップ
自身のクリティカル威力を50%アップ[最大解放]＆防御力を20%ダウン【デメリット】
自身のクリティカル威力を{{1:Value:m}}%アップする
自身のクリティカル威力を{{1:Value:m}}%アップする[{0}]
自身のクリティカル威力をアップ
自身のクリティカル威力をアップ(1ターン)
自身のクリティカル威力をアップ(1ターン) ＋ スターを大量獲得▲
自身のクリティカル威力をアップ(1ターン)＆〔機械〕特攻状態を付与(3ターン)
自身のクリティカル威力をアップ(1ターン)＆無敵貫通状態を付与(1ターン)
自身のクリティカル威力をアップ(3ターン)
自身のクリティカル威力をアップ(3ターン)＆スター集中度をアップ(3ターン)
自身のクリティカル威力をアップ(3ターン)＆スター集中度をアップ(3ターン)＆NPを増やす
自身のクリティカル威力をアップ(3ターン)＆ハイド時さらにクリティカル威力をアップ(3ターン)
自身のクリティカル威力をアップ(3ターン)＆弱体耐性をアップ(3ターン)
自身のクリティカル威力をアップ(3ターン)＆弱体耐性をアップ(3ターン)＆NPを増やす▲
自身のクリティカル威力をアップ(3回・3ターン)
自身のクリティカル威力をアップ(3回・3ターン)＆回避状態を付与(1回・1ターン)
自身のクリティカル威力をアップ(3回・5ターン)＆攻撃力をアップ(3回・5ターン)
自身のクリティカル威力をアップ[{0}](1ターン)
自身のクリティカル威力をアップ[{0}](1ターン)＆無敵貫通状態を付与(1ターン)
自身のクリティカル威力をアップ[{0}](3ターン)
自身のクリティカル威力をアップ[{0}](3ターン)＆スター集中度をアップ[{0}](3ターン)
自身のクリティカル威力をアップ[{0}](3ターン)＆弱体耐性をアップ[{0}](3ターン)
自身のクリティカル威力をアップ[{0}](3回・3ターン)
自身のクリティカル威力をアップ[{0}](3回・3ターン)＆回避状態を付与(1回・1ターン)
自身のクリティカル威力をアップ＆Artsカード性能をアップ
自身のクリティカル威力をアップ＆スター発生率をアップ
自身のクリティカル威力をアップ＆即死耐性をアップ＆精神異常耐性をアップ
自身のクリティカル威力をアップ＆弱体耐性をアップ
自身のクリティカル威力をアップ＆被ダメージカット状態を付与
自身のクリティカル威力を少しアップ
自身のクリティカル威力を少しアップ＆即死耐性をアップ＆精神異常耐性をアップ
自身のクリティカル攻撃時に〔ローマ〕特性を付与する
自身のクリティカル攻撃時に敵単体の強化状態を解除する
自身のクリティカル攻撃時に敵単体の防御力をダウン
自身のクリティカル攻撃時に自身のクリティカル威力をアップ
自身のスキルチャージを1進める＆NPを増やす[{0}]＆宝具タイプを選んで変化させる(3ターン)
自身のスキルチャージを1進める＆NPを増やす＆宝具タイプを選んで変化させる(3ターン)
自身のスタン付与成功率を12%アップ
自身のスタン付与成功率を15%アップ[最大解放]
自身のスタン耐性を25%アップ
自身のスタン耐性を30%アップ[最大解放]
自身のスター発生率を10%アップする[最大解放]
自身のスター発生率を10%アップ＆クリティカル威力を10%アップ[最大解放]
自身のスター発生率を15%アップする
自身のスター発生率を15%アップ＆NP獲得量を15%アップ
自身のスター発生率を15%アップ＆クリティカル威力を15%アップ
自身のスター発生率を20%アップする[最大解放]
自身のスター発生率を20%アップ＆NP獲得量を20%アップ[最大解放]
自身のスター発生率を20%アップ＆クリティカル威力を20%アップ[最大解放]
自身のスター発生率を20%アップ＆毎ターンスター3個獲得状態を付与
自身のスター発生率を25%アップする
自身のスター発生率を25%アップ＆毎ターンスター4個獲得状態を付与[最大解放]
自身のスター発生率を30%アップする[最大解放]
自身のスター発生率を4%アップ＆クリティカル威力を4%アップ＆宝具威力を4%アップ
自身のスター発生率を5%アップする
自身のスター発生率を5%アップ＆クリティカル威力を5%アップ
自身のスター発生率を8%アップ＆クリティカル威力を8%アップ＆宝具威力を8%アップ[最大解放]
自身のスター発生率をアップ
自身のスター発生率をアップ&弱体耐性をダウン【デメリット】
自身のスター発生率をアップ(1ターン)<オーバーチャージで効果アップ> ＋ 敵全体に強力な攻撃
自身のスター発生率をアップ(3ターン)
自身のスター発生率をアップ[{0}](3ターン)
自身のスター発生率をアップ▲(3ターン)＆クリティカル威力をアップ▲(3ターン)
自身のスター発生率をアップ▲(3ターン)＆弱体無効状態を付与▲(5ターン)
自身のスター発生率をアップ＆クリティカル威力をアップ
自身のスター発生率をアップ＆即死耐性を小ダウン【デメリット】
自身のスター発生率をアップ＆被クリティカル発生耐性を少しダウン【デメリット】
自身のスター発生率を大アップ(3ターン)
自身のスター発生率を大アップ[{0}](3ターン)
自身のスター発生率を少しアップ
自身のスター集中度を100%アップする[最大解放]
自身のスター集中度を100%アップ＆Artsカード性能を2%アップ
自身のスター集中度を100%アップ＆HP回復量を40%アップ
自身のスター集中度を100%アップ＆NP獲得量を5%アップ
自身のスター集中度を100%アップ＆Quickカードの性能を2%アップ
自身のスター集中度を100%アップ＆クリティカル威力を3%アップ＆NP獲得量を3%アップ
自身のスター集中度を100%アップ＆クリティカル威力を5%アップ
自身のスター集中度を100%アップ＆スター発生率を5%アップ
自身のスター集中度を100%アップ＆宝具威力を5%アップ
自身のスター集中度を100%アップ＆毎ターンスター1個獲得状態を付与
自身のスター集中度を200%アップ
自身のスター集中度を200%アップ[最大解放]＆スター発生率を10%アップ[最大解放]
自身のスター集中度を200%アップ＆Artsカード性能を3%アップ[最大解放]
自身のスター集中度を200%アップ＆HP回復量を50%アップ[最大解放]
自身のスター集中度を200%アップ＆NP獲得量を10%アップ[最大解放]
自身のスター集中度を200%アップ＆Quickカードの性能を3%アップ[最大解放]
自身のスター集中度を200%アップ＆クリティカル威力を10%アップ[最大解放]
自身のスター集中度を200%アップ＆クリティカル威力を15%アップ
自身のスター集中度を200%アップ＆宝具使用時にチャージ段階を1段階分上げる(1回)
自身のスター集中度を200%アップ＆宝具威力を10%アップ[最大解放]
自身のスター集中度を200%アップ＆毎ターンスター2個獲得状態を付与[最大解放]
自身のスター集中度を300%アップ(3ターン)＆弱体耐性を15%アップ(3ターン)
自身のスター集中度を300%アップ[最大解放]
自身のスター集中度を300%アップ＆Artsカード性能を3%アップ＆NP獲得量を5%アップ
自身のスター集中度を300%アップ＆Artsカード性能を3%アップ＆宝具威力を5%アップ
自身のスター集中度を300%アップ＆Artsカード性能を8%アップ
自身のスター集中度を300%アップ＆NP獲得量を10%アップ
自身のスター集中度を300%アップ＆Quickカード性能を8%アップ
自身のスター集中度を300%アップ＆クリティカル威力を20%アップ[最大解放]
自身のスター集中度を300%アップ＆ダメージを300カットする状態を付与
自身のスター集中度を300%アップ＆宝具使用時にチャージ段階を1段階分上げる(1回)[最大解放]
自身のスター集中度を300%アップ＆宝具威力を5%アップ＆NP獲得量を5%アップ
自身のスター集中度を300%アップ＆毎ターンHP200回復状態を付与
自身のスター集中度を400%アップ(3ターン)＆弱体耐性を20%アップ(3ターン)[最大解放]
自身のスター集中度を400%アップ＆Artsカード性能を10%アップ
自身のスター集中度を400%アップ＆Artsカード性能を10%アップ[最大解放]
自身のスター集中度を400%アップ＆Busterカード性能を10%アップ
自身のスター集中度を400%アップ＆NP獲得量を15%アップ[最大解放]
自身のスター集中度を400%アップ＆NP獲得量を20%アップ
自身のスター集中度を400%アップ＆Quickカード性能を10%アップ
自身のスター集中度を400%アップ＆Quickカード性能を10%アップ[最大解放]
自身のスター集中度を400%アップ＆クリティカル威力を20%アップ
自身のスター集中度を400%アップ＆ダメージを400カットする状態を付与[最大解放]
自身のスター集中度を400%アップ＆宝具威力を10%アップ＆NP獲得量を10%アップ[最大解放]
自身のスター集中度を400%アップ＆毎ターンHP300回復状態を付与[最大解放]
自身のスター集中度を400%アップ＆毎ターンスター3個獲得状態を付与
自身のスター集中度を50%アップする
自身のスター集中度を600%アップする
自身のスター集中度を600%アップ＆Artsカード性能を15%アップ[最大解放]
自身のスター集中度を600%アップ＆Busterカード性能を15%アップ[最大解放]
自身のスター集中度を600%アップ＆NP獲得量を25%アップ[最大解放]
自身のスター集中度を600%アップ＆Quickカード性能を15%アップ[最大解放]
自身のスター集中度を600%アップ＆クリティカル威力を25%アップ[最大解放]
自身のスター集中度を600%アップ＆毎ターンスター4個獲得状態を付与[最大解放]
自身のスター集中度を800%アップする[最大解放]
自身のスター集中度をアップ(1ターン)
自身のスター集中度をアップ(1ターン) ＋ スターを獲得
自身のスター集中度をアップ(1ターン)＆Busterカード性能をアップ(1ターン)
自身のスター集中度をアップ(1ターン)＆NPを増やす▲ ＋ スターを獲得
自身のスター集中度をアップ(1ターン)＆NP獲得量をアップ(1ターン)
自身のスター集中度をアップ(1ターン)＆クリティカル威力をアップ(1ターン)
自身のスター集中度をアップ(1ターン)＆クリティカル威力をアップ(1ターン)＆NPを増やす
自身のスター集中度をアップ(1ターン)＆クリティカル威力をアップ(1ターン)＋スターを獲得
自身のスター集中度をアップ(1ターン)＆スターを獲得
自身のスター集中度をアップ(1ターン)＆弱体無効状態を付与(3ターン)
自身のスター集中度をアップ(1ターン)＆弱体状態を解除
自身のスター集中度をアップ(1ターン)＆防御力をアップ(1ターン)
自身のスター集中度をアップ(3ターン)
自身のスター集中度をアップ(3ターン) ＋ 味方全体のスター発生率をアップ(3ターン)
自身のスター集中度をアップ(3ターン)&スターを獲得
自身のスター集中度をアップ(3ターン)＆ガッツ状態を付与(1回・3ターン)
自身のスター集中度をアップ(3ターン)＆クリティカル威力をアップ(3ターン)
自身のスター集中度をアップ(3ターン)＆クリティカル威力をアップ(3回・3ターン)▲
自身のスター集中度をアップ(3ターン)＆スターを大量獲得
自身のスター集中度をアップ(3ターン)＆スターを大量獲得[{0}]
自身のスター集中度をアップ[{0}](1ターン)
自身のスター集中度をアップ[{0}](1ターン) ＋ スターを獲得[{0}]
自身のスター集中度をアップ[{0}](1ターン)＆NP獲得量をアップ[{0}](1ターン)
自身のスター集中度をアップ[{0}](1ターン)＆クリティカル威力をアップ[{0}](1ターン)
自身のスター集中度をアップ[{0}](1ターン)＆スターを獲得[{0}]
自身のスター集中度をアップ[{0}](1ターン)＆弱体無効状態を付与(3ターン)
自身のスター集中度をアップ[{0}](1ターン)＆弱体状態を解除
自身のスター集中度をアップ[{0}](1ターン)＆防御力をアップ[{0}](1ターン)
自身のスター集中度をアップ[{0}](3ターン)
自身のスター集中度をアップ[{0}](3ターン)&スターを獲得[{0}]
自身のスター集中度をアップ[{0}](3ターン)＆ガッツ状態を付与[{0}](1回・3ターン)
自身のスター集中度をアップ[{0}](3ターン)＆クリティカル威力をアップ[{0}](3ターン)
自身のスター集中度をダウン(1ターン) ＋ スターを獲得
自身のスター集中度をダウン(1ターン) ＋ スターを獲得[{0}]
自身のスター集中度をダウン(3ターン) ＋ 味方全体のクリティカル威力をアップ(3ターン)
自身のスター集中度を大アップ(1ターン)
自身のスター集中度を大アップ(1ターン)＆クリティカル威力をアップ(1ターン)▲＆NPを増やす▲
自身のスター集中度を大アップ(3ターン)
自身のスター集中度を大アップ(3ターン)＆NPを増やす▲
自身のスター集中度を大アップ[{0}](1ターン)
自身のスター集中度を大アップ[{0}](3ターン)
自身のダメージを100カットする状態を付与＆スター発生率を5%アップ
自身のダメージを200カットする状態を付与＆スター発生率を10%アップ[最大解放]
自身の与HP回復量を10%アップ[最大解放]
自身の与HP回復量を10%アップ＆NP獲得量を5%アップ
自身の与HP回復量を15%アップ
自身の与HP回復量を15%アップ＆NP獲得量を10%アップ[最大解放]
自身の与HP回復量を20%アップ[最大解放]
自身の与HP回復量を5%アップ
自身の与回復量をアップ(1ターン)
自身の与回復量をアップ[{0}](1ターン)
自身の即死付与成功率を10%アップ[最大解放]
自身の即死付与成功率を5%アップ
自身の即死付与成功率をアップ(1ターン)＆回避状態を付与(2回・3ターン)
自身の即死付与成功率をアップ(3ターン)＆HPを回復
自身の即死付与成功率をアップ(3ターン)＆弱体成功率をアップ(3ターン)
自身の即死付与成功率をアップ[{0}](1ターン)＆回避状態を付与(2回・3ターン)
自身の即死付与成功率をアップ[{0}](3ターン)＆HPを回復[{0}]
自身の即死付与成功率をアップ[{0}](3ターン)＆弱体成功率をアップ[{0}](3ターン)
自身の即死耐性を10%アップする[最大解放]
自身の即死耐性を15%アップする
自身の即死耐性を20%アップする[最大解放]
自身の即死耐性を5%アップする
自身の即死耐性を60%アップ
自身の即死耐性を80%アップ[最大解放]
自身の即死耐性をアップ
自身の呪い付与成功率をアップ
自身の宝具の威力を15%アップ＆NPを30%チャージした状態でバトルを開始する
自身の宝具の威力を20%アップ＆NPを50%チャージした状態でバトルを開始する[最大解放]
自身の宝具使用時にチャージ段階を2段階分上げる(3回)
自身の宝具使用時にチャージ段階を2段階分上げる(4回)[最大解放]
自身の宝具威力が毎ターン5%アップ(最大40%)
自身の宝具威力が毎ターン5%アップ(最大50%)[最大解放]
自身の宝具威力を10%アップする[最大解放]
自身の宝具威力を10%アップ＆HP回復量を10%アップ[最大解放]
自身の宝具威力を10%アップ＆NPを20%チャージした状態でバトルを開始する
自身の宝具威力を10%アップ＆NPを30%チャージした状態でバトルを開始する
自身の宝具威力を15%アップ
自身の宝具威力を15%アップする
自身の宝具威力を15%アップ＆Busterカード性能を8%アップ
自身の宝具威力を15%アップ＆HP回復量を10%アップ
自身の宝具威力を15%アップ＆NPを30%チャージした状態でバトルを開始する[最大解放]
自身の宝具威力を15%アップ＆NPを50%チャージした状態でバトルを開始する[最大解放]
自身の宝具威力を15%アップ＆宝具使用時にチャージ段階を1段階分上げる(1回)
自身の宝具威力を20%アップする[最大解放]
自身の宝具威力を20%アップ＆Busterカード性能を10%アップ[最大解放]
自身の宝具威力を20%アップ＆HP回復量を20%アップ[最大解放]
自身の宝具威力を20%アップ＆NP獲得量を5%アップ
自身の宝具威力を20%アップ＆宝具使用時にチャージ段階を1段階分上げる(1回)[最大解放]
自身の宝具威力を20%アップ＆宝具使用時にチャージ段階を2段階分上げる(1回)
自身の宝具威力を20%アップ＆毎ターンスター3個獲得状態を付与
自身の宝具威力を25%アップする
自身の宝具威力を25%アップ＆NP獲得量を10%アップ[最大解放]
自身の宝具威力を25%アップ＆宝具使用時にチャージ段階を2段階分上げる(1回)[最大解放]
自身の宝具威力を25%アップ＆毎ターンスター4個獲得状態を付与[最大解放]
自身の宝具威力を30%アップする[最大解放]
自身の宝具威力を40%アップする
自身の宝具威力を5%アップする
自身の宝具威力を5%アップ＆HP回復量を5%アップ
自身の宝具威力を50%アップする[最大解放]
自身の宝具威力を60%アップ＆毎ターンHP500減少状態を付与【デメリット】
自身の宝具威力を80%アップ[最大解放]＆毎ターンHP500減少状態を付与【デメリット】
自身の宝具威力をアップ
自身の宝具威力をアップ(1ターン)<オーバーチャージで効果アップ> ＋ 敵全体に強力な攻撃
自身の宝具威力をアップ(1ターン)<オーバーチャージで効果アップ> ＋ 敵単体に超強力な攻撃
自身の宝具威力をアップ(1ターン)<オーバーチャージで効果アップ>＆敵全体に強力な攻撃
自身の宝具威力をアップ(1ターン)<オーバーチャージで効果アップ>＆敵全体に強力な攻撃[{0}]
自身の宝具威力をアップ(1ターン)＆回避状態を付与(1回・3ターン)
自身の宝具威力をアップ(3ターン) ＋ 敵全体に高確率で魅了状態を付与(1ターン)
自身の宝具威力をアップ(3ターン)＆NPを増やす＆毎ターンスター獲得状態を付与(3ターン)
自身の宝具威力をアップ(3ターン)＆攻撃力をアップ(3ターン)＆NPを増やす
自身の宝具威力をアップ[{0}](1ターン)＆回避状態を付与(1回・3ターン)
自身の宝具威力をアップ＆クリティカル威力をアップ
自身の宝具威力を大アップ(1ターン)＆やけど状態を付与(5ターン)【デメリット】
自身の弱体付与成功率を10%アップ＆NPを20%チャージした状態でバトルを開始する[最大解放]
自身の弱体付与成功率を12%アップ＆クリティカル威力を5%アップ
自身の弱体付与成功率を15%アップ
自身の弱体付与成功率を15%アップ＆クリティカル威力を10%アップ[最大解放]
自身の弱体付与成功率を20%アップ[最大解放]
自身の弱体付与成功率を3%アップする
自身の弱体付与成功率を3%アップ＆弱体耐性を5%アップ
自身の弱体付与成功率を5%アップする[最大解放]
自身の弱体付与成功率を5%アップ＆NPを10%チャージした状態でバトルを開始する
自身の弱体付与成功率を5%アップ＆弱体耐性を10%アップ[最大解放]
自身の弱体付与成功率をアップ
自身の弱体付与成功率をアップ＆強化解除耐性をアップ
自身の弱体付与成功率を少しアップ
自身の弱体付与成功率を少しアップ＆Quickカード性能を少しアップ
自身の弱体付与成功率を少しアップ＆クリティカル威力を少しアップ
自身の弱体付与成功率を少しアップ＆スター発生率をアップ
自身の弱体成功率を10%アップする
自身の弱体成功率を12%アップする[最大解放]
自身の弱体状態を解除＆Busterカード性能をアップ(1ターン)
自身の弱体状態を解除＆Busterカード性能をアップ[{0}](1ターン)
自身の弱体状態を解除＆HPを回復
自身の弱体状態を解除＆HPを回復[{0}]
自身の弱体状態を解除＆HPを回復＆ガッツ状態を付与(1回・3ターン・他のガッツ状態と重複可能)▲
自身の弱体状態を解除＆弱体耐性を大アップ(3ターン)
自身の弱体状態を解除＆弱体耐性を大アップ[{0}](3ターン)
自身の弱体状態を解除＆最大HPがアップする状態を付与(3ターン)
自身の弱体状態を解除＆最大HPがアップする状態を付与[{0}](3ターン)
自身の弱体状態を解除＆最大HPが増える状態を付与(3ターン)
自身の弱体状態を解除＆最大HPが増える状態を付与[{0}](3ターン)
自身の弱体状態を解除＆防御力を大アップ(1ターン)＆NPを増やす
自身の弱体状態を解除＆防御力を大アップ[{0}](1ターン)＆NPを増やす[{0}]
自身の弱体耐性を10%アップする[最大解放]
自身の弱体耐性を10%アップ＆NP獲得量を10%アップ[最大解放]
自身の弱体耐性を10%アップ＆スター集中度を200%アップする[最大解放]
自身の弱体耐性を15%アップする
自身の弱体耐性を20%アップする[最大解放]
自身の弱体耐性を25%アップする
自身の弱体耐性を30%アップする[最大解放]
自身の弱体耐性を5%アップする
自身の弱体耐性を5%アップ＆NP獲得量を5%アップ
自身の弱体耐性を5%アップ＆スター集中度を100%アップする
自身の弱体耐性をアップ
自身の弱体耐性をアップ(3ターン)＆HPを大回復
自身の弱体耐性をアップ[{0}](3ターン)＆HPを大回復[{0}]
自身の弱体耐性をアップ＆〔死霊〕に対する弱体耐性をアップ
自身の弱体耐性をアップ＆スター発生率をアップ
自身の弱体耐性をアップ＆即死耐性を小ダウン【デメリット】
自身の弱体耐性をアップ＆弱体付与成功率をアップ
自身の弱体耐性をアップ＆毎ターンHP回復状態を付与＆防御力をアップ＆攻撃力をアップ
自身の弱体耐性をダウン<強化扱い>【デメリット】＆弱体状態の時に攻撃力がアップする状態を付与
自身の弱体耐性を少しアップ
自身の強化解除耐性を10%アップ＆弱体耐性を10%アップ[最大解放]
自身の強化解除耐性を15%アップする
自身の強化解除耐性を20%アップする[最大解放]
自身の強化解除耐性を5%アップ＆弱体耐性を5%アップ
自身の強化解除耐性をアップ
自身の強化解除耐性をアップ＆与ダメージプラス状態を付与＆弱体耐性をアップ
自身の強化解除耐性をアップ＆即死耐性をアップ
自身の強化解除耐性をアップ＆弱体耐性をアップ
自身の強化解除耐性をアップ＆弱体耐性をダウン【デメリット】
自身の攻撃の威力を50%アップ【Fate20周年記念キャンペーン期間限定】
自身の攻撃の威力を50%アップ【巡霊の祝祭 新春キャンペーン期間限定】
自身の攻撃の威力を50%アップ【巡霊の祝祭 第10弾期間限定】
自身の攻撃の威力を50%アップ【巡霊の祝祭 第11弾期間限定】
自身の攻撃の威力を50%アップ【巡霊の祝祭 第12弾期間限定】
自身の攻撃の威力を50%アップ【巡霊の祝祭 第13弾期間限定】
自身の攻撃の威力を50%アップ【巡霊の祝祭 第14弾期間限定】
自身の攻撃の威力を50%アップ【巡霊の祝祭 第1弾期間限定】
自身の攻撃の威力を50%アップ【巡霊の祝祭 第2弾期間限定】
自身の攻撃の威力を50%アップ【巡霊の祝祭 第3弾期間限定】
自身の攻撃の威力を50%アップ【巡霊の祝祭 第4弾期間限定】
自身の攻撃の威力を50%アップ【巡霊の祝祭 第5弾期間限定】
自身の攻撃の威力を50%アップ【巡霊の祝祭 第6弾期間限定】
自身の攻撃の威力を50%アップ【巡霊の祝祭 第7弾期間限定】
自身の攻撃の威力を50%アップ【巡霊の祝祭 第8弾期間限定】
自身の攻撃力を10%アップ＆NPを30%チャージした状態でバトルを開始する
自身の攻撃力を10%アップ＆毎ターンスター3個獲得状態を付与
自身の攻撃力を15%アップ(3ターン)
自身の攻撃力を15%アップ＆NPを50%チャージした状態でバトルを開始する[最大解放]
自身の攻撃力を2%アップする
自身の攻撃力を20%アップ(3ターン)[最大解放]
自身の攻撃力を25%アップ(3ターン)＆被クリティカル発生耐性を25%アップ(3ターン)
自身の攻撃力を25%アップ(3ターン)＆防御力を25%アップ(3ターン)
自身の攻撃力を30%アップ(3ターン)＆防御力を30%アップ(3ターン)[最大解放]
自身の攻撃力を4%アップする[最大解放]
自身の攻撃力をアップ(1ターン)
自身の攻撃力をアップ(1ターン)&攻撃力をアップ(3ターン)＆弱体無効状態を付与(1ターン)
自身の攻撃力をアップ(1ターン)＆スター集中度をアップ(1ターン)
自身の攻撃力をアップ(1ターン)＆宝具威力をアップ(1ターン)
自身の攻撃力をアップ(1ターン)＆自身に無敵状態を付与(1ターン)
自身の攻撃力をアップ(1ターン)＆防御力をアップ(3ターン)＆弱体耐性をアップ(3ターン)
自身の攻撃力をアップ(2ターン)
自身の攻撃力をアップ(3ターン)
自身の攻撃力をアップ(3ターン) ＋ スターを獲得
自身の攻撃力をアップ(3ターン) ＋ 味方全体のBusterカード性能をアップ(3ターン)
自身の攻撃力をアップ(3ターン) ＋ 味方全体のQuickカード性能をアップ(3ターン)
自身の攻撃力をアップ(3ターン) ＋ 敵単体の攻撃力をダウン(3ターン) ＋ スターを獲得
自身の攻撃力をアップ(3ターン)<オーバーチャージで効果アップ> ＋ 敵全体に強力な攻撃
自身の攻撃力をアップ(3ターン)▲＆自身に無敵状態を付与(1ターン)
自身の攻撃力をアップ(3ターン)＆〔弱体状態(解除不能な状態は除く)〕特攻状態を付与(3ターン)
自身の攻撃力をアップ(3ターン)＆〔死霊〕特攻状態を付与(3ターン)
自身の攻撃力をアップ(3ターン)＆クリティカル威力をアップ(3ターン) ＋ スターを獲得
自身の攻撃力をアップ(3ターン)＆クリティカル威力をアップ(3ターン)＆NPを増やす
自身の攻撃力をアップ(3ターン)＆スター集中度をアップ(1ターン)
自身の攻撃力をアップ(3ターン)＆ハイド時さらに攻撃力をアップ(3ターン)
自身の攻撃力をアップ(3ターン)＆宝具威力をアップ(3ターン)＆NP獲得量をアップ(3ターン)
自身の攻撃力をアップ(3ターン)＆弱体状態を解除 ＋ スターを獲得
自身の攻撃力をアップ(3ターン)＆精神異常耐性をアップ(3ターン)
自身の攻撃力をアップ(3ターン)＆防御力をダウン(3ターン)【デメリット】
自身の攻撃力をアップ(3ターン▲)＆〔人の力を持つ敵〕特攻状態を付与(3ターン)▲
自身の攻撃力をアップ(3回、5ターン)
自身の攻撃力をアップ(3回・3ターン)＆NPを増やす
自身の攻撃力をアップ(3回・3ターン)＆クリティカル威力をアップ(3回・3ターン)
自身の攻撃力をアップ[{0}](1ターン)
自身の攻撃力をアップ[{0}](1ターン)＆スター集中度をアップ[{0}](1ターン)
自身の攻撃力をアップ[{0}](1ターン)＆宝具威力をアップ[{0}](1ターン)
自身の攻撃力をアップ[{0}](1ターン)＆自身に無敵状態を付与(1ターン)
自身の攻撃力をアップ[{0}](2ターン)
自身の攻撃力をアップ[{0}](3ターン)
自身の攻撃力をアップ[{0}](3ターン) ＋ スターを獲得[{0}]
自身の攻撃力をアップ[{0}](3ターン)＆〔死霊〕特攻状態を付与[{0}](3ターン)
自身の攻撃力をアップ[{0}](3ターン)＆スター集中度をアップ[{0}](1ターン)
自身の攻撃力をアップ[{0}](3ターン)＆ハイド時さらに攻撃力をアップ[{0}](3ターン)
自身の攻撃力をアップ[{0}](3ターン)＆弱体状態を解除 ＋ スターを獲得[{0}]
自身の攻撃力をアップ[{0}](3ターン)＆精神異常耐性をアップ[{0}](3ターン)
自身の攻撃力をアップ[{0}](3ターン)＆防御力をダウン(3ターン)【デメリット】
自身の攻撃力をアップ[{0}](3回、5ターン)
自身の攻撃力をアップ[{0}](3回・3ターン)＆NPを増やす[{0}]
自身の攻撃力を大アップ(1ターン)
自身の攻撃力を大アップ[{0}](1ターン)
自身の攻撃力を確率でアップ(3ターン)＆防御力を確率でアップ(3ターン)＆HPを回復
自身の攻撃弱体耐性を25%アップ
自身の攻撃弱体耐性を30%アップ[最大解放]
自身の攻撃弱体耐性をアップ(3ターン)＆HPを大回復
自身の攻撃弱体耐性をアップ(3ターン)＆HPを大回復▲＆NPを増やす▲
自身の攻撃弱体耐性をアップ(3ターン)＆防御力をアップ(3ターン)
自身の攻撃弱体耐性をアップ[{0}](3ターン)＆HPを大回復[{0}]
自身の攻撃弱体耐性をアップ[{0}](3ターン)＆防御力をアップ[{0}](3ターン)
自身の攻撃弱体耐性をアップ▲(3ターン)＆HPを大回復▲＆スター集中度をアップ▲(1ターン)
自身の毒・呪い・やけど耐性を25%アップ
自身の毒・呪い・やけど耐性を30%アップ[最大解放]
自身の毒付与成功率をアップ＆精神異常耐性をアップ
自身の登場時にスターを10個獲得(1回)
自身の登場時にスターを10個獲得(1回)＆Artsカード性能を3%アップ＆NP獲得量を5%アップ
自身の登場時にスターを10個獲得(1回)＆Artsカード性能を3%アップ＆宝具威力を5%アップ
自身の登場時にスターを10個獲得(1回)＆Artsカード性能を8%アップ
自身の登場時にスターを10個獲得(1回)＆Busterカード性能を8%アップ
自身の登場時にスターを10個獲得(1回)＆NP獲得量を15%アップ
自身の登場時にスターを10個獲得(1回)＆Quickカード性能を3%アップ＆宝具威力を5%アップ
自身の登場時にスターを10個獲得(1回)＆Quickカード性能を8%アップ
自身の登場時にスターを10個獲得(1回)＆クリティカル威力を15%アップ
自身の登場時にスターを10個獲得(1回)＆クリティカル威力を5%アップ＆宝具威力を5%アップ
自身の登場時にスターを10個獲得(1回)＆宝具威力を15%アップ
自身の登場時にスターを10個獲得(1回)＆被ダメージを300カットする状態を付与
自身の登場時にスターを12個獲得(1回)＆Artsカード性能を10%アップ[最大解放]
自身の登場時にスターを12個獲得(1回)＆Busterカード性能を10%アップ[最大解放]
自身の登場時にスターを12個獲得(1回)＆NP獲得量を20%アップ[最大解放]
自身の登場時にスターを12個獲得(1回)＆Quickカード性能を10%アップ[最大解放]
自身の登場時にスターを12個獲得(1回)＆クリティカル威力を20%アップ[最大解放]
自身の登場時にスターを12個獲得(1回)＆宝具威力を20%アップ[最大解放]
自身の登場時にスターを12個獲得(1回)＆被ダメージを400カットする状態を付与[最大解放]
自身の登場時に一度だけ味方全体のBusterカード性能を10%アップ(3ターン)
自身の登場時に一度だけ味方全体のBusterカード性能を15%アップ(3ターン)[最大解放]
自身の登場時に一度だけ味方全体の攻撃力を10%アップ(3ターン)
自身の登場時に一度だけ味方全体の攻撃力を15%アップ(3ターン)[最大解放]
自身の精神異常付与成功率をアップ(3ターン)＆精神異常耐性をアップ(3ターン)
自身の精神異常付与成功率アップ(3ターン)＆HP大回復
自身の精神異常付与成功率アップ[{0}](3ターン)＆HP大回復[{0}]
自身の精神異常状態を解除 ＋ スターを大量獲得
自身の精神異常状態を解除 ＋ スターを大量獲得[{0}]
自身の精神異常耐性をアップ
自身の精神異常耐性をアップ(3ターン)＆HPを回復
自身の精神異常耐性をアップ[{0}](3ターン)＆HPを回復[{0}]
自身の精神異常耐性をアップ＆睡眠耐性を大ダウン【デメリット】
自身の精神異常耐性を大アップ(3ターン)＆HPを回復
自身の精神異常耐性を大アップ[{0}](3ターン)＆HPを回復[{0}]
自身の被クリティカル発生耐性を20%アップする
自身の被クリティカル発生耐性を25%アップする[最大解放]
自身の被クリティカル発生耐性をアップ
自身の被クリティカル発生耐性をアップ＆クリティカル威力をアップ
自身の被クリティカル発生耐性をアップ＆スター発生率をアップ
自身の被クリティカル発生耐性をアップ＆スター集中度を少しアップ
自身の被クリティカル発生耐性を少しアップ
自身の被ダメージを100カットする状態を付与＆Artsカード性能を3%アップ
自身の被ダメージを100カットする状態を付与＆Busterカード性能を3%アップ
自身の被ダメージを100カットする状態を付与＆NP獲得量を5%アップ
自身の被ダメージを100カットする状態を付与＆Quickカード性能を3%アップ
自身の被ダメージを100カットする状態を付与＆クリティカル威力を5%アップ
自身の被ダメージを100カットする状態を付与＆宝具威力を5%アップ
自身の被ダメージを100カットする状態を付与＆毎ターンスター1個獲得状態を付与
自身の被ダメージを200カットする状態を付与＆Artsカード性能を5%アップ[最大解放]
自身の被ダメージを200カットする状態を付与＆Busterカード性能を5%アップ[最大解放]
自身の被ダメージを200カットする状態を付与＆NP獲得量を10%アップ[最大解放]
自身の被ダメージを200カットする状態を付与＆Quickカード性能を5%アップ[最大解放]
自身の被ダメージを200カットする状態を付与＆クリティカル威力を10%アップ[最大解放]
自身の被ダメージを200カットする状態を付与＆宝具威力を10%アップ[最大解放]
自身の被ダメージを200カットする状態を付与＆毎ターンスター2個獲得状態を付与[最大解放]
自身の被ダメージを300カットする状態を付与＆〔ライダー〕クラスへの特攻状態を8%付与
自身の被ダメージを300カットする状態を付与＆宝具威力を15%アップ
自身の被ダメージを300カットする状態を付与＆宝具威力を5%アップ＆NP獲得量を5%アップ
自身の被ダメージを400カットする状態を付与＆宝具威力を20%アップ[最大解放]
自身の被ダメージ時に獲得するNPアップ
自身の被ダメージ時のNP獲得量を25%アップする
自身の被ダメージ時のNP獲得量を30%アップする[最大解放]
自身の被強化成功率を10%アップする
自身の被強化成功率を10%アップ＆NP獲得量を5%アップ[最大解放]
自身の被強化成功率を15%アップする[最大解放]
自身の被強化成功率を3%アップする
自身の被強化成功率を5%アップする[最大解放]
自身の被強化成功率を5%アップ＆NP獲得量を3%アップ
自身の通常攻撃時に敵単体に防御力ダウンを付与する
自身の防御力を10%アップする[最大解放]
自身の防御力を10%アップ＆宝具威力を20%アップ[最大解放]
自身の防御力を15%アップする
自身の防御力を20%アップする[最大解放]
自身の防御力を3%アップする
自身の防御力を3%アップ＆Artsカード性能を3%アップ
自身の防御力を3%アップ＆Busterカード性能を3%アップ
自身の防御力を3%アップ＆Quickカード性能を3%アップ
自身の防御力を3%アップ＆ダメージを100カットする状態を付与
自身の防御力を5%アップする[最大解放]
自身の防御力を5%アップ＆Artsカード性能を5%アップ[最大解放]
自身の防御力を5%アップ＆Busterカード性能を5%アップ[最大解放]
自身の防御力を5%アップ＆Quickカード性能を5%アップ[最大解放]
自身の防御力を5%アップ＆ダメージを200カットする状態を付与[最大解放]
自身の防御力を8%アップする
自身の防御力を8%アップ＆宝具威力を15%アップ
自身の防御力をアップ(3ターン)
自身の防御力をアップ(3ターン) ＋ 味方全体の攻撃力をアップ(3ターン)
自身の防御力をアップ(3ターン)＆NP獲得量をアップ(3ターン)
自身の防御力をアップ(3ターン)＆スター集中度をアップ(1ターン)
自身の防御力をアップ(3ターン)＆攻撃力をアップ(3ターン)
自身の防御力をアップ(3ターン)＆攻撃強化成功率ダウン(3ターン)【デメリット】
自身の防御力をアップ(3ターン)＆毒耐性をアップ(3ターン)
自身の防御力をアップ(3回、5ターン)＆ダメージカット状態(3回)を付与
自身の防御力をアップ[{0}](3ターン)
自身の防御力をアップ[{0}](3ターン) ＋ 味方全体の攻撃力をアップ[{0}](3ターン)
自身の防御力をアップ[{0}](3ターン)＆NP獲得量をアップ[{0}](3ターン)
自身の防御力をアップ[{0}](3ターン)＆スター集中度をアップ[{0}](1ターン)
自身の防御力をアップ[{0}](3ターン)＆攻撃力をアップ[{0}](3ターン)
自身の防御力をアップ[{0}](3ターン)＆攻撃強化成功率ダウン(3ターン)【デメリット】
自身の防御力をアップ[{0}](3ターン)＆毒耐性をアップ[{0}](3ターン)
自身の防御力をアップ[{0}](3回、5ターン)＆ダメージカット状態[{0}](3回)を付与
自身の防御力を大アップ(1ターン)＆HPを回復
自身の防御力を大アップ(1ターン)＆HPを回復[{0}]
自身の防御力を大アップ(1ターン)＆攻撃力をアップ(3ターン)＆弱体耐性をアップ(3ターン)
自身の防御力を大アップ(1ターン)＆防御力をアップ(3ターン)
自身の防御力を大アップ(1ターン)＆防御力をアップ(3ターン)＆弱体耐性をアップ(3ターン)
自身の防御力を大アップ(1ターン)＆防御力をアップ[{0}](3ターン)
自身の防御弱体耐性を25%アップする
自身の防御弱体耐性を30%アップする[最大解放]
自身の魅了付与成功率を12%アップ
自身の魅了付与成功率を15%アップ[最大解放]
自身の魅了耐性を100%アップする[最大解放]
自身の魅了耐性を80%アップする
自身の魅了耐性を大アップ
自身を除く味方全体のガッツ発動前、対象のガッツ回復量をアップ＆攻撃力をアップ
自身以外の味方にも発動する特殊な無敵状態
臭い廊下
至るべき場所
至上礼装・月霊髄液 B
至上礼装・月霊髄液 EX
至宝の杯
至宝の杯[FFFF00]12[-]個入手で開放
至宝の杯[FFFF00]15[-]個入手で開放
至宝の杯[FFFF00]16[-]個入手で開放
至宝の杯[FFFF00]17[-]個入手で開放
至宝の杯[FFFF00]18[-]個入手で開放
至宝の杯[FFFF00]19[-]個入手で開放
至宝の杯[FFFF00]1[-]個入手で開放
至宝の杯[FFFF00]20[-]個入手で開放
至宝の杯[FFFF00]6[-]個入手で開放
至宝の杯[FFFF00]9[-]個入手で開放
至宝の杯[FFFF00]１[-]個で開放
至宝の杯[FFFF00]１２[-]個で開放
至宝の杯[FFFF00]１５[-]個で開放
至宝の杯[FFFF00]１６[-]個で開放
至宝の杯[FFFF00]１７[-]個で開放
至宝の杯[FFFF00]１８[-]個で開放
至宝の杯[FFFF00]１９[-]個で開放
至宝の杯[FFFF00]２０[-]個で開放
至宝の杯[FFFF00]６[-]個で開放
至宝の杯[FFFF00]９[-]個で開放
至尊の戦士 A+
至誠 EX
至誠の一針
至高の学び舎
至高の神よ、彼を憐れみたまえ
至高の神よ、我を憐れみたまえ
致死ダメージ回避
興奮する廊下
舌甘雀の和三盆
航海 A
航海の守護者 B
般若湯ボンボン
舶来品隠しの廊下
船の墓場
船を造り直す
船中八策 A
良妻賢狐
色情に染まる街
色欲の都
色欲区
色欲圏の街
芙蓉に舞う
芝公園
芥の陣幕
花かんざし
花かんざしのドロップ獲得数を1個増やす【『復刻:徳川廻天迷宮 大奥』イベント期間限定】
花かんざしのドロップ獲得数を1個増やす【『徳川廻天迷宮 大奥』イベント期間限定】
花かんざしのドロップ獲得数を2個増やす[最大解放]【『徳川廻天迷宮 大奥』イベント期間限定】
花かんざしのドロップ獲得数アップ
花と舞う妓
花の少女剣士
花の戦争
花の戦争 A
花の旅路 EX
花の矢
花の神核 A+
花の船出
花の解説者
花の都
花の降る路 A
花の魁
花の魔術師
花より団子
花ヶ田
花咲かじいさんの縁側
花咲ける雪に尊し
花咲翁
花園のコサージュ
花園の少女
花園作成 EX
花嫁の守護者 EX
花弁薄命/red lotus flower
花散るとき
花畑作り クワ振りの極意を学ぼう
花畑作り 土壌改良のプロに訊こう
花畑作り 敷き藁を分けてもらおう
花畑作り 新たな水源地を見つけよう
花畑作り 獣除けの柵を作ろう
花畑作り 米のとぎ汁を譲ってもらおう
花畑作り 腐葉土を手に入れよう
花畑作り 花壇の庭石を取りにいこう
花畑作り 花畑の監視員を雇おう
花畑作り 音響栽培を学ぼう
花霞
芳しい茅束
芸術の都
芸術審美 B
芸術審美 E-
芸術審美（茶） A
苔照らす野原
若き皇帝
若返りの霊薬
苦い記憶
苦しみと楽しみは一生の膏薬
英雄、集う
英雄かくあるべし、と少年は思う
英雄の介添 C
英雄の介添 C++
英雄の大敵（偽） E++
英雄の武装
英雄の穴倉
英雄の証
英雄の証、竜の牙、万死の毒針の中から一つと交換ができます。
英雄作成 EX
英雄願望 C
英雄風采 三英傑
英霊スティックチョコ
英霊交響曲
英霊催装：アキレウス
英霊催装：アスクレピオス
英霊催装：アビゲイル・ウィリアムズ
英霊催装：エレシュキガル
英霊催装：カーマ
英霊催装：キルケー
英霊催装：ククルカン
英霊催装：クー・フーリン
英霊催装：グレイ
英霊催装：コンスタンティノス11世
英霊催装：サロメ
英霊催装：シャルルマーニュ
英霊催装：ジャンヌ・ダルク
英霊催装：スカサハ
英霊催装：セタンタ
英霊催装：ティアマト
英霊催装：テノチティトラン
英霊催装：ドラコー
英霊催装：ニトクリス
英霊催装：ビーマ
英霊催装：フランケンシュタイン
英霊催装：マナナン・マク・リール
英霊催装：モードレッド
英霊催装：レディ・アヴァロン
英霊催装：ロクスタ
英霊催装：伊吹童子
英霊催装：哪吒
英霊催装：坂本龍馬
英霊催装：太公望
英霊催装：太歳星君
英霊催装：女教皇ヨハンナ
英霊催装：始皇帝
英霊催装：山南敬助
英霊催装：岡田以蔵
英霊催装：巴御前
英霊催装：平景清
英霊催装：徐福
英霊催装：斎藤一
英霊催装：楊貴妃
英霊催装：清少納言
英霊催装：紅閻魔
英霊催装：蘆屋道満
英霊催装：蘭陵王
英霊催装：高杉晋作
英霊剣豪七番勝負
英霊博装：アスクレピオス
英霊博装：アストルフォ
英霊博装：アビゲイル・ウィリアムズ
英霊博装：アントニオ・サリエリ
英霊博装：アンドロメダ
英霊博装：イアソン
英霊博装：オベロン
英霊博装：カーマ
英霊博装：クー・フーリン
英霊博装：ノクナレア・ヤラアーンドゥ
英霊博装：ブリトマート
英霊博装：ブーディカ
英霊博装：プトレマイオス
英霊博装：ヘファイスティオン
英霊博装：ベディヴィエール
英霊博装：マリー・アントワネット
英霊博装：メリュジーヌ
英霊博装：ラーヴァ／ティアマト
英霊博装：佐々木小次郎
英霊博装：出雲阿国
英霊博装：千利休
英霊博装：坂本龍馬
英霊博装：坂田金時
英霊博装：天草四郎
英霊博装：妖精騎士トリスタン
英霊博装：巌窟王　モンテ・クリスト
英霊博装：新免武蔵守藤原玄信
英霊博装：森長可
英霊博装：武田信玄
英霊博装：永倉新八
英霊博装：清少納言
英霊博装：源頼光
英霊博装：燕青
英霊博装：由井正雪
英霊博装：織田信長
英霊博装：耀星のハサン
英霊博装：葛飾北斎
英霊博装：謎のヒロインX
英霊博装：雨の魔女トネリコ
英霊博装：風魔小太郎
英霊博装：高杉晋作
英霊博装：ＵＤＫ－バーゲスト
英霊夢装：アナスタシア＆ヴィイ
英霊夢装：アルジュナ
英霊夢装：アルトリア・ペンドラゴン
英霊夢装：アーラシュ
英霊夢装：カーマ
英霊夢装：クリームヒルト
英霊夢装：クー・フーリン
英霊夢装：コロンブス
英霊夢装：シャルロット・コルデー
英霊夢装：ジェームズ・モリアーティ
英霊夢装：ジャック・ド・モレー
英霊夢装：ジークフリート
英霊夢装：スペース・イシュタル
英霊夢装：スーパーバニヤン
英霊夢装：ゼノビア
英霊夢装：ドブルイニャ・ニキチッチ
英霊夢装：バーゲスト
英霊夢装：バーヴァン・シー
英霊夢装：パーシヴァル
英霊夢装：ビリー・ザ・キッド
英霊夢装：マシュ・キリエライト
英霊夢装：マンドリカルド
英霊夢装：マーリン
英霊夢装：メリュジーヌ
英霊夢装：レオナルド・ダ・ヴィンチ
英霊夢装：司馬懿
英霊夢装：土方歳三
英霊夢装：太公望
英霊夢装：岡田以蔵
英霊夢装：斎藤一
英霊夢装：新免武蔵守藤原玄信
英霊夢装：曲亭馬琴
英霊夢装：望月千代女
英霊夢装：沖田総司
英霊夢装：葛飾北斎
英霊夢装：謎の蘭丸X
英霊夢装：赤兎馬
英霊夢装：魔王信長
英霊学装：アスカラポス
英霊学装：アスクレピオス
英霊学装：アムール〔カレン〕
英霊学装：アルトリア・ペンドラゴン〔オルタ〕
英霊学装：アレキサンダー
英霊学装：アンデルセン
英霊学装：アーサー・ペンドラゴン
英霊学装：イアソン
英霊学装：イリヤスフィール
英霊学装：インドラ
英霊学装：エドワード・ティーチ
英霊学装：オジマンディアス
英霊学装：カーマ
英霊学装：ギルガメッシュ
英霊学装：クー・フーリン
英霊学装：クー・フーリン〔オルタ〕
英霊学装：シャルロット・コルデー
英霊学装：ジェームズ・モリアーティ
英霊学装：ジャック・ド・モレー
英霊学装：ジュネス・クレーン
英霊学装：ダンテ・アリギエーリ
英霊学装：ツタンカーメン
英霊学装：テノチティトラン
英霊学装：テュフォン・エフェメロス＆イプシロン
英霊学装：デメテル
英霊学装：ドゥルガー
英霊学装：ネモ
英霊学装：ネモ／ノア
英霊学装：ネロ・クラウディウス
英霊学装：バーヴァン・シー
英霊学装：パリス
英霊学装：パーシヴァル
英霊学装：フランケンシュタイン
英霊学装：フローラ
英霊学装：ブリトマート
英霊学装：マシュ・キリエライト
英霊学装：マルタ
英霊学装：メタトロン・ジャンヌ
英霊学装：メリュジーヌ
英霊学装：モルガン
英霊学装：レオナルド・ダ・ヴィンチ
英霊学装：レディ・アヴァロン
英霊学装：ロウヒ
英霊学装：ヴァン・ゴッホ〔マイナー〕
英霊学装：刑部姫
英霊学装：原田左之助
英霊学装：女王メイヴ
英霊学装：宮本伊織
英霊学装：宮本武蔵
英霊学装：巌窟王　モンテ・クリスト
英霊学装：徐福
英霊学装：清少納言
英霊学装：燕青
英霊学装：花咲翁
英霊学装：葛飾北斎
英霊学装：藤堂平助
英霊学装：蘭陵王
英霊学装：諸葛孔明〔エルメロイⅡ世〕
英霊学装：酒呑童子
英霊学装：高杉晋作
英霊巡遊：アシュヴァッターマン
英霊巡遊：アスクレピオス
英霊巡遊：アストルフォ
英霊巡遊：アビゲイル・ウィリアムズ
英霊巡遊：アマデウス
英霊巡遊：アルトリア・キャスター
英霊巡遊：アルトリア・ペンドラゴン
英霊巡遊：イアソン
英霊巡遊：イシュタル
英霊巡遊：エレナ・ブラヴァツキー
英霊巡遊：カーマ
英霊巡遊：カーミラ
英霊巡遊：ガレス
英霊巡遊：ジェームズ・モリアーティ
英霊巡遊：ジャガーマン
英霊巡遊：スカサハ＝スカディ
英霊巡遊：ディオスクロイ
英霊巡遊：ニトクリス
英霊巡遊：バーソロミュー・ロバーツ
英霊巡遊：ボイジャー
英霊巡遊：ミス・クレーン
英霊巡遊：ヴァン・ゴッホ
英霊巡遊：ヴリトラ
英霊巡遊：千子村正
英霊巡遊：卑弥呼
英霊巡遊：女王メイヴ
英霊巡遊：斎藤一
英霊巡遊：楊貴妃
英霊巡遊：渡辺綱
英霊巡遊：牛若丸
英霊巡遊：玄奘三蔵
英霊巡遊：紅閻魔
英霊巡遊：織田信勝
英霊巡遊：蘆屋道満
英霊巡遊：謎のアイドルX
英霊巡遊：謎のアルターエゴ・Λ
英霊憑依
英霊旅装：アステリオス
英霊旅装：アタランテ
英霊旅装：アビゲイル・ウィリアムズ
英霊旅装：アマデウス
英霊旅装：アルジュナ
英霊旅装：アルテラ
英霊旅装：アルトリア・ペンドラゴン
英霊旅装：アントニオ・サリエリ
英霊旅装：アーチャー・インフェルノ
英霊旅装：エレシュキガル
英霊旅装：オケアノスのキャスター
英霊旅装：カルナ
英霊旅装：カーミラ
英霊旅装：サンソン
英霊旅装：シャーロック・ホームズ
英霊旅装：スカサハ
英霊旅装：ダビデ
英霊旅装：ナイチンゲール
英霊旅装：ネロ・クラウディウス
英霊旅装：ブリュンヒルデ
英霊旅装：ポール・バニヤン
英霊旅装：マシュ・キリエライト
英霊旅装：マルタ
英霊旅装：マーリン
英霊旅装：レオナルド・ダ・ヴィンチ
英霊旅装：佐々木小次郎
英霊旅装：刑部姫
英霊旅装：哪吒
英霊旅装：新免武蔵守藤原玄信
英霊旅装：新宿のアサシン
英霊旅装：柳生但馬守宗矩
英霊旅装：清姫
英霊旅装：源頼光
英霊旅装：玄奘三蔵
英霊旅装：玉藻の前
英霊旅装：葛飾北斎
英霊旅装：謎のヒロインX
英霊旅装：鈴鹿御前
英霊星行：“山の翁”
英霊星行：アステリオス
英霊星行：アストライア
英霊星行：アナスタシア
英霊星行：アビゲイル・ウィリアムズ
英霊星行：アルジュナ
英霊星行：アルテラ
英霊星行：アルトリア・キャスター
英霊星行：アルトリア・ペンドラゴン
英霊星行：アントニオ・サリエリ
英霊星行：アンドロメダ
英霊星行：イシュタル
英霊星行：イリヤスフィール
英霊星行：エウリュアレ
英霊星行：エレシュキガル
英霊星行：オベロン
英霊星行：カーマ
英霊星行：カーミラ＆メディア
英霊星行：ククルカン
英霊星行：クリームヒルト
英霊星行：グレイ
英霊星行：ケツァル・コアトル
英霊星行：コロンブス
英霊星行：シャルロット・コルデー
英霊星行：シャーロック・ホームズ
英霊星行：ジェームズ・モリアーティ
英霊星行：ジャンヌ・ダルク
英霊星行：ジークフリート
英霊星行：ダンテ・アリギエーリ
英霊星行：テスカトリポカ
英霊星行：テノチティトラン
英霊星行：テュフォン・エフェメロス
英霊星行：ドゥルガー
英霊星行：ドブルイニャ・ニキチッチ
英霊星行：ナイチンゲール
英霊星行：ニトクリス
英霊星行：ハベトロット
英霊星行：バーソロミュー＆ティーチ
英霊星行：バーヴァン・シー
英霊星行：パーシヴァル
英霊星行：ビショーネ
英霊星行：フランケンシュタイン
英霊星行：ブラダマンテ
英霊星行：ブリトマート
英霊星行：ヘクトール
英霊星行：ヘラクレス
英霊星行：ボイジャー
英霊星行：ポール・バニヤン
英霊星行：マシュ・キリエライト
英霊星行：マンドリカルド
英霊星行：マーリン
英霊星行：ミス・クレーン
英霊星行：メリュジーヌ
英霊星行：モードレッド
英霊星行：ヤマトタケル
英霊星行：ランスロット
英霊星行：ラーマ
英霊星行：ラーヴァ／ティアマト
英霊星行：リリス
英霊星行：レオナルド・ダ・ヴィンチ
英霊星行：レディ・アヴァロン
英霊星行：ロウヒ
英霊星行：ロクスタ
英霊星行：ロムルス＝クィリヌス
英霊星行：ヴァン・ゴッホ
英霊星行：ヴリトラ
英霊星行：刑部姫
英霊星行：加藤段蔵＆果心居士
英霊星行：千利休
英霊星行：卑弥呼
英霊星行：土方歳三
英霊星行：太公望
英霊星行：太歳星君
英霊星行：女教皇ヨハンナ
英霊星行：子ギル
英霊星行：宇津見エリセ
英霊星行：宮本武蔵
英霊星行：岡田以蔵
英霊星行：巌窟王　モンテ・クリスト
英霊星行：曲亭馬琴
英霊星行：柳生但馬守宗矩
英霊星行：森長可
英霊星行：玄奘三蔵
英霊星行：紅閻魔
英霊星行：茨木童子
英霊星行：葛飾北斎
英霊星行：蘆屋道満
英霊星行：蘭陵王
英霊星行：謎のヒロインX
英霊星行：赤兎馬
英霊星行：近藤勇
英霊星行：酒呑童子
英霊星行：鈴鹿御前
英霊星行：闇のコヤンスカヤ
英霊星行：風魔小太郎＆耀星のハサン
英霊星行：高杉晋作
英霊星行：ＵＤＫ－バーゲスト
英霊極点交換チケット
英霊極点：アルトリア・ペンドラゴン
英霊極点：オリオン
英霊極点：カーマ
英霊極点：ギルガメッシュ
英霊極点：シグルド
英霊極点：ジャンヌ・ダルク
英霊極点：スカサハ＝スカディ
英霊極点：スペース・イシュタル
英霊極点：ネモ
英霊極点：マシュ・キリエライト
英霊極点：メリュジーヌ
英霊極点：モルガン
英霊極点：レオナルド・ダ・ヴィンチ
英霊極点：レディ・アヴァロン
英霊極点：ロムルス＝クィリヌス
英霊極点：坂田金時
英霊極点：巴御前
英霊極点：燕青
英霊極点：蘆屋道満
英霊極点：闇のコヤンスカヤ
英霊極点：ＢＢ
英霊正装：アステリオス
英霊正装：アタランテ
英霊正装：アマデウス
英霊正装：アルジュナ
英霊正装：アルテラ
英霊正装：アルトリア・ペンドラゴン
英霊正装：アーサー・ペンドラゴン
英霊正装：イシュタル
英霊正装：エウリュアレ
英霊正装：エドワード・ティーチ
英霊正装：エミヤ
英霊正装：エルドラドのバーサーカー
英霊正装：カエサル
英霊正装：カルナ
英霊正装：ギルガメッシュ
英霊正装：クー・フーリン
英霊正装：ケツァル・コアトル
英霊正装：シャーロック・ホームズ
英霊正装：シュヴァリエ・デオン
英霊正装：ジャガーマン
英霊正装：ジャンヌ・ダルク
英霊正装：スカサハ
英霊正装：ナイチンゲール
英霊正装：ニトクリス
英霊正装：ネロ・クラウディウス
英霊正装：フランケンシュタイン
英霊正装：ブーディカ
英霊正装：ヘラクレス
英霊正装：ベディヴィエール
英霊正装：マシュ・キリエライト
英霊正装：マリー・アントワネット
英霊正装：メドゥーサ
英霊正装：メフィストフェレス
英霊正装：モードレッド
英霊正装：ランスロット
英霊正装：レオナルド・ダ・ヴィンチ
英霊正装：ロムルス
英霊正装：ヴラド三世
英霊正装：不夜城のアサシン
英霊正装：呪腕のハサン
英霊正装：坂田金時
英霊正装：女王メイヴ
英霊正装：清姫
英霊正装：牛若丸
英霊祝装：アキレウス
英霊祝装：アショカ王
英霊祝装：アスクレピオス
英霊祝装：アナスタシア
英霊祝装：アビゲイル・ウィリアムズ
英霊祝装：アマデウス
英霊祝装：アルジュナ
英霊祝装：アルテラ・ザ・サン〔タ〕
英霊祝装：アルトリア・ペンドラゴン
英霊祝装：アーキタイプ：アース
英霊祝装：アーラシュ
英霊祝装：インドラ
英霊祝装：ウィリアム・テル
英霊祝装：エウリュアレ
英霊祝装：エミヤ
英霊祝装：エルキドゥ
英霊祝装：エレナ・ブラヴァツキー
英霊祝装：オベロン
英霊祝装：カイニス
英霊祝装：カラミティ・ジェーン
英霊祝装：カルナ
英霊祝装：カーマ
英霊祝装：カーリー
英霊祝装：ガウェイン
英霊祝装：ガレス
英霊祝装：ククルカン
英霊祝装：クロエ
英霊祝装：クー・フーリン
英霊祝装：コロンブス
英霊祝装：サンソン
英霊祝装：シバの女王
英霊祝装：シャーロック・ホームズ
英霊祝装：ジェームズ・モリアーティ
英霊祝装：ジャガーマン
英霊祝装：ジャック・ザ・リッパー
英霊祝装：ジャック・ド・モレー
英霊祝装：スカサハ
英霊祝装：ステンノ
英霊祝装：スーパーバニヤン
英霊祝装：セタンタ
英霊祝装：ゼノビア
英霊祝装：ダンテ・アリギエーリ
英霊祝装：ツタンカーメン
英霊祝装：テスカトリポカ
英霊祝装：テノチティトラン
英霊祝装：ドブルイニャ・ニキチッチ
英霊祝装：ナポレオン
英霊祝装：ニコラ・テスラ
英霊祝装：ニトクリス
英霊祝装：ハベトロット
英霊祝装：バーゲスト
英霊祝装：バーヴァン・シー
英霊祝装：パーシヴァル
英霊祝装：ビショーネ
英霊祝装：フィン・マックール
英霊祝装：フランケンシュタイン
英霊祝装：ブラダマンテ
英霊祝装：ベディヴィエール
英霊祝装：ペンテシレイア
英霊祝装：マナナン・マク・リール
英霊祝装：マリー・アントワネット
英霊祝装：マンドリカルド
英霊祝装：マーリン
英霊祝装：ミス・クレーン
英霊祝装：メドゥーサ
英霊祝装：メリュジーヌ
英霊祝装：リリス
英霊祝装：レオナルド・ダ・ヴィンチ
英霊祝装：ロウヒ
英霊祝装：ワンジナ
英霊祝装：ヴラド三世
英霊祝装：ヴリトラ
英霊祝装：伊吹童子
英霊祝装：加藤段蔵
英霊祝装：司馬懿
英霊祝装：呼延灼
英霊祝装：土方歳三
英霊祝装：太公望
英霊祝装：女教皇ヨハンナ
英霊祝装：始皇帝
英霊祝装：宇津見エリセ
英霊祝装：宮本伊織
英霊祝装：小野小町
英霊祝装：山南敬助
英霊祝装：張角
英霊祝装：徐福
英霊祝装：徴姉妹
英霊祝装：斎藤一
英霊祝装：望月千代女
英霊祝装：杉谷善住坊
英霊祝装：果心居士
英霊祝装：武則天
英霊祝装：永倉新八
英霊祝装：沖田総司
英霊祝装：清姫
英霊祝装：渡辺綱
英霊祝装：源為朝
英霊祝装：牛若丸
英霊祝装：百貌のハサン
英霊祝装：蒼崎青子
英霊祝装：蘆屋道満
英霊祝装：蘭陵王
英霊祝装：虞美人
英霊祝装：謎のヒロインXX
英霊祝装：赤兎馬
英霊祝装：鈴鹿御前
英霊祝装：雑賀孫一
英霊祝装：項羽
英霊祝装：駒姫
英霊祝装：高杉晋作
英霊祝装：鬼一法眼
英霊祝装：黄飛虎
英霊祝装：黒姫
英霊祭装：アキレウス
英霊祭装：アストライア
英霊祭装：アナスタシア
英霊祭装：アビゲイル・ウィリアムズ
英霊祭装：アマデウス
英霊祭装：アルジュナ
英霊祭装：アルトリア・ペンドラゴン
英霊祭装：アンデルセン
英霊祭装：アントニオ・サリエリ
英霊祭装：エレシュキガル
英霊祭装：エレナ・ブラヴァツキー
英霊祭装：ケツァル・コアトル
英霊祭装：サンソン
英霊祭装：シトナイ
英霊祭装：ジャンヌ・ダルク
英霊祭装：スカサハ＝スカディ
英霊祭装：ディルムッド・オディナ
英霊祭装：パールヴァティー
英霊祭装：ブラダマンテ
英霊祭装：ベディヴィエール
英霊祭装：ポール・バニヤン
英霊祭装：マリー・アントワネット
英霊祭装：マルタ
英霊祭装：モードレッド
英霊祭装：レオナルド・ダ・ヴィンチ
英霊祭装：ロビンフッド
英霊祭装：刑部姫
英霊祭装：坂本龍馬
英霊祭装：始皇帝
英霊祭装：岡田以蔵
英霊祭装：巴御前
英霊祭装：殺生院キアラ
英霊祭装：燕青
英霊祭装：茨木童子
英霊祭装：葛飾北斎
英霊祭装：蘭陵王
英霊祭装：虞美人
英霊祭装：謎のヒロインXX
英霊祭装：酒呑童子
英霊紀行：アタランテ
英霊紀行：アナスタシア
英霊紀行：アビゲイル・ウィリアムズ
英霊紀行：アルトリア・ペンドラゴン
英霊紀行：イシュタル
英霊紀行：エレシュキガル
英霊紀行：カルナ＆アルジュナ
英霊紀行：キングプロテア
英霊紀行：クー・フーリン
英霊紀行：ゲオルギウス
英霊紀行：シグルド＆ブリュンヒルデ
英霊紀行：シャーロック・ホームズ
英霊紀行：ジャガーマン
英霊紀行：ジャック・ザ・リッパー
英霊紀行：スカサハ＝スカディ
英霊紀行：ニトクリス
英霊紀行：フランケンシュタイン
英霊紀行：ヘラクレス
英霊紀行：ベディヴィエール
英霊紀行：ポール・バニヤン
英霊紀行：マシュ・キリエライト
英霊紀行：マリー・アントワネット
英霊紀行：マルタ
英霊紀行：マーリン
英霊紀行：メドゥーサ
英霊紀行：レオナルド・ダ・ヴィンチ
英霊紀行：佐々木小次郎
英霊紀行：刑部姫
英霊紀行：加藤段蔵
英霊紀行：天草四郎
英霊紀行：宮本武蔵
英霊紀行：岡田以蔵
英霊紀行：柳生但馬守宗矩
英霊紀行：森長可
英霊紀行：清姫
英霊紀行：清少納言
英霊紀行：燕青
英霊紀行：牛若丸＆武蔵坊弁慶
英霊紀行：玄奘三蔵
英霊紀行：紅閻魔
英霊紀行：紫式部
英霊紀行：葛飾北斎
英霊紀行：蘭陵王
英霊紀行：虞美人
英霊紀行：謎のヒロインX
英霊紀行：酒呑童子
英霊紀行：鈴鹿御前
英霊紀行：風魔小太郎
英霊肖像:アルジュナ
英霊肖像:アルテラ
英霊肖像:アルトリア・ペンドラゴン
英霊肖像:ジャンヌ・ダルク
英霊肖像:スカサハ
英霊肖像:ダレイオス三世
英霊肖像:ヘンリー・ジキル＆ハイド
英霊肖像:マシュ・キリエライト
英霊肖像:メフィストフェレス
英霊肖像:牛若丸
英霊装束：ジャンヌ・ダルク
英霊装束：ネロ・クラウディウス
英霊装束：メドゥーサ
英霊装束：レオナルド・ダ・ヴィンチ
英霊逢魔：剣の騎士
英霊逢魔：弓の騎士
英霊逢魔：暗殺者
英霊逢魔：槍の騎士
英霊逢魔：狂戦士
英霊逢魔：騎乗兵
英霊逢魔：魔術師
茉愛
茜の空に咲く
茨の種
茨乃
茨木の夏、ハワイの夏
茨木童子
茶々
茶の湯ポイント
茶の湯ポイント120,000以上で開放
茶の湯ポイント120,000以上＆9月17日18時以降に開放
茶の湯ポイント18,000以上で開放
茶の湯ポイント18,000以上＆9月15日18時以降に開放
茶の湯ポイント190,000以上で開放
茶の湯ポイント190,000以上＆9月18日18時以降に開放
茶の湯ポイント260,000以上で開放
茶の湯ポイント260,000以上＆9月19日18時以降に開放
茶の湯ポイント340,000以上で開放
茶の湯ポイント340,000以上＆9月20日18時以降に開放
茶の湯ポイント420,000以上で開放
茶の湯ポイント60,000以上で開放
茶の湯ポイント60,000以上＆9月16日18時以降に開放
茶の湯教室
茶屋
茶運びシトナイ人形
茸、聖なる御饌なれば
草原
草原の雄士
荊軻
荒ぶる真夏の女神
荒ぶ嵐に夢見る C
荒れた道
荒れ狂う哀しき竜よ
荒事舞 B
荒事舞 B+
荒兇の骨塚
荒川の原
荒涼たる世界
荒穂茶筅
荒穂茶筅のドロップ獲得数を1個増やす【『ぐだぐだ新邪馬台国』イベント期間限定】
荒穂茶筅のドロップ獲得数を2個増やす[最大解放]【『ぐだぐだ新邪馬台国』イベント期間限定】
荒穂茶筅のドロップ獲得数アップ
荒野に芽吹く王の花
荒野の七騎
荒野の悪徳商人を捕まえろ！
荒野の歓楽
菩薩の化身 -
菩薩の化身 B
華の楽土
華やかな学生の装い
カルデア学園祭にようこそ！
華清宮銘菓 温泉饅頭
華麗ダンス
華麗奔放 A
萍水相逢
萩の束 B
落日の帝国 EX
落書きの廊下
落涙の翼
落陽のピアス
葉巻とワイン
葛飾北斎
葛飾北斎の憂鬱
葦の原
葦の海
葬礼文書 A
葵き魔女の令印
葵の間
蒸し暑い座敷
蒸気式ウルトラ解析機関
蒸気機関出力上昇 B
蒸気絢爛のパッチワーク
蒼きアズライール
蒼き星の海 A
蒼天已死、黄天當立
蒼崎青子
蒼玉の魔法少女
蒼穹の武練 A
蒼穹を超えて
蒼穹三段突き
蒼輝銀河即ちコスモス
蒼輝銀河番組　セイバーウォーズ4.8
蓮の実のチェー＆渡す気のなかったチョコ
蓮の平原
蓮花愛すは何人ぞ
蔵知の司書 B
蔵知の司書 C
薄い本の廊下
薄い本の部屋
薄暗い廊下
薄暗い村
薄暮れの森
薄氷の丘
薄氷の川
薄紅き虚像の令印
薄緑
薔薇の双槍
薔薇の眠り B
薫る石
藤堂平助
藤香る御局
蘆屋道満
蘇る太古のロマン
蘭丸X
蘭丸シュトラール A
蘭丸・Ｘ
蘭奢待
蘭陵王
蘭陵王入陣曲
虎の間
虎よ、煌々と燃え盛れ
虎口にて閃く A
虎徹・BLADE A
虎狩り行者
虎狼
虎穴虎子
虎視眈々
虚という残存
虚の扉・七罪来たりて
虚ろなる生者の嘆き C
虚ろなる生者の嘆き D
虚ろなる酷暑への嘆き A
虚ろなる魔 EX
虚ろな唇を重ねて
虚ろな荒野
虚像の残骸
虚妄は闇の娘
虚影の塵
虚影の塵風かき氷
虚数の鞄 A
虚数ウニ
虚数ウニのドロップ獲得数アップ
虚数ゲソ
虚数ゲソのドロップ獲得数アップ
虚数トロ
虚数トロのドロップ獲得数アップ
虚数大海戦イマジナリ・スクランブル 
～ノーチラス浮上せよ～
虚数属性
虚数探査ポイント
虚数探査ポイント101,000以上で開放
虚数探査ポイント101,000以上＆11月14日18時00分以降に開放
虚数探査ポイント107,000以上で開放
虚数探査ポイント119,000以上で開放
虚数探査ポイント125,000以上で開放
虚数探査ポイント13,000以上で開放
虚数探査ポイント13,000以上＆11月12日18時00分以降に開放
虚数探査ポイント135,000以上で開放
虚数探査ポイント135,000以上＆11月15日18時00分以降に開放
虚数探査ポイント17,000以上で開放
虚数探査ポイント2,000以上で開放
虚数探査ポイント22,000以上で開放
虚数探査ポイント27,000以上で開放
虚数探査ポイント290,000以上で開放
虚数探査ポイント32,000以上で開放
虚数探査ポイント4,000以上で開放
虚数探査ポイント40,000以上で開放
虚数探査ポイント48,000以上で開放
虚数探査ポイント48,000以上＆11月13日18時00分以降に開放
虚数探査ポイント52,000以上で開放
虚数探査ポイント57,000以上で開放
虚数探査ポイント63,000以上で開放
虚数探査ポイント69,000以上で開放
虚数探査ポイント75,000以上で開放
虚数探査ポイント8,000以上で開放
虚数探査ポイント81,000以上で開放
虚数探査ポイント91,000以上で開放
虚数海資源調達作戦 ガンボート級
虚数海資源調達作戦 スーパードレッドノート級
虚数海資源調達作戦 デストロイヤー級
虚数海資源調達作戦 トーピードボート級
虚数海資源調達作戦 ドレッドノート級
虚数海資源調達作戦 バトルクルーザー級
虚数海資源調達作戦 バトルシップ級
虚数海資源調達作戦 ヘビィクルーザー級
虚数海資源調達作戦 ライトクルーザー級
虚数海資源調達作戦 上級
虚数海資源調達作戦 中級
虚数海資源調達作戦 初級
虚数羅針内界：
ペーパームーン II
虚数羅針盤
虚数美術 B+
虚数美術（立体） B
虚数魔術
虚月館殺人事件
虚栄の空中庭園
虚無宙域
虚空
虚空には神ありき
虚空廻天す竜の杯
虚言の間
虞美人
虞美人アンチエイジング
虞美人草の髪飾り
虹の彼方へ
虹の海の黄金劇場
虹の滝に打たれて探求力を磨く カンヅメ級
虹の滝に打たれて探求力を磨く コツコツ級
虹の滝に打たれて探求力を磨く ノリノリ級
虹の滝に打たれて探求力を磨く ノンビリ級
虹の糸玉
虹の糸玉、大騎士勲章、竜の牙の中から一つと交換ができます。
虹の糸玉、追憶の貝殻、世界樹の種の中から一つと交換ができます。
虹の糸玉、隕蹄鉄、万死の毒針の中から一つと交換ができます。
虹の飴細工 B
虹の魔眼 A
虹を架ける、無垢なる鼓動
虹霓剣
蛇───我が身を這い回るものよ
蛇の宝玉
蛇の宝玉、世界樹の種、虚影の塵の中から一つと交換ができます。
蛇の宝玉、虚影の塵、英雄の証の中から一つと交換ができます。
蛇の杖
蛇の間
蛇も眩めくロマンスロンド？
蛇先輩s
蛇女房
蛇守の宝庫
蛇尾町
蛇怪変生 B
蛇王の霊薬
蛇神の神核 A
蛇竜のいたずら
蛇竜這行大地ランドサーペント
蛇腹町
蛇遣い B
蛇遣い B+
蛇遣いのマスク
蛇頭竜尾
蛇頭竜尾 A
蛇頭竜尾 B
蛇頭竜尾 EX
蛍の夜に
蛍火 B
蛤御殿 A
蛮崇の偽神像
蛮神の心臓
蛮竜の牙床
蛸の間
蜃気楼の間
蜘蛛の間
蜘蛛糸の果て A++
蜘蛛糸の果て A+++
蜥蜴の間
蜻蛉の間
蝋板と尖筆
蝕まれた高台
蝕毒
蝙蝠の間
蝮蛇の眼 B
蝶の間
融通無碍 B
螺旋証明世界 リリムハーロット
螺旋証明世界 リリムハーロット
～喝采なき薔薇～
螺旋証明世界 リリムハーロット
～喝采なき薔薇～ アンケート復刻版
螺湮城は存在せず、故に世の狂気に果ては無し
螺湮城教本
蟠桃のコンポート
蠢く漆黒の闇シュヴァルツナハト
蠱惑的な廊下
蠱惑的な部屋
血と鳥の湖
血のように赤い夕焼けに
血の旅路
血の涙石
血を啜る斧
血啜の獣斧 A+
血塗られた銀盆 B+
血塗れた残響
血塗れの悪魔 B
血塗れの戴冠式
血塗れの皇子
血塗れの皇子 EX
血塗れの首飾り B+
血塗れトマトの女王
血塗れ王鬼
血沸き肉躍る狂宴
血涙の坩堝
血濡れの蛮勇 A
血濡れの蛮勇 A+
血無き骨踊る狂宴
血脈励起 A
行き場なき愛の刃
行き止まりの座敷
行人包
行使されざる王権
行動不能になる
行動不能になる(攻撃を受けると解除)
行動不能効果を受けなくなる
行動不能状態・封印状態解除
術のコインチョコ
術のチョコ型
術の印章
術の秘石
術の輝石
術の魔石
街
街外れ
街外れのジャングル
街角でPV撮影〔パフォーマンス＆ボーカルUP〕
街道
街道の女王
衣装部屋より∞愛を込めて EX
衣通郎姫・蜘蛛行
表カルデニア広場
袋小路の座敷
被クリティカルダメージ時発動(HP回復)
被クリティカル発生耐性アップ
被クリティカル発生耐性アップ〔対アサシン〕
被クリティカル発生耐性アップ〔対アルターエゴ〕
被クリティカル発生耐性アップ〔対アヴェンジャー〕
被クリティカル発生耐性アップ〔対アーチャー〕
被クリティカル発生耐性アップ〔対キャスター〕
被クリティカル発生耐性アップ〔対セイバー〕
被クリティカル発生耐性アップ〔対バーサーカー〕
被クリティカル発生耐性アップ〔対プリテンダー〕
被クリティカル発生耐性アップ〔対ムーンキャンサー〕
被クリティカル発生耐性アップ〔対ライダー〕
被クリティカル発生耐性アップ〔対ランサー〕
被クリティカル発生耐性アップ〔対ルーラー〕
被クリティカル発生耐性ダウン
被スター発生耐性アップ
被スター発生耐性ダウン
被ダメージが増える
被ダメージを反射する
被ダメージを減らす
被ダメージプラス
被ダメージ反射
被ダメージ時NP獲得アップ
被ダメージ時のNP獲得量を15%アップする
被ダメージ時のNP獲得量を20%アップする[最大解放]
被ダメージ時のNP獲得量をアップ
被ダメージ時発動
被ダメージ時発動(クリティカル威力ダウン)
被ダメージ時発動(強化)
被ダメージ時発動(攻撃力アップ)
被効果時発動
被強化成功率をアップ
被強化成功率をダウン
被強化成功率アップ
被強化成功率ダウン
被虐の誉れ B
被虐の誉れ B+
被虐体質 A
被虐体質 A+
被虐霊媒体質 EX
裁きの時はいま。汝の名を告げよ
裁くもの 裁かれるもの
裁定者の憂鬱
裂き断つ死輝の刃
裂けた凍土
裏カジノ
裏カルデニア広場
裏・水着剣豪七番勝負
裏切りのチョコレートたち
裏山
裏庭
裏庭の厨房
裏路地
裏通り
裏ＳＡＩＴＡＭＡバレー
製作1 「水上村の増築」
製作2 A案「刀を持たせよう」
製作2 B案「槍を持たせよう」
製作2 C案「杭打ち機を持たせよう」
製作3 A案「源氏の鎧を着せよう」
製作3 B案「ローマの鎧を着せよう」
製作3 C案「メカ装甲を着せよう」
製作4 A案「ピサの斜塔を建てよう」
製作4 B案「五重塔を建てよう」
製作4 C案「ピラミッドを建てよう」
製作5 A案「万里の長城を造ろう」
製作5 B案「列車を造ろう」
製作5 C案「木馬を造ろう」
製作6 A案「スーパーカーに乗せよう」
製作6 B案「からくり牛に乗せよう」
製作6 C案「ヴィマーナ？に乗せよう」
製作7 A案「豪華客船で暮らそう」
製作7 B案「屋形船で暮らそう」
製作7 C案「コロニー船で暮らそう」
製作8 A案「劇場を建てよう」
製作8 B案「ゲームセンターを建てよう」
製作8 C案「図書館を建てよう」
製作9 A案「海賊船に乗り込もう」
製作9 B案「ホバークラフトに乗り込もう」
製作9 C案「うつほ舟に乗り込もう」
複製ゲイ・ボルク
褪せたマント
褪せたマントのドロップ獲得数アップ
襖裏の廊下
襲撃ポイント
襲撃騎馬隊
襲来！ 茶花盗賊団
西の城 城内
西の城 城門
西の断層
西の村
西の村跡
西の森
西の港
西の財宝
西アフリカエリア
西七条
西大柱
西新宿
西海道覇王
西海道覇王合戦 侍大将級
西海道覇王合戦 副大将級
西海道覇王合戦 組頭級
西海道覇王合戦 総大将級
西海道覇王合戦 足軽大将級
西海道覇王突破戦
西遊記 「獨角兕大王との戦い」
西部の森
西部の破戒僧
西部絢爛賭場ラスベガス
要塞外殻で資源収集
要塞構築 B
要害の砦
覇嵐蛮嬢ラプソディア
覇王の兆し A
覇王の姫 EX
覇王の武 A
見つける者、明かす者、探偵───或いは調停者
見つめ合う廊下
見つめ合う部屋
見上げた空…
見上げた空の星に
見参！ ラスベガス御前試合
～水着剣豪七色勝負！
見参！ラスベガス御前試合：
マップテーマ
見回り当番
見張り塔
見捨てられた村
見敵必殺
見果てぬ海
見知らぬ大地
見知らぬ砂浜
視肉 EX
覗覚星、消灯
覗覚星アモン 制圧戦
覗覚星アモン 最終戦
覚悟の鉢金
覚醒
親切者 B
親愛なる君へ
親愛のミトン
親愛のミトンのドロップ獲得数アップ
親父の料理
観測せよ、主なき月の柩
観測所
観測所、閉館
観測所フォルネウス 制圧戦
観測所フォルネウス 最終戦
観覧車
角のような岩山
角田空
解体コロラトゥーラ
解体聖母
触れれば転倒！ D
言峰神父
言峰綺礼
言記しの紙
言記しの紙のドロップ獲得数を1個増やす【『バレンタイン2019』イベント期間限定】
言記しの紙のドロップ獲得数を2個増やす[最大解放]【『バレンタイン2019』イベント期間限定】
言記しの紙のドロップ獲得数アップ
訓練場
託されたもの
記憶が飛ぶ廊下
記憶の大図書館
記憶再演 『お菓子の国』
記憶再演 『まわる！　ONILAND11ロケ』
記憶再演 『まわる！　ONILAND！！ロケ』
記憶再演 『サイレントフィールド』
記憶再演 『チョコレートガーデンの女帝』
記憶再演 『不敬なクリスマス』
記憶再演 『偽美術館巡り』
記憶再演 『庭の手入れ』
記憶再演 『旅立ちの墓場』
記憶再演 『無人島漂流記』
記憶追想 『Escape 4 - Result』
記憶追想 『エリア レースハイライト』
記憶追想 『メカエリザVSメカエリザMKⅡ』
記憶追想 『九十階の登頂者』
記憶追想 『死闘・ビーチバレー！』
記憶追想 『神の鞭』
記憶追想 『突撃、となりのオルタちゃん』
記憶追想 『竜の魔女』
記憶追想 『酒と鬼』
記憶追想 『高き城の王』
記憶追想 『黒きマスクとサンタクロース』
記録せよ、読み手なき月の柩
訣別の時
訣別の時きたれり、其は、世界を手放すもの
訴状の矢文
証
証明と反証
詠天流受法用心集
詠天流受法用心集 前編
詠天流受法用心集 後編
試練の山で資源収集
詩歌宝具
詩詠みポイント
詩詠みポイント獲得量アップ
詭計の間
誉れを此処に
誉れ堅き雪花の壁
誉れ歌う黄金劇場
誉れ高き雪花の盾 B
誓いの羽織
誕生の時きたれり、其は全てを修めるもの
誘いは強くこの手を握る。
行き着く先は闇の中。
語られる一矢
語り手 EX
誠の旗
誠の蛍火
誠・ＤＲＩＶＥ EX
誤注文に注意！ ただし返品も可能です
説教したくなる廊下
読みかけのイリアス
読みかけの本
誰かのために戦う者
誰かの為の物語
誰かを想うシスターズ
誰が駒鳥を殺したか
誰も知らぬ、無垢なる鼓動
調査せよ！ お宿に出てくる百鬼夜行！
調査せよ！ バナナの消費が爆上がり！？
調査せよ！ ホテルの夜警で大騒動？！
調査せよ！ レースに蔓延る闇賭博！
調査せよ！ 大手サークルのサボリ現場！
調査せよ！ 山から響く謎の美声！
調査せよ！ 森のヌシを操る謎の影！
調査せよ！ 華麗なるコスプレ強制紳士！
調査せよ！ 高級ホテルの怪奇！
調査せよ！ 魔女の家に住む本の虫？
調理（茸） B
諏訪湖SA
論理的な悪性
諜報 A
諜報 A++
諸国瀧廻り
諸葛孔明
諸葛孔明〔エルメロイⅡ世〕
諸行無常・盛者必衰
謀反！ 僕の姉上が男のわけがない！
謎のアイドルX〔オルタ〕
謎のアルターエゴ・Λ
謎のイゾーＯ
謎のネコG
謎のヒロインX
謎のヒロインXX
謎のヒロインXX〔オルタ〕
謎のヒロインX〔オルタ〕
謎のヒロインZ
謎のホットココアＸ
謎の代行者C.I.E.L
謎の仮面
謎の仮面群
謎の巨石を眺めて空想力を育む カンヅメ級
謎の巨石を眺めて空想力を育む コツコツ級
謎の巨石を眺めて空想力を育む ノリノリ級
謎の巨石を眺めて空想力を育む ノンビリ級
謎の施設探索 イエローアラート級
謎の施設探索 ブルーアラート級
謎の物質RX
謎の終末装置 破壊指令
謎の維新ライダーＭ
謎の維新名物
謎の蘭丸X
謎の蘭丸チョコX
謎めいた遺跡
謎特異点Ⅰ ベーカー街からの脱出 開催記念クエスト
謝肉祭
謳花爛漫
謳花爛漫 A
謳花爛漫 B
謳花爛漫 EX
警備訓練プログラム
警防部の外れ
警防部広場
警防部本部
護りの勾玉
護法のステッキ
護法の末路
護法の鬼・心握殺 A+
護法の鬼・殴殺棒 B
護法少女チョコ
護法少女・九頭竜鏖殺
豆スープの湖 A
豊かな海
豊穣
豊穣たる大海よ、歓喜と共に
豊穣たる牡牛
豊穣の海
豊穣ポイント
豊穣ポイント100,000以上
＆2月16日18時00分以降に開放
豊穣ポイント200,000以上
＆2月17日18時00分以降に開放
豊穣ポイント25,000以上
＆2月14日18時00分以降に開放
豊穣ポイント60,000以上
＆2月15日18時00分以降に開放
豊穣ポイント獲得量アップ
豊穣祈願
豚の間
豚化
豚化を受けなくなる
豚化無効
豚状態無効
豪華な廊下
貝塚
貞淑の美徳 A
財宝の島
貧民窟
貧者の一灯
貧者の見識 A
貪欲なる礼讃/for eating
貪欲なる黄金 A
貫き穿つ死翔の槍
貯水槽
貴女はどうすればいい？
貴方のための呪 B+
貴方のための物語
貴方の忠実なる羊
貴方への祈り
貴方へ届け、極彩色の白と黒
貴族邸
貴石の魔弾
貴船の城
貴賓の接待
貴賓室
貿易戦略  メイド喫茶で事業管理を学ぶ
貿易戦略  ライバル団子屋との売り上げ勝負
貿易戦略  地球外への販路拡大
貿易戦略  女神から交渉の秘訣を学ぶ
貿易戦略  新たな取引先を探して
貿易戦略  新メニューのレシピを求めて
貿易戦略  未知なるスイーツ材料の探求
貿易戦略  物資運搬のノウハウを学ぶ
貿易戦略  話題の料理研究家に突撃取材
貿易戦略  龍宮城建て直し計画
貿易船
資料室
資材採集 光輝の神殿で資材を集める
資材採集 古い森で資材を集める
資材採集 大蛇の神殿で資材を集める
資材採集 旧邪馬台国神殿で資材を集める
資材採集 近場の川で資材を集める
資材採集 近場の野原で資材を集める
資材採集 闇の新選組屯所で資材を集める
資材採集 集落内で資材を集める
賑やかな廊下
賞金稼ぎに幾光年
賞金首ハント 『いたずら上手のアビーちゃん』
賞金首ハント 『カイザーオリジン』
賞金首ハント 『スカルキーパー』
賞金首ハント 『スペーストシゾー』
賞金首ハント 『スペース・キャット』
賞金首ハント 『デミ・フェット』
賞金首ハント 『パオペエ先生』
賞金首ハント 『孤独のオキタ』
賞金首ハント 『宇宙のおにぎり』
賞金首ハント 『宇宙怪盗ツインパイレーツ』
賞金首ハント 『最可愛良妻コスタマモ』
賞金首ハント 『毒料理マスター』
賞金首ハント 『絶対正義セイントマルタ』
賢猿豆
賢王の萌芽 B
賢者にして戦士の陥穽
賢者のチョーク
賢者のチョークのドロップ獲得数アップ
賢者の樽
賢者の石 A
賢者の石 A+
賢者の隠れ家
質量もなく、形もなく、けれど在るもの
贋作探し 上級
贋作探し 中級
贋作探し 中級クリアで開放
贋作探し 偽美術館巡り ～アンブロジアーナ～
贋作探し 偽美術館巡り ～ウフィツィ～
贋作探し 偽美術館巡り ～エルミタージュ～
贋作探し 偽美術館巡り ～グラツィエ～
贋作探し 偽美術館巡り ～チャルトリスキ～
贋作探し 偽美術館巡り ～ルーヴル～
贋作探し 偽美術館巡り ～ヴァチカン～
贋作探し 偽美術館巡り ～ヴェッキオ～
贋作探し 初級
贋作探し 初級クリアで開放
贋作美術館の記憶
贋造生命（亜種） C
贖罪の都
赤いジャンパー
赤い剣
赤い剣 C
赤い唐傘
赤い花
赤い革ジャン
赤き宝石嬢の令印
赤き星の瞳 B
赤き焔 A
赤き竜の徴 A
赤き落胤の夢
赤の黒鍵
赤兎馬
赤原猟兵
赤坂
赤岸K
赤枝の後継 B
赤枝の騎士 B
赤楽茶碗
赤楽茶碗のドロップ獲得数を1個増やす【『ぐだぐだ新邪馬台国』イベント期間限定】
赤楽茶碗のドロップ獲得数を2個増やす[最大解放]【『ぐだぐだ新邪馬台国』イベント期間限定】
赤楽茶碗のドロップ獲得数アップ
赤熱偏位
赤竜の息吹 EX
赤銅の果実
赤雷の騎士 A+
赦免の城
赦免の小鐘
赫き死の仮面 A+
赫き髭紳士の令印
起源弾
超カワナカ時代劇村
超五稜郭
超人オリオン
超人オリオン、未体験の感覚に戸惑う
超古代お米列伝 ぐだぐだハニ台国の謎2020
超古代新選組列伝 ぐだぐだ邪馬台国2020
超巨大特性付与
超抜級拠点・南
超抜級拠点・西
超極☆大かぼちゃ村：
マップテーマ
超極大魔城ベルトチェイテ
超級維新・奇兵隊
超絶縦長魔城
チェイテピラミッド姫路城
超絶縦長魔城：
チェイテ
超絶鎖国御領 ナガサキ
超越の大天使
超難関ステージ全クリア＆5月30日18時00分に開放
趣きのある客間を修理で開放
足がすくむ廊下
足どりは軽やかに
足の竦む欄干
足先岬
足早になる廊下
足柄の山、金時の熊退治
足柄ブラザーズ
足洗邸の余分な一時
路上で握手会〔パフォーマンスUP〕
路傍の夢
路地裏の怪 Rank A
路地裏の怪 Rank B
路地裏の怪 Rank C
路地裏の怪 Rank D
路地裏の怪 Rank EX
踊りたくなる廊下
踊り娘の城門
踊るドラゴン・キャッスル！ 
～深海の姫君とふたつの宝玉～
踊るレッドパイル
踊る翼のように A
蹴り穿つ死翔の槍
躑躅ヶ崎館
身がすくむ廊下
身がすくむ部屋
身もだえする廊下
身を焦がす廊下
身代わり
身体無き者 EX
軍師の忠言 A
軍師の忠言 A+
軍師の忠言 B++
軍師の指揮 A+
軍師の本懐 A
軍用地下通路
軍用糧食（缶詰）
軍略 B
軍略 C
軍略 C+
軍神
軍神の交換券
軍神の剣
軍神五兵
軍神咆哮 A+
軛は解かれ放たれる。
健やかな安らぎと共に。
転々手鞠
転々手鞠のドロップ獲得数を1個増やす【『南溟弓張八犬伝』イベント期間限定】
転々手鞠のドロップ獲得数を2個増やす[最大解放]【『南溟弓張八犬伝』イベント期間限定】
転々手鞠のドロップ獲得数アップ
転校生
転身火生三昧
転輪する勝利の剣
転輪よ、憤炎を巻き起こせ
転輪仏塔 B+
転輪聖王 EX
輝かしき社会人の証 C
輝かしき終天の一矢
輝かしき薔薇の花束
輝きのエスコート
輝くばかりの
輝く夜のように EX
輝く王冠
輝く石のように
輝く顔 A+
輝ける大王冠 A
輝ける水の衣 A
輝ける路 EX
輝け！ グレイルライブ！！
～鶴のアイドル恩返し～
輝け！ グレイルライブ！！ ～鶴のアイドル恩返し～
輪廻が■■する世界
輪転双蛇円環ウロボロス
轟力丸討伐戦 上級
轟力丸討伐戦 中級
轟力丸討伐戦 初級
轟力丸討伐戦 超級
轟力丸討伐戦 鬼級
轟沈・弓張月
辨天衣
辺境の村
迂回路
迅犬豆
迎撃宝具
迎撃戦 六郷大橋
迎撃戦 増上寺
迎撃戦 川崎大師
迎撃戦 御徒町
迎撃戦 日本橋
迎撃戦 浅草 一
迎撃戦 浅草 二
迎撃戦 鳥越神社
迎撃戦を2つクリアで開放
近付き難い者 A
近藤勇
近衛兵・ハント 典位級
近衛兵・ハント 祭位級
近衛兵・ハント 開位級
返礼の品
迷い家の友 EX
迷子の“死神”
迷子の案内人
迷宮のとば口
迷宮の終点
迷宮を歩き直して怪しいところを探索しよう
迷宮宝具
迷宮濶歩
迷宮濶歩 A
迷宮濶歩 B
迷宮濶歩 EX
迷彩狙撃 B
追い込みの美学 C
追加効果
追加効果(弱体)
追憶の貝殻
追憶の貝殻、万死の毒針、凶骨の中から一つと交換ができます。
追憶の貝殻、励振火薬、愚者の鎖の中から一つと交換ができます。
追撃技巧向上
退屈な精霊達との遊び
逃げて、逃げて、逃げまくれ
逃れ得ぬ死の鉤爪
逃避の始まり
逆光 EX
逆写しの間
逆堕つ泥雨
逆境のカリスマ A
逆巻く波濤を制する王様気分！
逆行銀河・赤方偏移
逆風の座敷
透化 A+
透化 B+
透視の魔眼 D
這う廊下
通学路
通常攻撃で与えるダメージをアップ
通常攻撃のヒット数が2倍になるがヒットあたりの威力ダウン
通常攻撃ダメージ前追加効果
通常攻撃ダメージ前追加効果(クリティカル威力アップ)
通常攻撃ダメージ前追加効果(攻撃力アップ)
通常攻撃ダメージ前追加効果(攻撃力アップ＋攻撃力ダウン)
通常攻撃時、ダメージ前に自身のクリティカル威力をアップ
通常攻撃時、ダメージ前に自身のクリティカル威力をアップ＆呪い状態を付与【デメリット】
通常攻撃時、味方全体のHPを回復する
通常攻撃時、対象に弱体効果が発生する
通常攻撃時、対象の強化状態を1つ解除＆〔過去改竄〕状態を付与
通常攻撃時、対象の被強化成功率をダウン
通常攻撃時、敵単体の強化状態を1つ解除＆〔ターゲット捕捉〕状態を付与
通常攻撃時、自身に〔精霊の怒り〕状態を付与
通常攻撃時、自身に宝具使用時のチャージ段階を1段階引き上げる状態を付与
通常攻撃時、自身のNPを増やす
通常攻撃時に〔愛炎〕状態を付与する
通常攻撃時に対象にやけど状態を付与
通常攻撃時に対象に毒状態を付与
通常攻撃時に消費され、その攻撃の間だけ攻撃力アップ効果を得る
通常攻撃時に自身のHPを回復する ＋ 敵単体の強化状態を1つ解除＆解除成功時、防御力をダウン
通常攻撃時に自身のNPを増やす
通常攻撃時ダメージ前に、敵単体に呪い状態を付与
通常攻撃時ダメージ前に、自身のクリティカル威力をアップ
通常攻撃時ダメージ前に、自身の攻撃力をアップ
通常攻撃時ダメージ前に、自身の通常攻撃で与えるダメージをアップ ＋ 敵単体の攻撃力をダウン
通常攻撃時追加効果
通常攻撃時追加効果(やけど)
通常状態
通行止めの座敷
通風口
逢い引きの廊下
逢い引きの部屋
逢坂の関 A
逢坂の関 A++
連合帝国首都進撃
連合首都
連環馬大嵐陣
連環馬（憑依） A
連続活劇神話 ミシシッピ・ミササイザーズ
連鎖
週末北方遊園 ONI♡LAND
進捗いかがですか B
進撃するシパーヒー B
遅延発動
遅延発動(即死)
遅延発動〔Arts化〕
遅延発動〔Buster化〕
遅延発動〔Quick化〕
遅延発動（四夜の終末）
遅延発動（支援砲撃）
遅延発動（死滅願望）
遊戯界の《新宿》
遊戯界の《秋葉原》
遊技場を復元で開放
遊撃騎士モードレッド
遊撃騎士隊
遊覧船乗り場
運は天に、鎧は胸に、手柄は足に A
運は天に在り A
運は天に在り A+
運動部エリア
運命の三女神編
運命の三女神編 郷愁永巡刻盤 パスト・カルデア
運命の機織り B
運命の砦
運命の紡ぎ手（過去） A
運命の蛇
運命宝具（過去）
運命神の神核 A
遍く無償の無限の愛
遍歴の都
遍歴騎士の大冒険 EX
過ぎ去りし夢
過分なる神秘の心臓
過去の残響
過去を改竄された状態(弱体扱い)
過去改竄
過日の夢想
過日の夢想 A
過日の夢想 B
過日の夢想 EX
道中
道具作成 -
道具作成 A
道具作成 A+
道具作成 B
道具作成 B+
道具作成 B-
道具作成 C
道具作成 D
道具作成 E
道具作成 E-
道具作成 EX
道具作成 EX （D相当）
道具作成 EX(C)
道具作成（偽） A
道具作成（奇） EX
道具作成（絡繰） C
道具作成（衣） A
道具作成（衣） C+
道具作成（銃） D
道化の大笑 A+
道成寺鐘百八式火竜薙
道満の呪 A++
道満の符
道脇の荒野
道術 A
道術（人形操作） A+
道術（外） A
違法カジノ
遠い星の私へ
遠坂邸
遠征は終わらず
遡行の羅針盤
遥かなる冒険のアストロラーベ
遥かなる者への斬罪
遥か青き星よ
遥遠なりし幻夢郷
遭遇
遭難者Ｘの帰還
遮那王流離譚
選ばれし者
選別の間
選定のモップ
選定の剣 EX
選定の場
遺言状
遺跡を荒らす者
遺霊箱
那覇港
邪悪教典
邪智のカリスマ A
邪竜さん、ストレス解消する
邪竜さんトライアル
邪竜の残影
邪竜の魔女ver新宿1999
邪竜来りて罪を吐く
邪竜百年戦争
邪竜百年戦争：
オルレアン
邪花の柱頭
邪馬台パワー！
邪馬台パワー！ A（丸太）
邪馬台パワー！ A（粘土）
邪馬台パワー！ A（茅束）
邪馬台パワー！ B（丸太）
邪馬台パワー！ B（粘土）
邪馬台パワー！ B（茅束）
邪馬台パワー！ EX
邪馬台国警察物語
郊外の屋敷
郊外の砂漠
部屋はもう取ってあるんだが
部屋をクラフトする
郷愁の白狼 EX
都市国家同盟 -
都市国家同盟 A
都市山脈・上空
都市改造 EX
鄙びた街道
酒に酔い、酔に狂い、狂に滾って
酒呑童子
酒場の乱痴気騒ぎを解決せよ！
酒池滾々
酔うも我、狂うも我、滾り嗤うも我なれば
醒めぬ夢、終わらぬ戦
醜い恋のように C+
釈提桓因・金剛杵
里
重力操作 B
重力操作 EX
重汚染地帯
重箱洋菓子九重巡り
重装甲決戦都市
重起動心臓都市
野に咲く花
野に咲く花の愛でかた
野営地
野営地跡
野外ステージで発声練習〔ボーカルUP〕
野望の嚆矢
野獣の論理 B
量子甲冑 B
金と共に来たる
金のズダ袋
金のセイバーバッヂ
金のセイバーバッヂのドロップ獲得数アップ
金の延べ棒
金丹
金剛体 A
金平糖の精の踊り EX
金星獣エリchan
金星神・火炎天主
金星神・白銀円環
金曜 宝物庫の扉を開け 上級
金曜 宝物庫の扉を開け 中級
金曜 宝物庫の扉を開け 初級
金曜 宝物庫の扉を開け 超級
金曜 種火集め<剣・騎編> 上級
金曜 種火集め<剣・騎編> 中級
金曜 種火集め<剣・騎編> 初級
金曜 種火集め<剣・騎編> 超級
金曜・モンスター狩り<四騎編> 上級
金曜・モンスター狩り<四騎編> 中級
金曜・モンスター狩り<四騎編> 初級
金曜・種火集め<四騎編> 上級
金曜・種火集め<四騎編> 中級
金曜・種火集め<四騎編> 初級
金曜・種火集め<四騎編> 超級
金沢峠
金眼神鶯
金眼神鶯 A
金羊の皮
金色の三叉矛
金色ノ原
金隠しの廊下
金魚の間
釜茹での部屋
針の穴を通るより難しい
釣り人来たる
釣れ！　マジムンアイランドのヌシ！？
鈍痛はいつも見えない/re-construction
鈴木翔子(LASENGLE)
鈴鳴りの枝
鈴鹿の鍵
鈴鹿御前
鈴鹿御前〔サマバケ〕
鉄の専心
鉄の街、煤の海
鉄壁！ 金色の魔力障壁！
鉄扉の座敷
鉄材
鉄観音茶（？）
鉱石科の君主
銀のズダ袋
銀のセイバーバッヂ
銀のセイバーバッヂのドロップ獲得数アップ
銀の鈴が如き A+
銀世界
銀河伝令 EX
銀河流星剣 C
銀河流星剣XEX A
銀河砂丘
銀花の白き姫
銀鍵のロザリオ
銀鍵の巫女
銀雪の女神たち
銃、戦争、死別
銃と蛍とチョコレート
銃を拝見
銃神・八咫烏
銃身塔バトル
銅のズダ袋
銅のセイバーバッヂ
銅のセイバーバッヂのドロップ獲得数アップ
銘菓風魔まんじゅう
銘菓風魔まんじゅう・改
鋼の信仰 A
鋼の看護 A
鋼の看護 A+
鋼の看護（聖夜） A
鋼の鍛錬
鋼日記（前編）
鋼日記（後編）
鋼鉄の決意 D
鋼鉄の決意 EX
鋼鉄の決意（炎） EX
鋼鉄天空魔嬢
鋼鐵機動戦記Ｃ・バベッジ
錠前が壊れている廊下
錦の反物
錦の姫
錦上添花
錬鉄手車 C
鍛冶工房
鍛冶神ヘファイストス
鍵の掛かっていない廊下
鍵守りの松明
鍵守りの松明のドロップ獲得数を1個増やす【『聖杯戦線 ～白天の城、黒夜の城～』イベント期間限定】
鍵守りの松明のドロップ獲得数アップ
鍵穴だらけの廊下
鍵穴だらけの部屋
鎌倉
鎌倉修行 序
鎌倉修行 急
鎌倉修行 破
鎌倉山道
鎌首町
鎖で閉ざされた座敷
鎧は胸に在り A
鎮国武成王
鎮西八郎 A
鏡餅もっちりチョコ
鐘撞き堂を修理で開放
鑑識眼 A
長き山の雄大さを感じて空想力を育む カンヅメ級
長き旅路への祈り A
長夜の訪問者 ～振り返ればヤツがいる～ 1
長夜の訪問者 ～振り返ればヤツがいる～ 10
長夜の訪問者 ～振り返ればヤツがいる～ 11
長夜の訪問者 ～振り返ればヤツがいる～ 12
長夜の訪問者 ～振り返ればヤツがいる～ 13
長夜の訪問者 ～振り返ればヤツがいる～ 2
長夜の訪問者 ～振り返ればヤツがいる～ 3
長夜の訪問者 ～振り返ればヤツがいる～ 4
長夜の訪問者 ～振り返ればヤツがいる～ 5
長夜の訪問者 ～振り返ればヤツがいる～ 6
長夜の訪問者 ～振り返ればヤツがいる～ 7
長夜の訪問者 ～振り返ればヤツがいる～ 8
長夜の訪問者 ～振り返ればヤツがいる～ 9
長尾景虎
長崎湾海底
長崎街中
長篠
長篠を制圧(兵糧+5)
門前の平原
閃く職人たち
閃光
閃光の拳 A
閉じるは現実の帳 E
閉じるは現実の帳 EX
閉鎖中の施設
開かずの間
開くは夢想の扉 EX
開けてびっくり天狗チョコ
開け放たれた座敷
開催！ 第2回ネロ祭！
開幕 大脱走チョコレート味
開幕 平安桜前線
開幕　大脱走チョコレート味
開幕！ シャーク・ショータイム
開拓1 A案 『木の小屋』を作ろう
開拓1 A案 『木の小屋』を解体する
開拓1 A案 『高層ビル』を作ろう
開拓1 A案 『高層ビル』を解体する
開拓1 B案 『和風ビル』を作ろう
開拓1 B案 『和風ビル』を解体する
開拓1 B案 『石の小屋』を作ろう
開拓1 B案 『石の小屋』を解体する
開拓1 C案 『ネオンサインビル』を作ろう
開拓1 C案 『ネオンサインビル』を解体する
開拓1 C案 『鉄の小屋』を作ろう
開拓1 C案 『鉄の小屋』を解体する
開拓10 A案 『凱旋門』を作ろう
開拓10 A案 『凱旋門』を解体する
開拓10 A案 『木の橋』を作ろう
開拓10 A案 『木の橋』を解体する
開拓10 B案 『ピラミッド』を作ろう
開拓10 B案 『ピラミッド』を解体する
開拓10 B案 『跳ね橋』を作ろう
開拓10 B案 『跳ね橋』を解体する
開拓10 C案 『えっふぇる塔』を作ろう
開拓10 C案 『えっふぇる塔』を解体する
開拓10 C案 『ロープウェイ』を作ろう
開拓10 C案 『ロープウェイ』を解体する
開拓10をクリアで開放
開拓11 A案 『ロボット工場』を作ろう
開拓11 A案 『ロボット工場』を解体する
開拓11 A案 『普通の庭』を作ろう
開拓11 A案 『普通の庭』を解体する
開拓11 B案 『枯山水』を作ろう
開拓11 B案 『枯山水』を解体する
開拓11 B案 『無限増殖装置』を作ろう
開拓11 B案 『無限増殖装置』を解体する
開拓11 C案 『迷路の庭』を作ろう
開拓11 C案 『迷路の庭』を解体する
開拓11 C案 『願望実現装置』を作ろう
開拓11 C案 『願望実現装置』を解体する
開拓11をクリアで開放
開拓12 A案 『ワープ装置』を作ろう
開拓12 A案 『ワープ装置』を解体する
開拓12 A案 『運動場』を作ろう
開拓12 A案 『運動場』を解体する
開拓12 B案 『コロッセウム』を作ろう
開拓12 B案 『コロッセウム』を解体する
開拓12 B案 『ロケット』を作ろう
開拓12 B案 『ロケット』を解体する
開拓12 C案 『マリーランド』を作ろう
開拓12 C案 『マリーランド』を解体する
開拓12 C案 『飛行機』を作ろう
開拓12 C案 『飛行機』を解体する
開拓12をクリアで開放
開拓13 A案 『灯台』を作ろう
開拓13 A案 『灯台』を解体する
開拓13 B案 『五重の塔』を作ろう
開拓13 B案 『五重の塔』を解体する
開拓13 C案 『ロックな塔』を作ろう
開拓13 C案 『ロックな塔』を解体する
開拓14 A案 『武家屋敷』を作ろう
開拓14 A案 『武家屋敷』を解体する
開拓14 B案 『城』を作ろう
開拓14 B案 『城』を解体する
開拓14 C案 『鉄の要塞』を作ろう
開拓14 C案 『鉄の要塞』を解体する
開拓14をクリアで開放
開拓15 A案 『モードレッド像』を作ろう
開拓15 A案 『モードレッド像』を解体する
開拓15 B案 『タマモ像』を作ろう
開拓15 B案 『タマモ像』を解体する
開拓15 C案 『マリー像』を作ろう
開拓15 C案 『マリー像』を解体する
開拓15をクリアで開放
開拓2 A案 『木の井戸』を作ろう
開拓2 A案 『木の井戸』を解体する
開拓2 A案 『火力発電所』を作ろう
開拓2 A案 『火力発電所』を解体する
開拓2 B案 『水力発電所』を作ろう
開拓2 B案 『水力発電所』を解体する
開拓2 B案 『煉瓦の井戸』を作ろう
開拓2 B案 『煉瓦の井戸』を解体する
開拓2 C案 『蛇口』を作ろう
開拓2 C案 『蛇口』を解体する
開拓2 C案 『風力発電所』を作ろう
開拓2 C案 『風力発電所』を解体する
開拓2をクリアで開放
開拓3 A案 『コンビニ』を作ろう
開拓3 A案 『コンビニ』を解体する
開拓3 A案 『土釜戸』を作ろう
開拓3 A案 『土釜戸』を解体する
開拓3 B案 『ピザ窯』を作ろう
開拓3 B案 『ピザ窯』を解体する
開拓3 B案 『百円ショップ』を作ろう
開拓3 B案 『百円ショップ』を解体する
開拓3 C案 『古本屋』を作ろう
開拓3 C案 『古本屋』を解体する
開拓3 C案 『巨大な鍋』を作ろう
開拓3 C案 『巨大な鍋』を解体する
開拓4 A案 『バーガーショップ』を作ろう
開拓4 A案 『バーガーショップ』を解体する
開拓4 A案 『露天風呂』を作ろう
開拓4 A案 『露天風呂』を解体する
開拓4 B案 『シャワー』を作ろう
開拓4 B案 『シャワー』を解体する
開拓4 B案 『牛丼屋』を作ろう
開拓4 B案 『牛丼屋』を解体する
開拓4 C案 『ケバブ屋』を作ろう
開拓4 C案 『ケバブ屋』を解体する
開拓4 C案 『檜風呂』を作ろう
開拓4 C案 『檜風呂』を解体する
開拓5 A案 『ケーキ屋』を作ろう
開拓5 A案 『ケーキ屋』を解体する
開拓5 A案 『大根畑』を作ろう
開拓5 A案 『大根畑』を解体する
開拓5 B案 『だんご屋』を作ろう
開拓5 B案 『だんご屋』を解体する
開拓5 B案 『キャベツ畑』を作ろう
開拓5 B案 『キャベツ畑』を解体する
開拓5 C案 『スイカ畑』を作ろう
開拓5 C案 『スイカ畑』を解体する
開拓5 C案 『駄菓子屋』を作ろう
開拓5 C案 『駄菓子屋』を解体する
開拓5をクリアで開放
開拓6 A案 『赤い橋』を作ろう
開拓6 A案 『赤い橋』を解体する
開拓6 A案 『麦畑』を作ろう
開拓6 A案 『麦畑』を解体する
開拓6 B案 『ロンドン橋』を作ろう
開拓6 B案 『ロンドン橋』を解体する
開拓6 B案 『水田』を作ろう
開拓6 B案 『水田』を解体する
開拓6 C案 『トウモロコシ畑』を作ろう
開拓6 C案 『トウモロコシ畑』を解体する
開拓6 C案 『虹の橋』を作ろう
開拓6 C案 『虹の橋』を解体する
開拓7 A案 『映画館』を作ろう
開拓7 A案 『映画館』を解体する
開拓7 A案 『牛牧場』を作ろう
開拓7 A案 『牛牧場』を解体する
開拓7 B案 『博物館』を作ろう
開拓7 B案 『博物館』を解体する
開拓7 B案 『羊牧場』を作ろう
開拓7 B案 『羊牧場』を解体する
開拓7 C案 『動物園』を作ろう
開拓7 C案 『動物園』を解体する
開拓7 C案 『鳥牧場』を作ろう
開拓7 C案 『鳥牧場』を解体する
開拓7をクリアで開放
開拓8 A案 『カラオケBOX』を作ろう
開拓8 A案 『カラオケBOX』を解体する
開拓8 A案 『牧場の道』を作ろう
開拓8 A案 『牧場の道』を解体する
開拓8 B案 『ゲームセンター』を作ろう
開拓8 B案 『ゲームセンター』を解体する
開拓8 B案 『石畳の道』を作ろう
開拓8 B案 『石畳の道』を解体する
開拓8 C案 『カジノ』を作ろう
開拓8 C案 『カジノ』を解体する
開拓8 C案 『線路』を作ろう
開拓8 C案 『線路』を解体する
開拓9 A案 『スタジアム』を作ろう
開拓9 A案 『スタジアム』を解体する
開拓9 A案 『木の水路』を作ろう
開拓9 A案 『木の水路』を解体する
開拓9 B案 『武道館』を作ろう
開拓9 B案 『武道館』を解体する
開拓9 B案 『石の水路』を作ろう
開拓9 B案 『石の水路』を解体する
開拓9 C案 『ネオマリーランド』を作ろう
開拓9 C案 『ネオマリーランド』を解体する
開拓9 C案 『パイプの水路』を作ろう
開拓9 C案 『パイプの水路』を解体する
開拓9をクリアで開放
開拓の鬼
開拓漂流日誌
ブルースカイランド
開拓計画1 ビルを修復しよう
開拓計画1 小屋を作ろう
開拓計画10 橋を作ろう
開拓計画10 観光施設を作ろう
開拓計画11 オートメーション化を進めよう
開拓計画11 庭を作ろう
開拓計画12 脱出手段を作ろう
開拓計画12 遊び場を作ろう
開拓計画13 見晴らし台を作ろう
開拓計画14 大きな家を作ろう
開拓計画2 水場を作ろう
開拓計画2 発電所を作ろう
開拓計画3 商店を作ろう
開拓計画3 炊事場を作ろう
開拓計画4 お風呂を作ろう
開拓計画4 飲食店を作ろう
開拓計画5 甘味処を作ろう
開拓計画5 野菜畑を作ろう
開拓計画6 橋を作ろう
開拓計画6 穀物畑を作ろう
開拓計画7 娯楽施設を作ろう
開拓計画7 牧場を作ろう
開拓計画8 もっと娯楽施設を作ろう
開拓計画8 道を作ろう
開拓計画9 もっともっと娯楽施設を作ろう
開拓計画9 水路を作ろう
開演の刻は来たれり、此処に万雷の喝采を
開闢の理
閑古鈴
閑古鈴、ゴーストランタン、万死の毒針の中から一つと交換ができます。
閑古鈴、枯淡勾玉、愚者の鎖の中から一つと交換ができます。
閑古鈴、無間の歯車、英雄の証の中から一つと交換ができます。
閑古鈴、追憶の貝殻、竜の牙の中から一つと交換ができます。
閑古鈴、鳳凰の羽根、励振火薬の中から一つと交換ができます。
閑話1
閑話2
閑話3
閑話4
閑話休怠
間章「森の光が写すもの」
間章１　狭間にて
間章２　とある円卓の騎士についての手記
間章３　とある円卓の騎士についての手記２
間章４　ランサー・イン・ザ・ダーク
間章５　ある兄弟の会話
間際の一撃 C
間際の一撃 C+++
関所
閻魔亭の丁稚たち
閻魔亭の記憶
閻魔亭繁盛記：
マップテーマ
閻魔帳の秘密
闇のコヤンスカヤ
闇のコヤンスカヤ体験クエスト
闇の園の思い出
闇の底はまだ知れない
闇の新選組屯所
闇の託宣 B
闇を拓く星条の象り
闇ノブ
闇夜の訪問者 ～納骨堂の怪～1
闇夜の訪問者 ～納骨堂の怪～2
闇夜の訪問者 ～納骨堂の怪～3
闇夜の訪問者 ～納骨堂の怪～4
闇夜の訪問者 ～納骨堂の怪～5
闇夜の訪問者 ～納骨堂の怪～6
闇夜の訪問者 ～納骨堂の怪～7
闇夜の訪問者 ～納骨堂の怪～8
闇夜の訪問者 ～納骨堂の怪～9
闇夜の邂逅
闇夜の閑話
闇天蝕射
闘争
闘争のカリスマ A
闘争の始まりと終わりを告げるチョコラーテ
防具を作り直す
防弾加工 A
防御タイプ
防御力をアップ
防御力をダウン
防御力アップ
防御力アップ〔七騎士クラス〕
防御力アップ〔人型〕
防御力アップ〔男性〕
防御力アップ〔神性〕
防御力アップ〔竜〕
防御力アップ〔魔性〕
防御力アップを無視して、攻撃によるダメージを与える
防御力アップ・対七騎士クラス
防御力アップ・対人型
防御力アップ・対男性
防御力アップ・対神性
防御力アップ・対竜
防御力アップ・対魔性
防御力アップ：水辺
防御力ダウン
防御力ダウン〔クリティカル〕
防御力ダウン〔睡眠〕
防御力ダウン〔魅了〕
防御力ダウン（強化扱い）
防御弱体を受けなくなる
防御弱体無効
防御弱体耐性をアップ
防御弱体耐性アップ
防御弱体解除
防御強化解除
防御無視
防御相性変更
防衛戦1日目　帝国兵襲来
防衛戦2日目　ワイバーン猛襲
防衛戦3日目　アマゾネス来襲
防衛戦4日目　騎馬兵強襲
防衛戦5日目　魔獣群猛襲
防衛戦6日目　巨人兵侵攻
防衛戦7日目　最後の攻勢
阿国十八番・出雲荒神歌舞伎
阿房宮模型
阿曇磯良
阿知女作法 EX
阿蘭若
降臨
限界凌駕の狙撃
限界領域
陣地作成
陣地作成 -
陣地作成 A
陣地作成 A+
陣地作成 A++
陣地作成 B
陣地作成 B+
陣地作成 C
陣地作成 C+
陣地作成 C-
陣地作成 D
陣地作成 D++
陣地作成 E
陣地作成 E-
陣地作成 EX
陣地作成 EX （D相当）
陣地作成（アトリエ） C+
陣地作成（侘） A
陣地作成（因習） A+
陣地作成（梁山泊） EX
陣地作成（武田） C
陣地作成（神楽） C
陣地進化（村落） B++
陣立味噌
陣立味噌のドロップ獲得数を1個増やす【『ぐだぐだファイナル本能寺2019』イベント期間限定】
陣立味噌のドロップ獲得数アップ
除災招福
除霊ポイント
陰謀作成 EX
陰陽交差 B
陰陽道（法） A
陰陽道（法） A+
陰陽魚 A
陰陽魚 A+
陰陽魚 B
陰鬱な岩場
陳宮
険しい山道
陽だまりの中で
陽の差さぬ此処へ
陽の眼を持つ女
陽光煌めく勝利の剣
陽気なコン
陽気になる廊下
陽炎剣・鶴憩水恋歌
隈乃温泉入口
隈乃温泉十怪談 その什 崇め奉るは新たな牛
隈乃温泉十怪談 その伍 直線迷宮
隈乃温泉十怪談 その参 極彩色の暗雲
隈乃温泉十怪談 その壱 河伯達は遊びたい
隈乃温泉十怪談 その弐 獣愛に目覚めし山童
隈乃温泉十怪談 その捌 納期に囚われし魂
隈乃温泉十怪談 その漆 鏡の中の彼女
隈乃温泉十怪談 その玖 神隠しの裏山
隈乃温泉十怪談 その肆 愛憎の祠
隈乃温泉十怪談 その陸 狂信の人形師
隈乃温泉十怪談 その零 百怪夜行決起会
階段を上がる部屋
隔離施設
隕蹄鉄
隕蹄鉄、凶骨、宵哭きの鉄杭の中から一つと交換ができます。
隕蹄鉄、愚者の鎖、宵哭きの鉄杭の中から一つと交換ができます。
隕鉄の鞴
隕鉄扇
障害たる蛇竜
隠された女神
隠された島
隠された洞窟
隠されていた鍵
隠しエピローグ
隠しトンネル
隠し砦
隠し財宝クエストを11箇所以上クリアで開放
隠し財宝クエストを13箇所以上クリアで開放
隠し財宝クエストを3箇所以上クリアで開放
隠し財宝クエストを5箇所以上クリアで開放
隠し財宝クエストを7箇所以上クリアで開放
隠し財宝クエストを9箇所以上クリアで開放
隠し通路
隠し部屋
隠れ家
隠れ村
隠れ草庵
隠美の仮面 A
隠者の洞窟
隠者の逃げ道
隠遁窟
隣国からの魔性洞窟調査依頼
隣村
隣村からの荒くれ者討伐依頼
隼の間
雀のお宿の活動日誌～閻魔亭繁盛記～
雀の宿の女将さん
雀の幸
雀の幸のドロップ獲得数を1個増やす【『雀のお宿の活動日誌』イベント期間限定】
雀の幸のドロップ獲得数を2個増やす[最大解放]【『雀のお宿の活動日誌』イベント期間限定】
雀の幸のドロップ獲得数アップ
雀の行水 EX
雀の間
雅な廊下
雅号・異星蛸
雅号・異星蛸 A
雅号・異星蛸 B
雅号・竜紋蛸 B
集いの手毬
集いの手毬のドロップ獲得数アップ
集めよドラゴンパワー！ 恐るべき花嫁竜
集めよドラゴンパワー！ 水竜の舞姫
集めよドラゴンパワー！ 水辺を駆ける腹ペコ竜
集めよドラゴンパワー！ 猛毒の支配者
集めよドラゴンパワー！ 竜頭を飾る者
集めよドラゴンパワー！ 蘇りし古竜？
集めよドラゴンパワー！ 蟒蛇の巣
集めよドラゴンパワー！ 辰の落とし子
集めよドラゴンパワー！ 迫り来る夫婦竜
集めよドラゴンパワー！ 逆鱗の多い暴れ竜
集めよドラゴンパワー！ 龍神の影
集中
集合住宅
集落
集落拠点
雉休みの湯 羅刹級
雉休みの湯 超級
雉休みの湯 鬼級
雑居ビル街
雑木林
雑賀城
雑賀孫一
雑賀流居合銃術 A
雛芥子の女
離れの邸宅
離別の呪い A
離宮
難邪亜洞
雨と星の童話
雨に出遭う B
雨の国の妖精 A
雨の国の後継 EX
雨の都
雨の魔女トネリコ
雨上がりの君
雨夜の訪問者 ～竜の宴～ 1
雨夜の訪問者 ～竜の宴～ 10
雨夜の訪問者 ～竜の宴～ 11
雨夜の訪問者 ～竜の宴～ 12
雨夜の訪問者 ～竜の宴～ 13
雨夜の訪問者 ～竜の宴～ 14
雨夜の訪問者 ～竜の宴～ 2
雨夜の訪問者 ～竜の宴～ 3
雨夜の訪問者 ～竜の宴～ 4
雨夜の訪問者 ～竜の宴～ 5
雨夜の訪問者 ～竜の宴～ 6
雨夜の訪問者 ～竜の宴～ 7
雨夜の訪問者 ～竜の宴～ 8
雨夜の訪問者 ～竜の宴～ 9
雨雲を越えて
雪おしろい
雪おしろいのドロップ獲得数を1個増やす【『復刻:徳川廻天迷宮 大奥』イベント期間限定】
雪おしろいのドロップ獲得数を1個増やす【『徳川廻天迷宮 大奥』イベント期間限定】
雪おしろいのドロップ獲得数を2個増やす[最大解放]【『徳川廻天迷宮 大奥』イベント期間限定】
雪おしろいのドロップ獲得数アップ
雪と氷の城
雪と氷の城（前編）
雪と氷の城（後編）
雪に沈む焼け跡
雪の城
雪の嬰児の戦友
雪原
雪原のメリー・クリスマス2023
～7days / 8years Snow Carol～
雪原の嬰児
雪夏、麗しきは霧氷の滴
雪深い台地
雪渓の城塞
雪花なき夜の先へ
雪華とハチミツの国 EXTRAⅠ
雪華とハチミツの国 EXTRAⅡ
雪華とハチミツの国 Rank A
雪華とハチミツの国 Rank B
雪華とハチミツの国 Rank C
雪華とハチミツの国 Rank D
雪華とハチミツの国 Rank EX
雪見ホワイトチョコ
雪間の道
雲の上の財宝
雲呑めお
雲耀 B
零れ氾く暗黒心臓
雷の征服者 EX
雷光と女神
雷光のトナカイ君
雷天日光・禍音星落火流錘
雷武とどめ戦
雷神の舞
雷神の顕 A+
雷神祭 最大ダメージトライアル 1日目
雷神祭 最大ダメージトライアル 2日目
雷雲食い A
雷電の手
雷電神話
雷霆運ぶ天の馬
電気狐は甘やかしの夢を見るか？
電磁三味線
震える霊峰
霊地争奪戦 寛永寺
霊地争奪戦 日本橋
霊地争奪戦 水道橋
霊地争奪戦 等々力
霊地争奪戦 赤坂
霊地獲得戦 六郷大橋
霊地獲得戦 川崎大師
霊地獲得戦 御徒町
霊地獲得戦 日本橋
霊地獲得戦 神田
霊地獲得戦 鳥越神社
霊基を入れ替えるか選択してください
霊基再臨 4段階目＆Lostbelt No.5 神代巨神海洋 アトランティスクリアで開放
霊基再臨 4段階目＆亜種特異点Ⅲクリアで開放
霊基再臨 4段階目＆真名判明で開放
霊基再臨2段階目＆絆Lv.4で開放
霊基再臨2段階目＆絆Lv.5で開放
霊基再臨3段階目で開放
霊基再臨3段階目＆絆Lv.4で開放
霊基再臨3段階目＆絆Lv.5で開放
霊基再臨4段階目＆幕間の物語 第1節クリアで開放
霊基再臨{0}段階目で開放
霊基情報保存 A
霊基獲得クエスト 岸波白野(女性)
霊基獲得クエスト 岸波白野(男性)
霊基解放クエスト アスカラポス
霊基解放クエスト インドラ
霊基解放クエスト ウルズ
霊基解放クエスト オベロン
霊基解放クエスト シャルルマーニュ
霊基解放クエスト ジョン・ラックランド
霊基解放クエスト ソドムズビースト／ドラコー
霊基解放クエスト ツタンカーメン
霊基解放クエスト テュフォン・エフェメロス
霊基解放クエスト ビショーネ
霊基解放クエスト 千利休
霊基解放クエスト 小野小町
霊基解放クエスト 花咲翁
霊基解放クエスト 蘆屋道満
霊基解放クエスト ＢＢドバイ
霊妙なる御髪 A
霊媒体質 A+
霊子向上
霊子向上・全
霊子肖像:アルテラ
霊子肖像:カルナ
霊子肖像:ギルガメッシュ
霊子肖像:ネロ・クラウディウス
霊子肖像:無銘
霊子肖像:玉藻の前
霊子譲渡
霊峰踏抱く冥府の鞴
霊樹の宿根
霊爛の洋館
霊珠子 A
霊脈地へ
霊脈石
霊裳重光・79式擲禍大社
霓裳羽衣 比翼連理
霜息吹く山脈
霞んだ山地
霧と馬車とガス灯
霧の情景
霧の海岸
霧夜の倫敦
霧夜の殺人 A
霧夜の殺人 EX
霧深き森
青い帯留め
青い鳥のようなマウス
青き夏の衣 B
青き星の瞳 B
青き空の学び舎
青ざめた死の舞踏 A
青の巨牛
青の洞窟
青の黒鍵
青乃下
青天白日
青春号令
青空の下、泥のように描く
青翠の夏女神
青苧糸
青苧糸のドロップ獲得数を1個増やす【『ぐだぐだファイナル本能寺2019』イベント期間限定】
青苧糸のドロップ獲得数アップ
青銅の果実
青銅の苗木
青銅巨人の超重鎚
青髭紳士・追想編
青龍の九節棍
青龍の置物
青龍の置物のドロップ獲得数を1個増やす【『108人のハロウィン・リベリオン！』イベント期間限定】
青龍の置物のドロップ獲得数アップ
静かなる時を求めて
静かな入り江
静かな原野
静かな廊下
静かな河畔
静かな雪原
静寂な森
静寂の舞踏 B
静寂を破る羽音 Rank A
静寂を破る羽音 Rank B
静寂を破る羽音 Rank C
静寂を破る羽音 Rank D
静寂を破る羽音 Rank EX
静希草十郎
静止軌道上で資源収集
静穏なひと時
静謐のハサン
非常大権 A
非霊長生存圏
非霊長生存圏 ツングースカ・サンクチュアリ
非霊長生存圏をクリア＆霊基再臨3段階目＆絆Lv.5で開放
非霊長生存圏：
ツングースカ・サンクチュアリ
面影は春の如く
靴屋
鞍馬の申し子
鞍馬の申し子 A+
鞍馬山名産・やつでまんじゅう
鞠もをかし
韮山城
韮山城を制圧(火薬+5)
音楽神の加護（偽） EX
頂上
項垂れ峠 上級
項垂れ峠 中級
項垂れ峠 超級
項羽
項羽の剣
須玉IC
預言の星
頑健 EX
頑健（毒） A
頑強
領域外の生命 A
領域外の生命 B
領域外の生命 C
領域外の生命 D
領域外の生命 E
領域外の生命 EX
領域外の生命（偽） EX
頭痛持ち B
頼光の屋敷
頼光チームを応援 オーバーヒート級
頼光チームを応援 ドライブ級
頼光チームを応援 ハイスピード級
頼光チームを応援 フルスロットル級
頼光チームを支援 スコップ級
頼光チームを支援 スプーン級
頼光チームを支援 ダイナマイト級
頼光チームを支援 ドリル級
頼朝の墓
顔の無い王
願いの先
願いの救急箱
願いの淵
願いよ星を結べ
願い事
願望の器
願望中枢神経/reasons
風のアイリを倒せ 序
風のアイリを倒せ 極
風のアイリを倒せ 真
風を切り裂く鞭のような　１
風を切り裂く鞭のような　２
風を切り裂く鞭のような　３
風を切り裂く鞭のような　４
風乗り少女の縦横無尽
風声鶴唳 C
風声鶴唳 C++
風林火山
風王結界
風神の子
風神の子、此処に在り
風穴氷窟
風蕭蕭として易水寒し
風薫る丘
風越丸討伐戦 上級
風越丸討伐戦 中級
風越丸討伐戦 初級
風越丸討伐戦 超級
風越丸討伐戦 鬼級
風車型チョコとドン・キホーテ追補編
風間雷太
風除けの加護 A
風雅たれ
風雲からくりイリヤ城
～果心居士のささやかな野望～
風雲からくりイリヤ城 ～果心居士のささやかな野望～
風雲からくりイリヤ城通行手形
風雲からくりイリヤ城通行手形のドロップ獲得数アップ
風雲パワー
風雲パワー A
風雲パワー EX
風雲仙姫
風雲児！ 織田吉法師！
風魔小太郎
飛翔せよ、わが金色の大翼
食堂＆購買部
食料
食料庫
食肉工場
飢餓
飯田ぽち。
飲み込み来たれ、冥府の河
餓えは罪を誘う
首切りバニー2016
首切りバニー（第一再臨）
首切りバニー（第三再臨）
首切りバニー（第二再臨）
首取り翁の針山剣 EX
香しい廊下
香子さんのある種の冒険
香炉峰の雪 A
駅
駆け抜ける、始まりの蹂躙制覇
駆け抜ける黄金律 A
駐留地点
駐車場
駒姫
駒鳥の殺人 E
駿府城
騎のコインチョコ
騎のチョコ型
騎の印章
騎の秘石
騎の輝石
騎の魔石
騎乗 A
騎乗 A+
騎乗 A++
騎乗 B
騎乗 B+
騎乗 C
騎乗 C+
騎乗 D
騎乗 D-
騎乗 E
騎乗 EX
騎兵の頂に立つもの
騎士たちは華やかに、あるいは誰にも知られずに
騎士として
騎士の武略 B
騎士の矜持
騎士の誓い
騎士の軍略 B
騎士は徒手にて死せず
騎士は徒手にて死せず A++
騎士よ迷うことなかれ、と聖槍は言った
騎士叙勲
騎士叙勲 A
騎士団の誓い A
騎士王が着用していた衣装を模した魔術礼装
騎士王への諫言 B
騎英の手綱
騒がしい廊下
騙しどき騙されどき
驕慢王の美酒 A
驕慢王の美酒 B+
驚くべき偉業
驚嘆！ 水着剣豪あらわる！
驚嘆！ 風雲からくりイリヤ城！
驚天動地 B
驥足百般 A
骨々隆々
骨刀（無銘）
骨董品の提灯
骨董品の提灯のドロップ獲得数を1個増やす【『魔法使いの夜アフターナイト』イベント期間限定】
骨董品の提灯のドロップ獲得数アップ
骨董隠しの廊下
骨董隠しの部屋
骰子の選択 EX
骸彷徨う教会
高き城の王
高価な巻物
高価な巻物のドロップ獲得数を1個増やす【『108人のハロウィン・リベリオン！』イベント期間限定】
高価な巻物のドロップ獲得数アップ
高円寺
高千穂の白き大蛇 A-
高原
高山城
高杉晋作
高杉重工タワー
高梨の宝刀
高潔なる矛と盾
高窓
高級カレーパン
高級プリン
高級プリンのドロップ獲得数アップ
高級和菓子
高貴なる壺チョコ
高貴なる海賊
高貴なる海賊準男爵の咆吼
高速神言 A
高速神言 B
高速詠唱 A
高速詠唱 B+
高速詠唱 E
高速詠唱（妖） EX
高速読経 A
高遠
鬨の声・梁山泊 EX
鬨の平原
鬼に衣
鬼の副長
鬼の棲み処
鬼の茶会
鬼の遊び場
鬼の面
鬼の首 EX
鬼ヶ島の記憶
鬼一の高下駄
鬼一法眼
鬼印のつづら
鬼哭討伐戦 鬼あそび級 1日目
鬼哭討伐戦 鬼あそび級 1日目 【撃退済】
鬼哭討伐戦 鬼あそび級 2日目
鬼哭討伐戦 鬼あそび級 2日目 【撃退済】
鬼哭討伐戦 鬼あそび級 3日目
鬼哭討伐戦 鬼あそび級 3日目 【撃退済】
鬼哭討伐戦 鬼あそび級 4日目
鬼哭討伐戦 鬼あそび級 4日目 【撃退済】
鬼哭討伐戦 鬼あそび級 5日目
鬼哭討伐戦 鬼あそび級 5日目 【撃退済】
鬼哭討伐戦 鬼あそび級 6日目
鬼哭討伐戦 鬼あそび級 6日目 【撃退済】
鬼哭討伐戦 鬼あそび級 7日目
鬼哭討伐戦 鬼あそび級 7日目 【討伐済】
鬼哭討伐戦 鬼あそび級 7日目(最終日)
鬼哭討伐戦 鬼あそび級 7日目(最終日) 【討伐済】
鬼哭討伐戦 鬼ごろし級 1日目
鬼哭討伐戦 鬼ごろし級 1日目 【撃退済】
鬼哭討伐戦 鬼ごろし級 2日目
鬼哭討伐戦 鬼ごろし級 2日目 【撃退済】
鬼哭討伐戦 鬼ごろし級 3日目
鬼哭討伐戦 鬼ごろし級 3日目 【撃退済】
鬼哭討伐戦 鬼ごろし級 4日目
鬼哭討伐戦 鬼ごろし級 4日目 【撃退済】
鬼哭討伐戦 鬼ごろし級 5日目
鬼哭討伐戦 鬼ごろし級 5日目 【撃退済】
鬼哭討伐戦 鬼ごろし級 6日目
鬼哭討伐戦 鬼ごろし級 6日目 【撃退済】
鬼哭討伐戦 鬼ごろし級 7日目
鬼哭討伐戦 鬼ごろし級 7日目 【討伐済】
鬼哭討伐戦 鬼ごろし級 7日目(最終日)
鬼哭討伐戦 鬼ごろし級 7日目(最終日) 【討伐済】
鬼哭討伐戦 鬼なかし級 1日目
鬼哭討伐戦 鬼なかし級 1日目 【撃退済】
鬼哭討伐戦 鬼なかし級 2日目
鬼哭討伐戦 鬼なかし級 2日目 【撃退済】
鬼哭討伐戦 鬼なかし級 3日目
鬼哭討伐戦 鬼なかし級 3日目 【撃退済】
鬼哭討伐戦 鬼なかし級 4日目
鬼哭討伐戦 鬼なかし級 4日目 【撃退済】
鬼哭討伐戦 鬼なかし級 5日目
鬼哭討伐戦 鬼なかし級 5日目 【撃退済】
鬼哭討伐戦 鬼なかし級 6日目
鬼哭討伐戦 鬼なかし級 6日目 【撃退済】
鬼哭討伐戦 鬼なかし級 7日目(最終日)
鬼哭討伐戦 鬼なかし級 7日目(最終日) 【討伐済】
鬼哭討伐戦 鬼やらい級 1日目
鬼哭討伐戦 鬼やらい級 1日目 【撃退済】
鬼哭討伐戦 鬼やらい級 2日目
鬼哭討伐戦 鬼やらい級 2日目 【撃退済】
鬼哭討伐戦 鬼やらい級 3日目
鬼哭討伐戦 鬼やらい級 3日目 【撃退済】
鬼哭討伐戦 鬼やらい級 4日目
鬼哭討伐戦 鬼やらい級 4日目 【撃退済】
鬼哭討伐戦 鬼やらい級 5日目
鬼哭討伐戦 鬼やらい級 5日目 【撃退済】
鬼哭討伐戦 鬼やらい級 6日目
鬼哭討伐戦 鬼やらい級 6日目 【撃退済】
鬼哭討伐戦 鬼やらい級 7日目
鬼哭討伐戦 鬼やらい級 7日目 【討伐済】
鬼哭討伐戦 鬼やらい級 7日目(最終日)
鬼哭討伐戦 鬼やらい級 7日目(最終日) 【討伐済】
鬼女紅葉
鬼楽百重塔
鬼楽百重塔開催記念 土曜 殺の修練場 上級
鬼楽百重塔開催記念 土曜 殺の修練場 中級
鬼楽百重塔開催記念 土曜 殺の修練場 初級
鬼楽百重塔開催記念 土曜 殺の修練場 超級
鬼楽百重塔開催記念 土曜 種火集め<弓・術編> 上級
鬼楽百重塔開催記念 土曜 種火集め<弓・術編> 中級
鬼楽百重塔開催記念 土曜 種火集め<弓・術編> 初級
鬼楽百重塔開催記念 土曜 種火集め<弓・術編> 超級
鬼楽百重塔開催記念 日曜 剣の修練場 上級
鬼楽百重塔開催記念 日曜 剣の修練場 中級
鬼楽百重塔開催記念 日曜 剣の修練場 初級
鬼楽百重塔開催記念 日曜 剣の修練場 超級
鬼楽百重塔開催記念 日曜 種火集め<ﾗﾝﾀﾞﾑ編> 上級
鬼楽百重塔開催記念 日曜 種火集め<ﾗﾝﾀﾞﾑ編> 中級
鬼楽百重塔開催記念 日曜 種火集め<ﾗﾝﾀﾞﾑ編> 初級
鬼楽百重塔開催記念 日曜 種火集め<ﾗﾝﾀﾞﾑ編> 超級
鬼楽百重塔開催記念 月曜 弓の修練場 上級
鬼楽百重塔開催記念 月曜 弓の修練場 中級
鬼楽百重塔開催記念 月曜 弓の修練場 初級
鬼楽百重塔開催記念 月曜 弓の修練場 超級
鬼楽百重塔開催記念 月曜 種火集め<槍・殺編> 上級
鬼楽百重塔開催記念 月曜 種火集め<槍・殺編> 中級
鬼楽百重塔開催記念 月曜 種火集め<槍・殺編> 初級
鬼楽百重塔開催記念 月曜 種火集め<槍・殺編> 超級
鬼楽百重塔開催記念 木曜 種火集め<槍・殺編> 上級
鬼楽百重塔開催記念 木曜 種火集め<槍・殺編> 中級
鬼楽百重塔開催記念 木曜 種火集め<槍・殺編> 初級
鬼楽百重塔開催記念 木曜 種火集め<槍・殺編> 超級
鬼楽百重塔開催記念 木曜 騎の修練場 上級
鬼楽百重塔開催記念 木曜 騎の修練場 中級
鬼楽百重塔開催記念 木曜 騎の修練場 初級
鬼楽百重塔開催記念 木曜 騎の修練場 超級
鬼楽百重塔開催記念 水曜 狂の修練場 上級
鬼楽百重塔開催記念 水曜 狂の修練場 中級
鬼楽百重塔開催記念 水曜 狂の修練場 初級
鬼楽百重塔開催記念 水曜 狂の修練場 超級
鬼楽百重塔開催記念 水曜 種火集め<弓・術編> 上級
鬼楽百重塔開催記念 水曜 種火集め<弓・術編> 中級
鬼楽百重塔開催記念 水曜 種火集め<弓・術編> 初級
鬼楽百重塔開催記念 水曜 種火集め<弓・術編> 超級
鬼楽百重塔開催記念 火曜 槍の修練場 上級
鬼楽百重塔開催記念 火曜 槍の修練場 中級
鬼楽百重塔開催記念 火曜 槍の修練場 初級
鬼楽百重塔開催記念 火曜 槍の修練場 超級
鬼楽百重塔開催記念 火曜 種火集め<剣・騎編> 上級
鬼楽百重塔開催記念 火曜 種火集め<剣・騎編> 中級
鬼楽百重塔開催記念 火曜 種火集め<剣・騎編> 初級
鬼楽百重塔開催記念 火曜 種火集め<剣・騎編> 超級
鬼楽百重塔開催記念 金曜 種火集め<剣・騎編> 上級
鬼楽百重塔開催記念 金曜 種火集め<剣・騎編> 中級
鬼楽百重塔開催記念 金曜 種火集め<剣・騎編> 初級
鬼楽百重塔開催記念 金曜 種火集め<剣・騎編> 超級
鬼楽百重塔開催記念 金曜 術の修練場 上級
鬼楽百重塔開催記念 金曜 術の修練場 中級
鬼楽百重塔開催記念 金曜 術の修練場 初級
鬼楽百重塔開催記念 金曜 術の修練場 超級
鬼武蔵の遺言状
鬼武蔵の遺言状 C
鬼灯の朱夏
鬼炎鬼灯
鬼瓢箪
鬼神の顕 A
鬼種の魔 A
鬼種の魔 B
鬼種の魔（水） B
鬼種の魔（護） A
鬼種チョコレートセット
鬼道 A
鬼道 EX
鬼道（滅） B
鬼骨稜々
魁・一番星！！
魁先生 A
魂の灯火 EX
魂の灯火について
魂喰い
魅了
魅了を受けなくなる
魅了付与アップ
魅了付与率をアップ
魅了無効
魅了耐性をアップ
魅了耐性をダウン
魅了耐性アップ
魅了耐性ダウン
魅了耐性ダウン(精神異常)
魅了耐性ダウン・対女性
魅惑の獄長ルック
魅惑の獄長ルック開放権
魅惑の絶対支配
魅惑の繁華街
魅惑の美声 A
魅惑の美声 B
魅惑の美声 C
魅惑的な廊下
魏志倭人伝無双
魔の潜む森
魔の血脈 A
魔よ、悉く天地を塞げ
魔を討つ刃
魔剣強襲（前編）
魔剣強襲（後編）
魔剣破り、承る！
魔力同調 C
魔力変換
魔力強化
魔力放出
魔力放出 A
魔力放出 A+
魔力放出 A-
魔力放出準備
魔力放出（かぼちゃ） A
魔力放出（光） A
魔力放出（光／古） A
魔力放出（光／古） A+
魔力放出（勇気） D
魔力放出（宝石） A+
魔力放出（愛） A
魔力放出（星） A+
魔力放出（檻） A+
魔力放出（水） B+
魔力放出（炎） A
魔力放出（炎） B
魔力放出（神雷） A
魔力放出（竜） B
魔力放出（跳躍） A
魔力放出（迅雷） A
魔力放出（逆鱗） A
魔力放出（雷） A
魔力研究所
魔力装填
魔力計
魔力逆流 A
魔境に臨みて
魔境の智慧 A+
魔天の車輪
魔女に愛された豚
魔女の家
魔女の憩い場
魔女の箱庭
魔女裁判 A+
魔将降臨
魔導書
魔尼の宝珠 A
魔尼の宝珠 B
魔巣食う港 Rank A
魔巣食う港 Rank B
魔巣食う港 Rank C
魔巣食う港 Rank D
魔巣食う港 Rank EX
魔弾
魔弾の射手 EX
魔弾の射手（模造） B
魔弾展開 EX
魔弾消費
魔弾生成
魔弾装填 B
魔性の戦闘美
魔性の戦闘美 EX
魔性の貌 EX
魔性変生 B
魔性菩薩
魔性馴化 EX
魔性鬼神 EX
魔杖の支配者 EX
魔氷城の麓
魔法のくつした
魔法使い C
魔法使いの夜アフターナイト／隈乃温泉殺人事件
～駒鳥は見た！ 魔法使いは二度死ぬ～
魔法少女力
魔法少女紀行 ～プリズマ・コーズ～
魔法紳士・邂逅編
魔猪
魔猪ぐるみ
魔獣の住処
魔獣戦線跡地
魔獣母神
魔獣襲名 A
魔王 A
魔王の寵愛 EX
魔王の手向け
魔王の神核（？） B
魔王の肖像
魔王信長
魔王回天・曼殊沙華
魔王城
魔王銃
魔生木
魔生木のドロップ獲得数を1個増やす【『水怪クライシス 無垢なる者たちの浮島』イベント期間限定】
魔生木のドロップ獲得数アップ
魔甲斐レージポイント
魔甲斐レージポイント1,020,000以上で開放
魔甲斐レージポイント1,220,000以上で開放
魔甲斐レージポイント160,000以上で開放
魔甲斐レージポイント160,000以上＆12月1日18時以降に開放
魔甲斐レージポイント25,000以上で開放
魔甲斐レージポイント300,000以上で開放
魔甲斐レージポイント300,000以上＆12月2日18時以降に開放
魔甲斐レージポイント480,000以上で開放
魔甲斐レージポイント510,000以上で開放
魔甲斐レージポイント560,000以上で開放
魔甲斐レージポイント60,000以上で開放
魔甲斐レージポイント630,000以上で開放
魔甲斐レージポイント730,000以上で開放
魔甲斐レージポイント860,000以上で開放
魔甲斐レージポイントのドロップ獲得量を30%増やす【『ぐだぐだ超五稜郭』イベント期間限定】
魔甲斐レージポイント獲得量アップ
魔眼 A+
魔眼 A++
魔眼 B
魔眼 B+
魔眼の妖女
魔眼オークションの招待状
魔眼蒐集列車
魔神のランプ
魔神の叡智 A
魔神王ゲーティア
魔芒石
魔術 B
魔術 C
魔術 C-
魔術の嗜み
魔術医療 A
魔術協会
制服
魔術協会の時計塔が優秀と認めた生徒に送られる魔術礼装
魔術回路（公転） EX
魔術回路（自転） A
魔術回路（自転） B
魔術宝具
魔術師の頂に立つもの
魔術師殺しの武器
魔術礼装クエスト・2004年の断片
魔術礼装クエスト・アトラス院制服
魔術礼装クエスト・アニバーサリー・ブロンド
魔術礼装クエスト・ウィンターカジュアル
魔術礼装クエスト・カルデア戦闘服
魔術礼装クエスト・トロピカルサマー
魔術礼装クエスト・ブリリアントサマー
魔術礼装クエスト・ロイヤルブランド
魔術礼装クエスト・新春の装い
魔術礼装クエスト・晴れの新年
魔術礼装クエスト・月の海の記憶
魔術礼装クエスト・月の裏側の記憶
魔術礼装クエスト・魔術協会制服
魔術礼装･アトラス院制服
魔術礼装･カルデア
魔術礼装･カルデア戦闘服
魔術礼装･極地用カルデア制服
魔術礼装･魔術協会制服
魔術解除 A
魔術鉱石
魔術鉱石の欠片
魔術鉱石の欠片[FFFF00]10[-]個入手で開放
魔術鉱石の欠片[FFFF00]12[-]個入手で開放
魔術鉱石の欠片[FFFF00]13[-]個入手で開放
魔術鉱石の欠片[FFFF00]16[-]個入手で開放
魔術鉱石の欠片[FFFF00]17[-]個入手で開放
魔術鉱石の欠片[FFFF00]18[-]個入手で開放
魔術鉱石の欠片[FFFF00]19[-]個入手で開放
魔術鉱石の欠片[FFFF00]20[-]個入手で開放
魔術鉱石の欠片[FFFF00]4[-]個入手で開放
魔術鉱石の欠片[FFFF00]7[-]個入手で開放
魔術鉱石の欠片[FFFF00]8[-]個入手で開放
魔術鉱石の欠片[FFFF00]9[-]個入手で開放
魔術鉱石の欠片[FFFF00]１０[-]個で開放
魔術鉱石の欠片[FFFF00]１２[-]個で開放
魔術鉱石の欠片[FFFF00]１３[-]個で開放
魔術鉱石の欠片[FFFF00]１６[-]個で開放
魔術鉱石の欠片[FFFF00]１７[-]個で開放
魔術鉱石の欠片[FFFF00]１８[-]個で開放
魔術鉱石の欠片[FFFF00]１９[-]個で開放
魔術鉱石の欠片[FFFF00]２０[-]個で開放
魔術鉱石の欠片[FFFF00]４[-]個で開放
魔術鉱石の欠片[FFFF00]７[-]個で開放
魔術鉱石の欠片[FFFF00]８[-]個で開放
魔術鉱石の欠片[FFFF00]９[-]個で開放
魔術髄液
魔術（元素） B+
魔角竜アラストール
魔道元帥
魔霧に覆われし都
魔霧は嘲笑う
魔セイバー
魔・沖田総司
魔剣 B++
鮫のカリスマ A
鮫の果たし状
鮫の果たし状 入手で開放
鮮血の伝承 A+
鮮血の湯浴み A
鮮血特上魔嬢
鮮血神殿
鮮血神殿 B
鮮血竜巻魔嬢
鮮血魔嬢
鮮血魔嬢系アイドル
鯉の間
鱗道
鳥越神社
鳳の間
鳳凰の羽根
鳳凰の羽根、世界樹の種、英雄の証の中から一つと交換ができます。
鳳鳴朝陽
鴨NEGI
鶏の間
鶴とココアと雛ぬいと
鶴とショコラと温もりと
鶴翼三連
鶴誓相聞歌
鷲の間
鷲の魔女の祝宴
鷹の巣の落日
鷹の目 B+
鷹の間
鷹の魔女の宴
鹿の間
麗しきは美姫の指輪
麗しきは美姫の指輪 C
麗しの姫君 A
麗しの姫君（海） A
麗しの風貌 C
麦畑
黄の死
黄家の外套
黄家の絆 B
黄巾
黄巾の庭師
黄昏に輝く EX
黄昏の儀式剣
黄昏の城 城内
黄昏の城 城門
黄昏の山地
黄昏の王聖
黄昏の開拓地
黄昏の間
黄昏の風に吹かれて
黄昏の魔竜
黄泉より出づる讐い
黄泉路の境界 C
黄色い家 A+
黄金と太陽の勝負師
黄金のリンゴ
黄金の大事業
黄金の宿命 A
黄金の月の都 EX
黄金の杯 C
黄金の果実
黄金の枷
黄金の矢 A
黄金の翼
黄金の舵
黄金の葦
黄金の豚の杯 A
黄金の軌跡
黄金の鹿号
黄金円卓回転盤
黄金律 A
黄金律 B
黄金律 C-
黄金律 E
黄金律の発露
黄金律（体） A
黄金律（体） B
黄金律（体） EX
黄金律（凶） B
黄金律（凶） B++
黄金律（富＆体） B
黄金律（美） A
黄金律（蛇＆体） B
黄金樹の系譜
黄金樹海
黄金樹海紀行 EX
黄金樹海紀行：
ナウイ・ミクトラン
黄金神殿
黄金衝撃
黄金郷
黄金郷侵攻
黄金都市
黄金都市にて
黄金釜
黄金髑髏
黄金鹿と嵐の夜
黄飛虎
黄飛虎反五関・天化莫耶宝剣
黎明
黎明の鍛冶場
黎溟琥珀
黒いジャンヌ
黒い太陽 EX
黒い戦争
黒い杉の森
黒い森
黒い海の小紙片のクエストクリアで開放
黒き信徒の令印
黒き刃
黒き勾玉
黒き命 A
黒き感情の揺らぎ
黒き最後の神
黒の兜
黒の聖杯
黒井ススム
黒刃 C+
黒姫
黒姫物語・髪流
黒川城
黒曜鋭刃
黒猫フィギュア
黒獣脂
黒竜双剋勝利剣
黒翼 A
黒聖女ファイアホイール
黒脂の暗沼
黒色の部屋の秘密 C
黒色火薬
黒鎧面頬
黒騎士くん
黒騎士の兜
黒髭惨状
黒髭紳士・謀略編
黒鴉の墓守 B
鼠の間
鼠浄土
鼠浄土の住人たち
鼬の間
龍の間
龍宮城
龍神の加護 C
龍脈
龍飛剣
			
（偽）エネミー出現度アップ
（偽）エネミー出現度ボーナス合計
（真）エネミー出現度アップ
（真）エネミー出現度ボーナス合計
－
－閉幕－
０日目 「騎士との出会いと密林の拠点」
０．トランスポーター・サンタクロース
０．マスターはルルハワの夢を見るか？（序）
０．終末惑星1999
１ins おかしなおかしなお菓子の国【Ⅰ】
１ins おかしなおかしなお菓子の国【Ⅱ】
１ins おかしなおかしなお菓子の国【Ⅲ】
１つのサークル進捗度をLv.3で開放
１ターン後にコマンドカードをどのタイプに変化させるか選択してください
１日目 「立ちはだかる必然と軽薄」
１節「紙の本を読もう」
１．マスターはルルハワの夢を見るか？
１．隈乃温泉にようこそ（前編）
１．隈乃温泉にようこそ（後編）
１／Observer on Timeless Temple
１０８人アルトリア大同人本　１
１０８人アルトリア大同人本　２
１０８人アルトリア大同人本　３
１１月の物寂しい夜の出来事 Ⅰ
１１月の物寂しい夜の出来事 Ⅱ
１３日の金曜日
２wei! 大海原と竜の国 【Ⅰ】
２wei! 大海原と竜の国 【Ⅱ】
２wei! 大海原と竜の国 【Ⅲ】
２千４百年後の約束
２日目 「サンタで殺したい本能と理性」
２節「カルデアは美味しい」
２節「カルデアは美味しい」 クリアで開放
２．クエスチョンが多すぎる
２．魔法使い殺人事件
２／Cosmos in the Lostbelt
２０３号室の演奏会
３rei!! 死せる書架の国 【Ⅰ】
３rei!! 死せる書架の国 【Ⅱ】
３rei!! 死せる書架の国 【Ⅲ】
３日目 「永遠に続く楽園と消費」
３節「さっか道」
３節「さっか道」 クリアで開放
３．同盟の逆襲（Ⅰ）　1/4
３．同盟の逆襲（Ⅰ）　2/4
３．同盟の逆襲（Ⅰ）　3/4
３．同盟の逆襲（Ⅰ）　4/4
３．温泉では治せない
４ier!!! 雪華とハチミツの国【Ⅰ】
４ier!!! 雪華とハチミツの国【Ⅱ】
４ier!!! 雪華とハチミツの国【Ⅲ】
４ier!!! 雪華とハチミツの国【Ⅳ】
４日目 「横暴なる高貴と嗜虐」
４節「姫路同人物語」
４節「姫路同人物語」 クリアで開放
４．そして誰もいなくなったッス
４．ハワトリアのひみつ（そのいち）
４．ハワトリアのひみつ（そのさん）
４．ハワトリアのひみつ（そのに）
５日目 「欺かれる野性と純真」
５節「若きワルキューレの悩み」
５．名探偵一刀両断
５．夜の森に雨の降る
６日目 「必殺技と冷たきリング」
６節「夜間紀行」
６．あなたがここにいる理由（前編）
６．あなたがここにいる理由（後編）
６．同盟の逆襲（Ⅱ）
７人の家
７日目 「黒きマスクとサンタクロース」
７節「カルデアからの手紙」
７．Brilliant Week (Ⅰ)
７．星は願いに
８．Brilliant Week (Ⅱ)
８．やがて、星は願いに
９人の酔漢（女性含む）
９．同盟の逆襲（Ⅲ）
＜条件を満たしていません＞
？？？
？？？を攻撃
？？？編
？？？編 郷愁永巡刻盤 パスト・カルデア
？？？？
Ａ
Ａ+++
Ａ’
ＢＡＲトロイア
ＢＢ
ＢＢちゃん、本領発揮するのこと
ＢＢちゃんの反省
ＢＢコスモ
ＢＢスロット
ＢＢドバイ
ＢＢプレゼンツ☆セレブサマー・
エクスペリエンス！ ～逆襲のドバイ～
ＢＢ＄札
ＢＢ＄札のドロップ獲得数アップ
ＢＦ・スーパーサマー EX
ＢＦＦロックチョコ
ＢＲＤ
Ｃ
Ｃ.Ｃ.Ｃ.
Ｃ³・パニッシュメント B+
Ｃ＋
ＤＡＹ１
ＤＡＹ２
ＤＡＹ３
ＤＡＹ４
ＤＡＹ５
ＤＡＹ６
ＤＡＹ７
Ｄ～Ｂ
Ｅ－アクアマリー
Ｅ－グランマリー
Ｅ－ステラマリー
Ｅ－フレアマリー
Ｅ－ＪＡＰＡＮ
ＦＵＫＡＹＡネギ
ＦＵＫＡＹＡネギのドロップ獲得数を1個増やす【『ぐだぐだ龍馬危機一髪！』イベント期間限定】
ＦＵＫＡＹＡネギのドロップ獲得数アップ
Ｇ.Ｇ.Ｇ.
Ｇ・Ｂ・Ｆエピローグ
Ｇ・Ｂ・Ｆプロローグ
Ｇ・Ｂ・Ｆ最終戦！
ＧＥＮＪＩの湯
ＩＩ EX
ＫＭＲ３０００－ＭＨ
Ｍ・スペクトラム 決断戦
Ｍ・スペクトラム 追憶戦α
Ｍ・スペクトラム 追憶戦β
Ｍ・スペクトラム 追憶戦γ
Ｍ・スペクトラム 追憶戦δ
Ｍ・スペクトラム 追憶戦ε
Ｍ・スペクトラム 追憶戦ζ
Ｍ・スペクトラム（中盤）
Ｍ・スペクトラム（開始）
Ｍ・ＤＲＩＶＥ EX
Ｍ５１チケット
ＭＩＳＯポテト
ＭＩＳＯポテトのドロップ獲得数を1個増やす【『ぐだぐだ龍馬危機一髪！』イベント期間限定】
ＭＩＳＯポテトのドロップ獲得数アップ
ＮＦＦから愛をこめて
ＮＦＦすぺしゃる
ＮＦＦエクストラ
ＮＦＦサービス EX
ＮＦＦスペシャル A
ＮＦＦバニー
ＮＦＦ本社ビル
ＯＲＴ
ＯＲＴの日
ＯＴＭＡ
Ｐぷりん・あ・ら・もーど
Ｐプリン・ア・ラ・モード
Ｓサンダークランチチョコスティック
Ｓ・ファンタズムーン
ＳＡＩＴＡＭＡバレー
ＳＡＭ６６
ＳＡＹＡＭＡ茶
ＳＡＹＡＭＡ茶のドロップ獲得数アップ
ＳＣＢ（スペース・チョコレート・バー）
ＳＭＧ／ＳＡＭ６６ B
ＴＡＫＡＳＵＧＩポイント
ＴＡＫＡＳＵＧＩポイント100,000以上で開放
ＴＡＫＡＳＵＧＩポイント100,000以上＆3月19日18時以降に開放
ＴＡＫＡＳＵＧＩポイント180,000以上で開放
ＴＡＫＡＳＵＧＩポイント180,000以上＆3月20日18時以降に開放
ＴＡＫＡＳＵＧＩポイント280,000以上で開放
ＴＡＫＡＳＵＧＩポイント280,000以上＆3月21日18時以降に開放
ＴＡＫＡＳＵＧＩポイント40,000以上で開放
ＴＡＫＡＳＵＧＩポイント40,000以上＆3月18日18時以降に開放
ＴＡＫＡＳＵＧＩポイント405,000以上で開放
ＴＡＫＡＳＵＧＩポイント405,000以上＆3月22日18時以降に開放
ＴＡＫＡＳＵＧＩポイント555,000以上で開放
ＴＡＫＡＳＵＧＩポイント555,000以上＆3月23日18時以降に開放
ＴＡＫＡＳＵＧＩポイント獲得量アップ
ＴＹＰＥ Ｉ系エネミー追加出現率アップ
Ｕピース〔地〕
Ｕピース〔水〕
Ｕピース〔火〕
Ｕピース〔風〕
Ｕメダル
Ｕ－オルガマリー
Ｕ－オルガマリー体験クエスト
Ｕ－セントラルタワー
ＵＤＫ団員募集中
ＵＤＫ－バーゲスト
ＶＲ新陰流 B+
ＶＲ新陰流奥義・巴淵太陽剣
ＶＶＶ A
ＶＶＶスティック
Ｗマッスルバーガー
Ｗマッスルバーガーのドロップ獲得数アップ
Ｗ・Ｆ・Ｄ
ＷＡＲＡＪＩカツ丼
ＷＡＲＡＪＩカツ丼のドロップ獲得数アップ
Ｘの座
Ｘオルタの家
Ｘ／廃棄孔アンドロマリウス
ＸＸＸＸ．謎のヒロインズ
ＺＥＲＹフライ
ＺＥＲＹフライのドロップ獲得数アップ
～カルデア～
～セイレム～
～ベスト・オブ・トリスタン～
